00:00:16 [info] [intervention] {"stage":"output","at":1790352016652,"runId":"dbba850c4bdd6ef3","sessionId":"b5094fe8d78e452f","assistantId":"e6efcd9f308e74aa","textChars":7,"reviewSkipped":false}
00:00:18 [log] [sess-diag] engineFetch GET /experimental/session?roots=true&limit=2000 -> HTTP 200 elapsed=34ms responseBytes=38752 engineUrl= http://127.0.0.1:60734 engineId= (default)
00:00:18 [log] [sess-diag] loadEngineSessions: 原始条数 = 18
00:00:18 [log] [sess-diag] loadEngineSessions: reconcile 后 convos = 18 order = 18
00:00:18 [log] [sess-diag] loadEngineSessions: 耗时(ms) fetch = 123 repoRoots = 52 build+reconcile = 2 set = 1 total = 178
00:00:19 [info] [intervention] {"stage":"closed","at":1790352019641,"requestId":"f223dd5d1a9f0e26","origin":"b5094fe8d78e452f","runId":"dbba850c4bdd6ef3","sessionId":"b5094fe8d78e452f","userId":"3e62f559599eaa26","elapsedMs":507288,"textChars":19,"reviewId":"mimo-intv-mimo_pc_input_text-e6d3562a5f0f4f0b856e75cc65d98a65"}
00:00:19 [info] [intervention] {"stage":"closed","at":1790352019642,"requestId":"f2de985072501a0d","origin":"b5094fe8d78e452f","runId":"dbba850c4bdd6ef3","sessionId":"b5094fe8d78e452f","userId":"28f50fc0423e8d96","elapsedMs":334508,"textChars":41,"reviewId":"mimo-intv-mimo_pc_input_text-f29ef6321fa34d1ca6a43b946acf23a8"}
00:00:19 [info] [turn-power-save] released sysId=1 last=run:ses_REDACTED
00:00:19 [log] [sess-diag] engineFetch GET /session/ses_REDACTED/task -> HTTP 200 elapsed=65ms responseBytes=2346 engineUrl= http://127.0.0.1:60734 engineId= mimocode
00:00:19 [log] [sess-diag] engineFetch GET /session/ses_REDACTED/recovery -> HTTP 200 elapsed=99ms responseBytes=2 engineUrl= http://127.0.0.1:60734 engineId= mimocode
00:00:19 [log] [sess-diag] engineFetch GET /session/ses_REDACTED -> HTTP 200 elapsed=100ms responseBytes=29556 engineUrl= http://127.0.0.1:60734 engineId= mimocode
00:00:19 [info] [content-review] app=mimo_pc_output_text source=conversation why=flush batch=c62df16ca6e48764 api=/api/audit/check len=211 images=0 sha=57ff10c71f4c session=ses_REDACTED elapsed=205ms verdict=pass reviewId=mimo-mimo_pc_output_text-dd1942aac5a0439fa4b38d9d6a80ddd2 detail=[serverVerdict=pass resultCode=1 subCode=9 aigc=- hints=0 detailsLen=0 resp=[passed=pass resultCode=1 reviewId=mimo-mimo_pc_output_text-dd1942aac5a0439fa4b38d9d6a80ddd2 offlineReason= offlineDetails=[0 chars] hint=[0 items] subCode=9 aigc=null]]
00:00:19 [info] [content-review] app=mimo_pc_output_text source=conversation why=flush batch=2344762296d97419 api=/api/audit/check len=39 images=0 sha=31b1c4e198e9 session=ses_REDACTED elapsed=141ms verdict=pass reviewId=mimo-mimo_pc_output_text-089f4e8fc3af45d396dd676aecb4aa90 detail=[serverVerdict=pass resultCode=1 subCode=9 aigc=- hints=0 detailsLen=0 resp=[passed=pass resultCode=1 reviewId=mimo-mimo_pc_output_text-089f4e8fc3af45d396dd676aecb4aa90 offlineReason= offlineDetails=[0 chars] hint=[0 items] subCode=9 aigc=null]]
00:00:20 [info] [content-review] app=mimo_pc_output_text source=conversation why=flush batch=2daddb0ac7bc3732 api=/api/audit/check len=22 images=0 sha=df0e897c3675 session=ses_REDACTED elapsed=121ms verdict=pass reviewId=mimo-mimo_pc_output_text-24b843ddf59b4aeb94d83300513e58be detail=[serverVerdict=pass resultCode=1 subCode=9 aigc=- hints=0 detailsLen=0 resp=[passed=pass resultCode=1 reviewId=mimo-mimo_pc_output_text-24b843ddf59b4aeb94d83300513e58be offlineReason= offlineDetails=[0 chars] hint=[0 items] subCode=9 aigc=null]]
00:00:20 [info] [content-review] app=mimo_pc_output_text source=conversation why=flush batch=4fdfe794d7af1c15 api=/api/audit/check len=9 images=0 sha=8bd5e8bd685e session=ses_REDACTED elapsed=138ms verdict=pass reviewId=mimo-mimo_pc_output_text-41f4503c958d42d8a3a96f2023b8ea97 detail=[serverVerdict=pass resultCode=1 subCode=9 aigc=- hints=0 detailsLen=0 resp=[passed=pass resultCode=1 reviewId=mimo-mimo_pc_output_text-41f4503c958d42d8a3a96f2023b8ea97 offlineReason= offlineDetails=[0 chars] hint=[0 items] subCode=9 aigc=null]]
00:00:20 [info] [content-review] app=mimo_pc_output_text source=conversation why=flush batch=52758a831e1fbed8 api=/api/audit/check len=117 images=0 sha=a38e1a6d84b1 session=ses_REDACTED elapsed=157ms verdict=pass reviewId=mimo-mimo_pc_output_text-3c7590dc524449cca2e11a2bf85f3095 detail=[serverVerdict=pass resultCode=1 subCode=9 aigc=- hints=0 detailsLen=0 resp=[passed=pass resultCode=1 reviewId=mimo-mimo_pc_output_text-3c7590dc524449cca2e11a2bf85f3095 offlineReason= offlineDetails=[0 chars] hint=[0 items] subCode=9 aigc=null]]
00:00:20 [info] [content-review] app=mimo_pc_output_text source=conversation why=flush batch=7429b65f6a54810a api=/api/audit/check len=190 images=0 sha=202ab1132bc6 session=ses_REDACTED elapsed=169ms verdict=pass reviewId=mimo-mimo_pc_output_text-674d257d6b6c4bf0adb5b1396ef6bbbc detail=[serverVerdict=pass resultCode=1 subCode=9 aigc=- hints=0 detailsLen=0 resp=[passed=pass resultCode=1 reviewId=mimo-mimo_pc_output_text-674d257d6b6c4bf0adb5b1396ef6bbbc offlineReason= offlineDetails=[0 chars] hint=[0 items] subCode=9 aigc=null]]
00:00:48 [log] [sess-diag] engineFetch GET /experimental/session?roots=true&limit=2000 -> HTTP 200 elapsed=39ms responseBytes=38752 engineUrl= http://127.0.0.1:60734 engineId= (default)
00:00:48 [log] [sess-diag] loadEngineSessions: 原始条数 = 18
00:00:48 [log] [sess-diag] loadEngineSessions: reconcile 后 convos = 18 order = 18
00:00:48 [log] [sess-diag] loadEngineSessions: 耗时(ms) fetch = 44 repoRoots = 2 build+reconcile = 5 set = 1 total = 52
00:01:09 [log] [sess-diag] engineFetch GET /experimental/session?roots=true&limit=2000 -> HTTP 200 elapsed=61ms responseBytes=38752 engineUrl= http://127.0.0.1:60734 engineId= (default)
00:01:09 [log] [sess-diag] loadEngineSessions: 原始条数 = 18
00:01:09 [log] [sess-diag] loadEngineSessions: reconcile 后 convos = 18 order = 18
00:01:09 [log] [sess-diag] loadEngineSessions: 耗时(ms) fetch = 63 repoRoots = 1 build+reconcile = 2 set = 1 total = 67
00:01:18 [log] [sess-diag] engineFetch GET /experimental/session?roots=true&limit=2000 -> HTTP 200 elapsed=9ms responseBytes=38752 engineUrl= http://127.0.0.1:60734 engineId= (default)
00:01:18 [log] [sess-diag] loadEngineSessions: 原始条数 = 18
00:01:18 [log] [sess-diag] loadEngineSessions: reconcile 后 convos = 18 order = 18
00:01:18 [log] [sess-diag] loadEngineSessions: 耗时(ms) fetch = 11 repoRoots = 1 build+reconcile = 2 set = 1 total = 14
00:01:35 [info] [intervention] {"stage":"query","at":1790352095303,"requestId":"9fc0950667efcb2d","origin":"b5094fe8d78e452f","elapsedMs":81,"textChars":21,"queryChars":21,"truncated":false,"result":"miss","reviewId":"mimo-intv-mimo_pc_input_text-abc3c970079b47eb916e89ecb69ad57e"}
00:01:35 [info] [content-review] app=mimo_pc_input_text source=input why=oneshot batch=c8f046e678520d39 api=/api/audit/check len=21 images=0 sha=e0c0e089d58f session=ses_REDACTED elapsed=155ms verdict=pass reviewId=mimo-mimo_pc_input_text-be03724a8bf44da18f18e9bfd0068f33 detail=[serverVerdict=pass resultCode=1 subCode=9 aigc=- hints=0 detailsLen=0 resp=[passed=pass resultCode=1 reviewId=mimo-mimo_pc_input_text-be03724a8bf44da18f18e9bfd0068f33 offlineReason= offlineDetails=[0 chars] hint=[0 items] subCode=9 aigc=null]]
00:01:35 [info] [intervention] {"stage":"prepared","at":1790352095460,"requestId":"9fc0950667efcb2d","origin":"b5094fe8d78e452f","elapsedMs":238,"textChars":21,"result":"ready","reviewId":"mimo-intv-mimo_pc_input_text-abc3c970079b47eb916e89ecb69ad57e"}
00:01:35 [info] [intervention] {"stage":"claim","at":1790352095474,"requestId":"9fc0950667efcb2d","origin":"b5094fe8d78e452f","sessionId":"b5094fe8d78e452f","elapsedMs":252,"textChars":21,"reviewId":"mimo-intv-mimo_pc_input_text-abc3c970079b47eb916e89ecb69ad57e"}
00:01:35 [info] [smart-router] {"origin":"ses_REDACTED","model":"mimo-pro"}
00:01:35 [info] [harness] session origin=ses_REDACTED sid=ses_REDACTED source=user msgLen=21
00:01:35 [info] [turn-power-save] acquired sysId=2 mode=prevent-app-suspension first=run:ses_REDACTED
00:01:35 [info] [intervention] {"stage":"dispatch","at":1790352095574,"requestId":"9fc0950667efcb2d","origin":"b5094fe8d78e452f","runId":"6d364ac0569c34ca","sessionId":"b5094fe8d78e452f","elapsedMs":352,"textChars":21,"reviewId":"mimo-intv-mimo_pc_input_text-abc3c970079b47eb916e89ecb69ad57e"}
00:01:35 [info] [intervention] {"stage":"user-bound","at":1790352095672,"requestId":"9fc0950667efcb2d","origin":"b5094fe8d78e452f","runId":"6d364ac0569c34ca","sessionId":"b5094fe8d78e452f","userId":"82eaa3dfd9509dc1","elapsedMs":450,"textChars":21,"reviewId":"mimo-intv-mimo_pc_input_text-abc3c970079b47eb916e89ecb69ad57e"}
00:01:35 [info] [intervention] {"stage":"model.start","at":1790352095960,"requestId":"9fc0950667efcb2d","origin":"b5094fe8d78e452f","runId":"6d364ac0569c34ca","sessionId":"b5094fe8d78e452f","userId":"82eaa3dfd9509dc1","assistantId":"abab5d2b6f7c0ae7","ephemeral":false,"hasScope":true,"route":"upstream"}
00:01:35 [info] [intervention] {"stage":"fetch.start","at":1790352095983,"requestId":"9fc0950667efcb2d","origin":"b5094fe8d78e452f","runId":"6d364ac0569c34ca","sessionId":"b5094fe8d78e452f","userId":"82eaa3dfd9509dc1","assistantId":"abab5d2b6f7c0ae7","ephemeral":false,"hasScope":true,"protocol":"chat-completions","route":"upstream"}
00:01:46 [info] [intervention] {"stage":"fetch.response","at":1790352106813,"requestId":"9fc0950667efcb2d","origin":"b5094fe8d78e452f","runId":"6d364ac0569c34ca","sessionId":"b5094fe8d78e452f","userId":"82eaa3dfd9509dc1","assistantId":"abab5d2b6f7c0ae7","elapsedMs":10830,"status":200,"ephemeral":false,"hasScope":true,"protocol":"chat-completions","route":"upstream"}
00:01:48 [info] [content-review/turn-binding] note-no-slot key=ses_REDACTED anchor=msg:msg_g001a0d94cfa0c001s032jBpu5
00:01:48 [info] [intervention] {"stage":"output","at":1790352108084,"runId":"6d364ac0569c34ca","sessionId":"b5094fe8d78e452f","assistantId":"abab5d2b6f7c0ae7","textChars":3,"reviewSkipped":false}
00:01:48 [log] [sess-diag] engineFetch GET /experimental/session?roots=true&limit=2000 -> HTTP 200 elapsed=17ms responseBytes=38752 engineUrl= http://127.0.0.1:60734 engineId= (default)
00:01:48 [log] [sess-diag] loadEngineSessions: 原始条数 = 18
00:01:48 [log] [sess-diag] loadEngineSessions: reconcile 后 convos = 18 order = 18
00:01:48 [log] [sess-diag] loadEngineSessions: 耗时(ms) fetch = 81 repoRoots = 46 build+reconcile = 3 set = 1 total = 131
00:01:51 [info] [intervention] {"stage":"model.start","at":1790352111145,"requestId":"9fc0950667efcb2d","origin":"b5094fe8d78e452f","runId":"6d364ac0569c34ca","sessionId":"b5094fe8d78e452f","userId":"82eaa3dfd9509dc1","assistantId":"2a73ef22f3b37ba8","ephemeral":false,"hasScope":true,"route":"upstream"}
00:01:51 [info] [intervention] {"stage":"fetch.start","at":1790352111168,"requestId":"9fc0950667efcb2d","origin":"b5094fe8d78e452f","runId":"6d364ac0569c34ca","sessionId":"b5094fe8d78e452f","userId":"82eaa3dfd9509dc1","assistantId":"2a73ef22f3b37ba8","ephemeral":false,"hasScope":true,"protocol":"chat-completions","route":"upstream"}
00:01:59 [info] [intervention] {"stage":"fetch.response","at":1790352119506,"requestId":"9fc0950667efcb2d","origin":"b5094fe8d78e452f","runId":"6d364ac0569c34ca","sessionId":"b5094fe8d78e452f","userId":"82eaa3dfd9509dc1","assistantId":"2a73ef22f3b37ba8","elapsedMs":8338,"status":200,"ephemeral":false,"hasScope":true,"protocol":"chat-completions","route":"upstream"}
00:01:59 [info] [intervention] {"stage":"output","at":1790352119822,"runId":"6d364ac0569c34ca","sessionId":"b5094fe8d78e452f","assistantId":"2a73ef22f3b37ba8","textChars":3,"reviewSkipped":false}
00:02:01 [info] [intervention] {"stage":"closed","at":1790352121783,"requestId":"9fc0950667efcb2d","origin":"b5094fe8d78e452f","runId":"6d364ac0569c34ca","sessionId":"b5094fe8d78e452f","userId":"82eaa3dfd9509dc1","elapsedMs":26561,"textChars":21,"reviewId":"mimo-intv-mimo_pc_input_text-abc3c970079b47eb916e89ecb69ad57e"}
00:02:01 [info] [turn-power-save] released sysId=2 last=run:ses_REDACTED
00:02:01 [log] [sess-diag] engineFetch GET /session/ses_REDACTED/task -> HTTP 200 elapsed=46ms responseBytes=2346 engineUrl= http://127.0.0.1:60734 engineId= mimocode
00:02:01 [log] [sess-diag] engineFetch GET /session/ses_REDACTED -> HTTP 200 elapsed=76ms responseBytes=29556 engineUrl= http://127.0.0.1:60734 engineId= mimocode
00:02:01 [log] [sess-diag] engineFetch GET /session/ses_REDACTED/recovery -> HTTP 200 elapsed=114ms responseBytes=2 engineUrl= http://127.0.0.1:60734 engineId= mimocode
00:02:01 [info] [content-review] app=mimo_pc_output_text source=conversation why=flush batch=6bf13fd68dfcad23 api=/api/audit/check len=75 images=0 sha=c5595624d96b session=ses_REDACTED elapsed=182ms verdict=pass reviewId=mimo-mimo_pc_output_text-fe3b33cddb8a4069b5fa83024b7c8aba detail=[serverVerdict=pass resultCode=1 subCode=9 aigc=- hints=0 detailsLen=0 resp=[passed=pass resultCode=1 reviewId=mimo-mimo_pc_output_text-fe3b33cddb8a4069b5fa83024b7c8aba offlineReason= offlineDetails=[0 chars] hint=[0 items] subCode=9 aigc=null]]
00:02:02 [info] [content-review] app=mimo_pc_output_text source=conversation why=flush batch=7ba6b0f1212add7a api=/api/audit/check len=103 images=0 sha=22511ac2e796 session=ses_REDACTED elapsed=200ms verdict=pass reviewId=mimo-mimo_pc_output_text-7edeb37565354cec818a505c0057aa32 detail=[serverVerdict=pass resultCode=1 subCode=9 aigc=- hints=0 detailsLen=0 resp=[passed=pass resultCode=1 reviewId=mimo-mimo_pc_output_text-7edeb37565354cec818a505c0057aa32 offlineReason= offlineDetails=[0 chars] hint=[0 items] subCode=9 aigc=null]]
00:02:18 [log] [sess-diag] engineFetch GET /experimental/session?roots=true&limit=2000 -> HTTP 200 elapsed=36ms responseBytes=38752 engineUrl= http://127.0.0.1:60734 engineId= (default)
00:02:18 [log] [sess-diag] loadEngineSessions: 原始条数 = 18
00:02:18 [log] [sess-diag] loadEngineSessions: reconcile 后 convos = 18 order = 18
00:02:18 [log] [sess-diag] loadEngineSessions: 耗时(ms) fetch = 40 repoRoots = 3 build+reconcile = 5 set = 2 total = 49
00:02:24 [info] [exit-app] quit via tray menu
00:02:24 [info] [exit-app] before-quit
00:02:24 [info] [window] window closed
00:02:24 [info] [exit-app] window-all-closed platform=win32 appQuitting=true willQuit=false
00:02:33 [info] [boot] MiMo Desktop version=26.923.232338 platform=win32 arch=arm64 os=Windows_NT/10.0.26200 sysver=10.0.26200 mem=7.7GB(free 3.0GB) edition=domestic packaged=true theme=system e2e=false authBypass=false logs=C:\Users\xiaomi\AppData\Roaming\Xiaomi MiMo\logs
00:02:34 [info] [terminal-env] snapshot source: win-registry
00:02:34 [info] [runtimes] injected env: MIMO_NODE,MIMO_PYTHON,MIMO_QPDF,MIMO_GITHUB_MCP_SERVER,MIMO_NODE_MODULES,MIMO_RIPGREP_PATH,MIMO_ELECTRON_NODE_HOST,PYTHONDONTWRITEBYTECODE
00:02:34 [log] [api-base] cached-region reader injected after settle -> ignored
00:02:34 [log] [api-base] system-country reader injected after settle -> ignored
00:02:34 [info] [user-auth] init ok requiresCnAccount=true cachedRegion=CN localeCountry=CN
00:02:34 [warn] [libreoffice-runtime] setup not-configured key=win32-arm64 (manifest 缺项或未发布;静默降级)
00:02:34 [info] [on-demand-assets] setup ready descriptors=soundfont(1f),query-classifier(4f) not-configured=none
00:02:34 [info] [engine] reloadConfigOnNextSession (plugin change)
00:02:34 [error] [plugins] registry corrupt/unreadable at startup seed; closing automation HostMcp gate
00:02:34 [info] [engine] reloadConfigOnNextSession (plugin change)
00:02:34 [info] [plugins] setup ok count=0
00:02:34 [info] [apm] region=CN source=cache
00:02:34 [log] [evolve-observatory] evolve observatory server listening on 127.0.0.1:54299
00:02:34 [log] [mimo][api] listening on 127.0.0.1:54300
00:02:34 [info] [boot] app ready in 990.179931640625ms
00:02:34 [error] [plugins] registry corrupt/unreadable at readiness settle; keeping automation HostMcp gate closed
00:02:34 [info] [engine] reloadConfigOnNextSession (plugin change)
00:02:34 [info] [presentation-host] started socket=C:\Users\xiaomi\AppData\Roaming\Xiaomi MiMo\presentation-host\6efe6a07be18.sock
00:02:34 [info] [application] activated (main window created)
00:02:34 [info] [tray] enabled=true
00:02:34 [info] [updater] setup begin
00:02:34 [info] [updater] setup platform=win32 packaged=true version=26.923.232338 e2e=false
00:02:34 [info] [updater/win] transaction reconcile kind=none
00:02:34 [info] [updater/win] auto-updater path feed=https://mimocode-cdn.xiaomimimo.com/mimocode/mimodesktop/manifest.json
00:02:34 [info] [engine] prewarm startEngine
00:02:34 [info] [plugins] automation background startup settled {"elapsedMs":725}
00:02:36 [info] [db] prewarm ok in 1866ms
00:02:36 [info] [artifacts] reconciliation starting
00:02:36 [log] [xiaomi-auth] probeStatus start (hidden-window path)
00:02:36 [info] [engine] HostMcp runtime available=true
00:02:36 [info] [engine] reloadConfigOnNextSession (plugin change)
00:02:37 [warn] [query-classification] warmup-unavailable {"code":"inference-failed"}
00:02:39 [log] [DeviceId] generated:
00:02:41 [log] [mimo] engine in-process server ready http://127.0.0.1:61954
00:02:41 [info] [engine] prewarm ok
00:02:41 [info] [mimo] loop_streak_recovery=on · experimental crop enabled for next requests
00:02:41 [info] [libreoffice-runtime] prefetch skipped (not-configured)
00:02:41 [info] [on-demand-assets] prefetch start queue=[soundfont,query-classifier]
00:02:41 [info] [on-demand-assets] soundfont cache-hit (1 files);skip download
00:02:41 [info] [on-demand-assets] query-classifier cache-hit (4 files);skip download
00:02:41 [log] [model-catalog] xiaomi login not confirmed -> skip fetch, keep cache
00:02:41 [info] Checking for update
00:02:41 [log] [xiaomi-auth] probeStatus done kind=authenticated userId=REDACTED
00:02:42 [info] [experiment] initializing app=mimoDesktop(新加坡) env=ksmoscloudsrv service=<sdk-default>
00:02:42 [info] [config] loading from: https://cdn-exp-sg-recommend.pt.xiaomi.com/service/getClientBitMapExpConf/mimoDesktop(%E6%96%B0%E5%8A%A0%E5%9D%A1)
00:02:42 [info] [user-auth] initialize done xiaomi-logged-in=true
00:02:42 [info] Update for version 26.923.232338 is not available (latest version: 26.923.232338, downgrade is disallowed).
00:02:43 [info] [config] loaded tree for mimoDesktop(新加坡): children=2, upRuleIds=0
00:02:43 [info] [config] remote config loaded: 1 apps
00:02:43 [info] [config] loaded successfully: 1 apps
00:02:43 [info] [experiment] key=feature_gates id=101197 type=string value={\n    "domestic": { "show_mcp_entry": false, "show_custom_model_button": true, "loop_streak_recovery": true, "show_evolve_entry": true,"show_computeruse": false, "show_browseruse": false, "show_pay": … elapsed=1028ms
00:02:43 [info] [feature-gates] refresh: ok (elapsed=1058ms)
00:02:43 [error] (node:9904) [DEP0180] DeprecationWarning: fs.Stats constructor is deprecated.\n(Use `Xiaomi MiMo --trace-deprecation ...` to show where the warning was created)
00:02:44 [log] [sess-diag] engineFetch GET /experimental/session?roots=true&limit=2000 -> HTTP 200 elapsed=2856ms responseBytes=38752 engineUrl= http://127.0.0.1:61954 engineId= (default)
00:02:44 [log] [sess-diag] loadEngineSessions: 原始条数 = 18
00:02:44 [log] [sess-diag] loadEngineSessions: reconcile 后 convos = 18 order = 18
00:02:44 [log] [sess-diag] loadEngineSessions: 耗时(ms) fetch = 2881 repoRoots = 14 build+reconcile = 6 set = 1 total = 2903
00:02:44 [info] [artifacts] reconciliation started
00:02:50 [info] [boot] MiMo Desktop version=26.923.232338 platform=win32 arch=x64 os=Windows_NT/10.0.26200 sysver=10.0.26200 mem=7.7GB(free 2.9GB) edition=domestic packaged=true theme=system e2e=false authBypass=false logs=C:\Users\xiaomi\AppData\Roaming\Xiaomi MiMo\logs
00:02:51 [info] [terminal-env] snapshot source: win-registry
00:02:51 [info] [runtimes] injected env: MIMO_NODE,MIMO_NPM,MIMO_PYTHON,MIMO_QPDF,MIMO_GITHUB_MCP_SERVER,MIMO_NODE_MODULES,MIMO_RIPGREP_PATH,MIMO_ELECTRON_NODE_HOST,PYTHONDONTWRITEBYTECODE
00:02:51 [log] [api-base] cached-region reader injected after settle -> ignored
00:02:51 [log] [api-base] system-country reader injected after settle -> ignored
00:02:51 [info] [user-auth] init ok requiresCnAccount=true cachedRegion=CN localeCountry=CN
00:02:51 [info] [libreoffice-runtime] setup ready key=win32-x64 version=25.8.7 archive=160665171 bytes
00:02:51 [info] [on-demand-assets] setup ready descriptors=soundfont(1f),query-classifier(4f) not-configured=none
00:02:51 [info] [engine] reloadConfigOnNextSession (plugin change)
00:02:51 [error] [plugins] registry corrupt/unreadable at startup seed; closing automation HostMcp gate
00:02:51 [info] [engine] reloadConfigOnNextSession (plugin change)
00:02:51 [info] [plugins] setup ok count=0
00:02:51 [info] [apm] region=CN source=cache
00:02:51 [log] [evolve-observatory] evolve observatory server listening on 127.0.0.1:63356
00:02:51 [log] [mimo][api] listening on 127.0.0.1:63357
00:02:51 [info] [boot] app ready in 2253.2099609375ms
00:02:51 [error] [plugins] registry corrupt/unreadable at readiness settle; keeping automation HostMcp gate closed
00:02:51 [info] [engine] reloadConfigOnNextSession (plugin change)
00:02:51 [info] [presentation-host] started socket=C:\Users\xiaomi\AppData\Roaming\Xiaomi MiMo\presentation-host\2388cfde0559.sock
00:02:51 [info] [application] activated (main window created)
00:02:51 [info] [tray] enabled=true
00:02:51 [info] [updater] setup begin
00:02:51 [info] [updater] setup platform=win32 packaged=true version=26.923.232338 e2e=false
00:02:51 [info] [updater/win] transaction reconcile kind=none
00:02:51 [info] [updater/win] auto-updater path feed=https://mimocode-cdn.xiaomimimo.com/mimocode/mimodesktop/manifest.json
00:02:51 [info] [engine] prewarm startEngine
00:02:52 [info] [plugins] automation background startup settled {"elapsedMs":1134}
00:02:55 [info] [db] prewarm ok in 3658ms
00:02:55 [info] [artifacts] reconciliation starting
00:02:55 [log] [xiaomi-auth] probeStatus start (hidden-window path)
00:02:56 [info] [engine] HostMcp runtime available=true
00:02:56 [info] [engine] reloadConfigOnNextSession (plugin change)
00:03:05 [info] [boot] MiMo Desktop version=26.923.232338 platform=win32 arch=x64 os=Windows_NT/10.0.26200 sysver=10.0.26200 mem=7.7GB(free 2.9GB) edition=domestic packaged=true theme=system e2e=false authBypass=false logs=C:\Users\xiaomi\AppData\Roaming\Xiaomi MiMo\logs
00:03:05 [info] [terminal-env] snapshot source: win-registry
00:03:05 [info] [runtimes] injected env: MIMO_NODE,MIMO_NPM,MIMO_PYTHON,MIMO_QPDF,MIMO_GITHUB_MCP_SERVER,MIMO_NODE_MODULES,MIMO_RIPGREP_PATH,MIMO_ELECTRON_NODE_HOST,PYTHONDONTWRITEBYTECODE
00:03:05 [log] [api-base] cached-region reader injected after settle -> ignored
00:03:05 [log] [api-base] system-country reader injected after settle -> ignored
00:03:05 [info] [user-auth] init ok requiresCnAccount=true cachedRegion=CN localeCountry=CN
00:03:05 [info] [libreoffice-runtime] setup ready key=win32-x64 version=25.8.7 archive=160665171 bytes
00:03:05 [info] [on-demand-assets] setup ready descriptors=soundfont(1f),query-classifier(4f) not-configured=none
00:03:05 [info] [engine] reloadConfigOnNextSession (plugin change)
00:03:05 [error] [plugins] registry corrupt/unreadable at startup seed; closing automation HostMcp gate
00:03:05 [info] [engine] reloadConfigOnNextSession (plugin change)
00:03:05 [info] [plugins] setup ok count=0
00:03:05 [info] [apm] region=CN source=cache
00:03:05 [log] [evolve-observatory] evolve observatory server listening on 127.0.0.1:63358
00:03:05 [log] [mimo][api] listening on 127.0.0.1:63359
00:03:05 [info] [boot] app ready in 2142.89892578125ms
00:03:05 [error] [plugins] registry corrupt/unreadable at readiness settle; keeping automation HostMcp gate closed
00:03:05 [info] [engine] reloadConfigOnNextSession (plugin change)
00:03:05 [info] [presentation-host] started socket=C:\Users\xiaomi\AppData\Roaming\Xiaomi MiMo\presentation-host\8bbca591d815.sock
00:03:06 [info] [application] activated (main window created)
00:03:06 [info] [tray] enabled=true
00:03:06 [info] [updater] setup begin
00:03:06 [info] [updater] setup platform=win32 packaged=true version=26.923.232338 e2e=false
00:03:06 [info] [updater/win] transaction reconcile kind=none
00:03:06 [info] [updater/win] auto-updater path feed=https://mimocode-cdn.xiaomimimo.com/mimocode/mimodesktop/manifest.json
00:03:06 [info] [engine] prewarm startEngine
00:03:06 [info] [plugins] automation background startup settled {"elapsedMs":1121}
00:03:09 [info] [db] prewarm ok in 3741ms
00:03:09 [info] [artifacts] reconciliation starting
00:03:10 [log] [xiaomi-auth] probeStatus start (hidden-window path)
00:03:11 [info] [engine] HostMcp runtime available=true
00:03:11 [info] [engine] reloadConfigOnNextSession (plugin change)
00:03:16 [log] [DeviceId] generated:
00:03:16 [info] [query-classification] ready
00:03:18 [info] [boot] MiMo Desktop version=26.923.232338 platform=win32 arch=arm64 os=Windows_NT/10.0.26200 sysver=10.0.26200 mem=7.7GB(free 3.0GB) edition=domestic packaged=true theme=system e2e=false authBypass=false logs=C:\Users\xiaomi\AppData\Roaming\Xiaomi MiMo\logs
00:03:18 [info] [terminal-env] snapshot source: win-registry
00:03:18 [info] [runtimes] injected env: MIMO_NODE,MIMO_PYTHON,MIMO_QPDF,MIMO_GITHUB_MCP_SERVER,MIMO_NODE_MODULES,MIMO_RIPGREP_PATH,MIMO_ELECTRON_NODE_HOST,PYTHONDONTWRITEBYTECODE
00:03:18 [log] [api-base] cached-region reader injected after settle -> ignored
00:03:18 [log] [api-base] system-country reader injected after settle -> ignored
00:03:18 [info] [user-auth] init ok requiresCnAccount=true cachedRegion=CN localeCountry=CN
00:03:18 [warn] [libreoffice-runtime] setup not-configured key=win32-arm64 (manifest 缺项或未发布;静默降级)
00:03:18 [info] [on-demand-assets] setup ready descriptors=soundfont(1f),query-classifier(4f) not-configured=none
00:03:18 [info] [engine] reloadConfigOnNextSession (plugin change)
00:03:18 [error] [plugins] registry corrupt/unreadable at startup seed; closing automation HostMcp gate
00:03:18 [info] [engine] reloadConfigOnNextSession (plugin change)
00:03:18 [info] [plugins] setup ok count=0
00:03:18 [info] [apm] region=CN source=cache
00:03:19 [log] [evolve-observatory] evolve observatory server listening on 127.0.0.1:62378
00:03:19 [log] [mimo][api] listening on 127.0.0.1:62379
00:03:19 [info] [boot] app ready in 902.458984375ms
00:03:19 [error] [plugins] registry corrupt/unreadable at readiness settle; keeping automation HostMcp gate closed
00:03:19 [info] [engine] reloadConfigOnNextSession (plugin change)
00:03:19 [info] [presentation-host] started socket=C:\Users\xiaomi\AppData\Roaming\Xiaomi MiMo\presentation-host\58bca3aebf55.sock
00:03:19 [info] [application] activated (main window created)
00:03:19 [info] [tray] enabled=true
00:03:19 [info] [updater] setup begin
00:03:19 [info] [updater] setup platform=win32 packaged=true version=26.923.232338 e2e=false
00:03:19 [info] [updater/win] transaction reconcile kind=none
00:03:19 [info] [updater/win] auto-updater path feed=https://mimocode-cdn.xiaomimimo.com/mimocode/mimodesktop/manifest.json
00:03:19 [info] [engine] prewarm startEngine
00:03:19 [info] [plugins] automation background startup settled {"elapsedMs":669}
00:03:20 [info] [db] prewarm ok in 1828ms
00:03:20 [info] [artifacts] reconciliation starting
00:03:20 [log] [xiaomi-auth] probeStatus start (hidden-window path)
00:03:23 [log] [DeviceId] generated:
00:03:23 [info] [engine] HostMcp runtime available=true
00:03:23 [info] [engine] reloadConfigOnNextSession (plugin change)
00:03:24 [warn] [query-classification] warmup-unavailable {"code":"inference-failed"}
00:03:26 [log] [mimo] engine in-process server ready http://127.0.0.1:63327
00:03:26 [info] [engine] prewarm ok
00:03:26 [info] [mimo] loop_streak_recovery=on · experimental crop enabled for next requests
00:03:26 [info] Checking for update
00:03:26 [info] [artifacts] reconciliation started
00:03:26 [info] [libreoffice-runtime] prefetch skipped (not-configured)
00:03:26 [info] [on-demand-assets] prefetch start queue=[soundfont,query-classifier]
00:03:26 [info] [on-demand-assets] soundfont cache-hit (1 files);skip download
00:03:26 [info] [on-demand-assets] query-classifier cache-hit (4 files);skip download
00:03:27 [log] [model-catalog] xiaomi login not confirmed -> skip fetch, keep cache
00:03:27 [log] [xiaomi-auth] probeStatus done kind=authenticated userId=REDACTED
00:03:28 [info] [experiment] initializing app=mimoDesktop(新加坡) env=ksmoscloudsrv service=<sdk-default>
00:03:28 [info] [config] loading from: https://cdn-exp-sg-recommend.pt.xiaomi.com/service/getClientBitMapExpConf/mimoDesktop(%E6%96%B0%E5%8A%A0%E5%9D%A1)
00:03:28 [info] [user-auth] initialize done xiaomi-logged-in=true
00:03:28 [info] Update for version 26.923.232338 is not available (latest version: 26.923.232338, downgrade is disallowed).
00:03:29 [info] [config] loaded tree for mimoDesktop(新加坡): children=2, upRuleIds=0
00:03:29 [info] [config] remote config loaded: 1 apps
00:03:29 [info] [config] loaded successfully: 1 apps
00:03:29 [info] [experiment] key=feature_gates id=101197 type=string value={\n    "domestic": { "show_mcp_entry": false, "show_custom_model_button": true, "loop_streak_recovery": true, "show_evolve_entry": true,"show_computeruse": false, "show_browseruse": false, "show_pay": … elapsed=1358ms
00:03:29 [info] [feature-gates] refresh: ok (elapsed=1366ms)
00:03:29 [error] (node:9052) [DEP0180] DeprecationWarning: fs.Stats constructor is deprecated.\n(Use `Xiaomi MiMo --trace-deprecation ...` to show where the warning was created)
00:03:29 [log] [sess-diag] engineFetch GET /experimental/session?roots=true&limit=2000 -> HTTP 200 elapsed=3387ms responseBytes=38752 engineUrl= http://127.0.0.1:63327 engineId= (default)
00:03:29 [log] [sess-diag] loadEngineSessions: 原始条数 = 18
00:03:29 [log] [sess-diag] loadEngineSessions: reconcile 后 convos = 18 order = 18
00:03:29 [log] [sess-diag] loadEngineSessions: 耗时(ms) fetch = 3421 repoRoots = 7 build+reconcile = 6 set = 2 total = 3436
00:03:35 [info] [boot] MiMo Desktop version=26.923.232338 platform=win32 arch=arm64 os=Windows_NT/10.0.26200 sysver=10.0.26200 mem=7.7GB(free 3.0GB) edition=domestic packaged=true theme=system e2e=false authBypass=false logs=C:\Users\xiaomi\AppData\Roaming\Xiaomi MiMo\logs
00:03:35 [info] [terminal-env] snapshot source: win-registry
00:03:35 [info] [runtimes] injected env: MIMO_NODE,MIMO_PYTHON,MIMO_QPDF,MIMO_GITHUB_MCP_SERVER,MIMO_NODE_MODULES,MIMO_RIPGREP_PATH,MIMO_ELECTRON_NODE_HOST,PYTHONDONTWRITEBYTECODE
00:03:35 [log] [api-base] cached-region reader injected after settle -> ignored
00:03:35 [log] [api-base] system-country reader injected after settle -> ignored
00:03:35 [info] [user-auth] init ok requiresCnAccount=true cachedRegion=CN localeCountry=CN
00:03:35 [warn] [libreoffice-runtime] setup not-configured key=win32-arm64 (manifest 缺项或未发布;静默降级)
00:03:35 [info] [on-demand-assets] setup ready descriptors=soundfont(1f),query-classifier(4f) not-configured=none
00:03:35 [info] [engine] reloadConfigOnNextSession (plugin change)
00:03:35 [error] [plugins] registry corrupt/unreadable at startup seed; closing automation HostMcp gate
00:03:35 [info] [engine] reloadConfigOnNextSession (plugin change)
00:03:35 [info] [plugins] setup ok count=0
00:03:35 [info] [apm] region=CN source=cache
00:03:35 [log] [evolve-observatory] evolve observatory server listening on 127.0.0.1:52305
00:03:35 [log] [mimo][api] listening on 127.0.0.1:52306
00:03:35 [info] [boot] app ready in 966.40087890625ms
00:03:35 [error] [plugins] registry corrupt/unreadable at readiness settle; keeping automation HostMcp gate closed
00:03:35 [info] [engine] reloadConfigOnNextSession (plugin change)
00:03:35 [info] [presentation-host] started socket=C:\Users\xiaomi\AppData\Roaming\Xiaomi MiMo\presentation-host\04004106b97b.sock
00:03:36 [info] [application] activated (main window created)
00:03:36 [info] [tray] enabled=true
00:03:36 [info] [updater] setup begin
00:03:36 [info] [updater] setup platform=win32 packaged=true version=26.923.232338 e2e=false
00:03:36 [info] [updater/win] transaction reconcile kind=none
00:03:36 [info] [updater/win] auto-updater path feed=https://mimocode-cdn.xiaomimimo.com/mimocode/mimodesktop/manifest.json
00:03:36 [info] [engine] prewarm startEngine
00:03:36 [info] [plugins] automation background startup settled {"elapsedMs":721}
00:03:37 [info] [db] prewarm ok in 1838ms
00:03:37 [info] [artifacts] reconciliation starting
00:03:37 [log] [xiaomi-auth] probeStatus start (hidden-window path)
00:03:39 [log] [DeviceId] generated:
00:03:39 [info] [engine] HostMcp runtime available=true
00:03:39 [info] [engine] reloadConfigOnNextSession (plugin change)
00:03:40 [warn] [query-classification] warmup-unavailable {"code":"inference-failed"}
00:03:42 [log] [mimo] engine in-process server ready http://127.0.0.1:52211
00:03:42 [info] [engine] prewarm ok
00:03:42 [info] [mimo] loop_streak_recovery=on · experimental crop enabled for next requests
00:03:42 [info] [artifacts] reconciliation started
00:03:43 [info] [libreoffice-runtime] prefetch skipped (not-configured)
00:03:43 [info] [on-demand-assets] prefetch start queue=[soundfont,query-classifier]
00:03:43 [info] [on-demand-assets] soundfont cache-hit (1 files);skip download
00:03:43 [info] [on-demand-assets] query-classifier cache-hit (4 files);skip download
00:03:43 [log] [model-catalog] xiaomi login not confirmed -> skip fetch, keep cache
00:03:43 [info] Checking for update
00:03:43 [log] [xiaomi-auth] probeStatus done kind=authenticated userId=REDACTED
00:03:44 [info] [experiment] initializing app=mimoDesktop(新加坡) env=ksmoscloudsrv service=<sdk-default>
00:03:44 [info] [config] loading from: https://cdn-exp-sg-recommend.pt.xiaomi.com/service/getClientBitMapExpConf/mimoDesktop(%E6%96%B0%E5%8A%A0%E5%9D%A1)
00:03:44 [info] [user-auth] initialize done xiaomi-logged-in=true
00:03:44 [info] [config] loaded tree for mimoDesktop(新加坡): children=2, upRuleIds=0
00:03:44 [info] [config] remote config loaded: 1 apps
00:03:44 [info] [config] loaded successfully: 1 apps
00:03:44 [info] [experiment] key=feature_gates id=101197 type=string value={\n    "domestic": { "show_mcp_entry": false, "show_custom_model_button": true, "loop_streak_recovery": true, "show_evolve_entry": true,"show_computeruse": false, "show_browseruse": false, "show_pay": … elapsed=239ms
00:03:44 [info] [feature-gates] refresh: ok (elapsed=249ms)
00:03:45 [error] (node:6856) [DEP0180] DeprecationWarning: fs.Stats constructor is deprecated.\n(Use `Xiaomi MiMo --trace-deprecation ...` to show where the warning was created)
00:03:45 [log] [sess-diag] engineFetch GET /experimental/session?roots=true&limit=2000 -> HTTP 200 elapsed=3274ms responseBytes=38752 engineUrl= http://127.0.0.1:52211 engineId= (default)
00:03:45 [log] [sess-diag] loadEngineSessions: 原始条数 = 18
00:03:45 [info] Update for version 26.923.232338 is not available (latest version: 26.923.232338, downgrade is disallowed).
00:03:45 [log] [sess-diag] loadEngineSessions: reconcile 后 convos = 18 order = 18
00:03:45 [log] [sess-diag] loadEngineSessions: 耗时(ms) fetch = 3298 repoRoots = 14 build+reconcile = 6 set = 1 total = 3318
00:03:52 [info] [boot] MiMo Desktop version=26.923.232338 platform=win32 arch=x64 os=Windows_NT/10.0.26200 sysver=10.0.26200 mem=7.7GB(free 2.9GB) edition=domestic packaged=true theme=system e2e=false authBypass=false logs=C:\Users\xiaomi\AppData\Roaming\Xiaomi MiMo\logs
00:03:52 [info] [terminal-env] snapshot source: win-registry
00:03:52 [info] [runtimes] injected env: MIMO_NODE,MIMO_NPM,MIMO_PYTHON,MIMO_QPDF,MIMO_GITHUB_MCP_SERVER,MIMO_NODE_MODULES,MIMO_RIPGREP_PATH,MIMO_ELECTRON_NODE_HOST,PYTHONDONTWRITEBYTECODE
00:03:52 [log] [api-base] cached-region reader injected after settle -> ignored
00:03:52 [log] [api-base] system-country reader injected after settle -> ignored
00:03:52 [info] [user-auth] init ok requiresCnAccount=true cachedRegion=CN localeCountry=CN
00:03:52 [info] [libreoffice-runtime] setup ready key=win32-x64 version=25.8.7 archive=160665171 bytes
00:03:52 [info] [on-demand-assets] setup ready descriptors=soundfont(1f),query-classifier(4f) not-configured=none
00:03:52 [info] [engine] reloadConfigOnNextSession (plugin change)
00:03:52 [error] [plugins] registry corrupt/unreadable at startup seed; closing automation HostMcp gate
00:03:52 [info] [engine] reloadConfigOnNextSession (plugin change)
00:03:52 [info] [plugins] setup ok count=0
00:03:52 [info] [apm] region=CN source=cache
00:03:52 [log] [evolve-observatory] evolve observatory server listening on 127.0.0.1:59194
00:03:52 [log] [mimo][api] listening on 127.0.0.1:59195
00:03:52 [info] [boot] app ready in 2063.178955078125ms
00:03:52 [error] [plugins] registry corrupt/unreadable at readiness settle; keeping automation HostMcp gate closed
00:03:52 [info] [engine] reloadConfigOnNextSession (plugin change)
00:03:52 [info] [presentation-host] started socket=C:\Users\xiaomi\AppData\Roaming\Xiaomi MiMo\presentation-host\1902cf1065c7.sock
00:03:53 [info] [application] activated (main window created)
00:03:53 [info] [tray] enabled=true
00:03:53 [info] [updater] setup begin
00:03:53 [info] [updater] setup platform=win32 packaged=true version=26.923.232338 e2e=false
00:03:53 [info] [updater/win] transaction reconcile kind=none
00:03:53 [info] [updater/win] auto-updater path feed=https://mimocode-cdn.xiaomimimo.com/mimocode/mimodesktop/manifest.json
00:03:53 [info] [engine] prewarm startEngine
00:03:53 [info] [plugins] automation background startup settled {"elapsedMs":1115}
00:03:56 [info] [db] prewarm ok in 3674ms
00:03:56 [info] [artifacts] reconciliation starting
00:03:56 [log] [xiaomi-auth] probeStatus start (hidden-window path)
00:03:57 [info] [engine] HostMcp runtime available=true
00:03:57 [info] [engine] reloadConfigOnNextSession (plugin change)
00:04:03 [log] [DeviceId] generated:
00:04:51 [info] [boot] MiMo Desktop version=26.923.232338 platform=win32 arch=arm64 os=Windows_NT/10.0.26200 sysver=10.0.26200 mem=7.7GB(free 3.0GB) edition=domestic packaged=true theme=system e2e=false authBypass=false logs=C:\Users\xiaomi\AppData\Roaming\Xiaomi MiMo\logs
00:04:51 [info] [terminal-env] snapshot source: win-registry
00:04:51 [info] [runtimes] injected env: MIMO_NODE,MIMO_PYTHON,MIMO_QPDF,MIMO_GITHUB_MCP_SERVER,MIMO_NODE_MODULES,MIMO_RIPGREP_PATH,MIMO_ELECTRON_NODE_HOST,PYTHONDONTWRITEBYTECODE
00:04:51 [log] [api-base] cached-region reader injected after settle -> ignored
00:04:51 [log] [api-base] system-country reader injected after settle -> ignored
00:04:51 [info] [user-auth] init ok requiresCnAccount=true cachedRegion=CN localeCountry=CN
00:04:51 [warn] [libreoffice-runtime] setup not-configured key=win32-arm64 (manifest 缺项或未发布;静默降级)
00:04:51 [info] [on-demand-assets] setup ready descriptors=soundfont(1f),query-classifier(4f) not-configured=none
00:04:51 [info] [engine] reloadConfigOnNextSession (plugin change)
00:04:51 [error] [plugins] registry corrupt/unreadable at startup seed; closing automation HostMcp gate
00:04:51 [info] [engine] reloadConfigOnNextSession (plugin change)
00:04:51 [info] [plugins] setup ok count=0
00:04:51 [info] [apm] region=CN source=cache
00:04:51 [log] [evolve-observatory] evolve observatory server listening on 127.0.0.1:62991
00:04:51 [log] [mimo][api] listening on 127.0.0.1:62992
00:04:51 [info] [boot] app ready in 890.55908203125ms
00:04:51 [error] [plugins] registry corrupt/unreadable at readiness settle; keeping automation HostMcp gate closed
00:04:51 [info] [engine] reloadConfigOnNextSession (plugin change)
00:04:51 [info] [presentation-host] started socket=C:\Users\xiaomi\AppData\Roaming\Xiaomi MiMo\presentation-host\fa27082eeb08.sock
00:04:51 [info] [application] activated (main window created)
00:04:51 [info] [tray] enabled=true
00:04:51 [info] [updater] setup begin
00:04:51 [info] [updater] setup platform=win32 packaged=true version=26.923.232338 e2e=false
00:04:51 [info] [updater/win] transaction reconcile kind=none
00:04:51 [info] [updater/win] auto-updater path feed=https://mimocode-cdn.xiaomimimo.com/mimocode/mimodesktop/manifest.json
00:04:51 [info] [engine] prewarm startEngine
00:04:52 [info] [plugins] automation background startup settled {"elapsedMs":756}
00:04:53 [info] [db] prewarm ok in 1902ms
00:04:53 [info] [artifacts] reconciliation starting
00:04:53 [log] [xiaomi-auth] probeStatus start (hidden-window path)
00:04:55 [log] [DeviceId] generated:
00:04:57 [info] [engine] HostMcp runtime available=true
00:04:57 [info] [engine] reloadConfigOnNextSession (plugin change)
00:04:58 [warn] [query-classification] warmup-unavailable {"code":"inference-failed"}
00:05:00 [info] Checking for update
00:05:00 [log] [mimo] engine in-process server ready http://127.0.0.1:59111
00:05:00 [info] [engine] prewarm ok
00:05:00 [info] [mimo] loop_streak_recovery=on · experimental crop enabled for next requests
00:05:00 [info] [libreoffice-runtime] prefetch skipped (not-configured)
00:05:00 [info] [on-demand-assets] prefetch start queue=[soundfont,query-classifier]
00:05:00 [info] [on-demand-assets] soundfont cache-hit (1 files);skip download
00:05:00 [info] [on-demand-assets] query-classifier cache-hit (4 files);skip download
00:05:01 [log] [model-catalog] xiaomi login not confirmed -> skip fetch, keep cache
00:05:01 [info] Update for version 26.923.232338 is not available (latest version: 26.923.232338, downgrade is disallowed).
00:05:01 [info] [artifacts] reconciliation started
00:05:01 [log] [xiaomi-auth] probeStatus done kind=authenticated userId=REDACTED
00:05:02 [info] [experiment] initializing app=mimoDesktop(新加坡) env=ksmoscloudsrv service=<sdk-default>
00:05:02 [info] [config] loading from: https://cdn-exp-sg-recommend.pt.xiaomi.com/service/getClientBitMapExpConf/mimoDesktop(%E6%96%B0%E5%8A%A0%E5%9D%A1)
00:05:02 [info] [user-auth] initialize done xiaomi-logged-in=true
00:05:04 [info] [config] loaded tree for mimoDesktop(新加坡): children=2, upRuleIds=0
00:05:04 [info] [config] remote config loaded: 1 apps
00:05:04 [info] [config] loaded successfully: 1 apps
00:05:04 [info] [experiment] key=feature_gates id=101197 type=string value={\n    "domestic": { "show_mcp_entry": false, "show_custom_model_button": true, "loop_streak_recovery": true, "show_evolve_entry": true,"show_computeruse": false, "show_browseruse": false, "show_pay": … elapsed=1815ms
00:05:04 [info] [feature-gates] refresh: ok (elapsed=1840ms)
00:05:04 [error] (node:6484) [DEP0180] DeprecationWarning: fs.Stats constructor is deprecated.\n(Use `Xiaomi MiMo --trace-deprecation ...` to show where the warning was created)
00:05:04 [log] [sess-diag] engineFetch GET /experimental/session?roots=true&limit=2000 -> HTTP 200 elapsed=3817ms responseBytes=38752 engineUrl= http://127.0.0.1:59111 engineId= (default)
00:05:04 [log] [sess-diag] loadEngineSessions: 原始条数 = 18
00:05:04 [log] [sess-diag] loadEngineSessions: reconcile 后 convos = 18 order = 18
00:05:04 [log] [sess-diag] loadEngineSessions: 耗时(ms) fetch = 3842 repoRoots = 16 build+reconcile = 6 set = 2 total = 3866
00:05:31 [log] [sess-diag] engineFetch GET /experimental/session?roots=true&limit=2000 -> HTTP 200 elapsed=26ms responseBytes=38752 engineUrl= http://127.0.0.1:59111 engineId= (default)
00:05:31 [log] [sess-diag] loadEngineSessions: 原始条数 = 18
00:05:31 [log] [sess-diag] loadEngineSessions: reconcile 后 convos = 18 order = 18
00:05:31 [log] [sess-diag] loadEngineSessions: 耗时(ms) fetch = 31 repoRoots = 62 build+reconcile = 3 set = 1 total = 96
00:06:01 [log] [sess-diag] engineFetch GET /experimental/session?roots=true&limit=2000 -> HTTP 200 elapsed=32ms responseBytes=38752 engineUrl= http://127.0.0.1:59111 engineId= (default)
00:06:01 [log] [sess-diag] loadEngineSessions: 原始条数 = 18
00:06:01 [log] [sess-diag] loadEngineSessions: reconcile 后 convos = 18 order = 18
00:06:01 [log] [sess-diag] loadEngineSessions: 耗时(ms) fetch = 37 repoRoots = 2 build+reconcile = 5 set = 1 total = 44
00:06:31 [log] [sess-diag] engineFetch GET /experimental/session?roots=true&limit=2000 -> HTTP 200 elapsed=24ms responseBytes=38752 engineUrl= http://127.0.0.1:59111 engineId= (default)
00:06:31 [log] [sess-diag] loadEngineSessions: 原始条数 = 18
00:06:31 [log] [sess-diag] loadEngineSessions: reconcile 后 convos = 18 order = 18
00:06:31 [log] [sess-diag] loadEngineSessions: 耗时(ms) fetch = 28 repoRoots = 2 build+reconcile = 4 set = 1 total = 36
00:06:49 [log] [sess-diag] engineFetch GET /session/ses_REDACTED/task -> HTTP 200 elapsed=323ms responseBytes=2346 engineUrl= http://127.0.0.1:59111 engineId= (default)
00:06:50 [log] [sess-diag] engineFetch GET /session/ses_REDACTED/recovery -> HTTP 200 elapsed=128ms responseBytes=2 engineUrl= http://127.0.0.1:59111 engineId= (default)
00:06:50 [log] [sess-diag] engineFetch GET /session/ses_REDACTED/message -> HTTP 200 elapsed=84ms responseBytes=4527371 engineUrl= http://127.0.0.1:59111 engineId= (default)
00:06:51 [log] [sess-diag] engineFetch GET /session/ses_REDACTED/actors -> HTTP 200 elapsed=204ms responseBytes=579 engineUrl= http://127.0.0.1:59111 engineId= (default)
00:07:01 [log] [sess-diag] engineFetch GET /experimental/session?roots=true&limit=2000 -> HTTP 200 elapsed=49ms responseBytes=38752 engineUrl= http://127.0.0.1:59111 engineId= (default)
00:07:01 [log] [sess-diag] loadEngineSessions: 原始条数 = 18
00:07:01 [log] [sess-diag] loadEngineSessions: reconcile 后 convos = 18 order = 18
00:07:01 [log] [sess-diag] loadEngineSessions: 耗时(ms) fetch = 52 repoRoots = 2 build+reconcile = 5 set = 1 total = 61
00:07:31 [log] [sess-diag] engineFetch GET /experimental/session?roots=true&limit=2000 -> HTTP 200 elapsed=46ms responseBytes=38752 engineUrl= http://127.0.0.1:59111 engineId= (default)
00:07:31 [log] [sess-diag] loadEngineSessions: 原始条数 = 18
00:07:31 [log] [sess-diag] loadEngineSessions: reconcile 后 convos = 18 order = 18
00:07:31 [log] [sess-diag] loadEngineSessions: 耗时(ms) fetch = 50 repoRoots = 2 build+reconcile = 4 set = 1 total = 58
00:08:01 [log] [sess-diag] engineFetch GET /experimental/session?roots=true&limit=2000 -> HTTP 200 elapsed=38ms responseBytes=38752 engineUrl= http://127.0.0.1:59111 engineId= (default)
00:08:01 [log] [sess-diag] loadEngineSessions: 原始条数 = 18
00:08:01 [log] [sess-diag] loadEngineSessions: reconcile 后 convos = 18 order = 18
00:08:01 [log] [sess-diag] loadEngineSessions: 耗时(ms) fetch = 42 repoRoots = 2 build+reconcile = 4 set = 1 total = 49
00:08:31 [log] [sess-diag] engineFetch GET /experimental/session?roots=true&limit=2000 -> HTTP 200 elapsed=38ms responseBytes=38752 engineUrl= http://127.0.0.1:59111 engineId= (default)
00:08:31 [log] [sess-diag] loadEngineSessions: 原始条数 = 18
00:08:31 [log] [sess-diag] loadEngineSessions: reconcile 后 convos = 18 order = 18
00:08:31 [log] [sess-diag] loadEngineSessions: 耗时(ms) fetch = 40 repoRoots = 2 build+reconcile = 2 set = 1 total = 45
00:09:01 [log] [sess-diag] engineFetch GET /experimental/session?roots=true&limit=2000 -> HTTP 200 elapsed=25ms responseBytes=38752 engineUrl= http://127.0.0.1:59111 engineId= (default)
00:09:01 [log] [sess-diag] loadEngineSessions: 原始条数 = 18
00:09:01 [log] [sess-diag] loadEngineSessions: reconcile 后 convos = 18 order = 18
00:09:01 [log] [sess-diag] loadEngineSessions: 耗时(ms) fetch = 29 repoRoots = 3 build+reconcile = 5 set = 1 total = 38
00:09:31 [log] [sess-diag] engineFetch GET /experimental/session?roots=true&limit=2000 -> HTTP 200 elapsed=31ms responseBytes=38752 engineUrl= http://127.0.0.1:59111 engineId= (default)
00:09:31 [log] [sess-diag] loadEngineSessions: 原始条数 = 18
00:09:31 [log] [sess-diag] loadEngineSessions: reconcile 后 convos = 18 order = 18
00:09:31 [log] [sess-diag] loadEngineSessions: 耗时(ms) fetch = 35 repoRoots = 3 build+reconcile = 4 set = 1 total = 43
00:10:01 [log] [sess-diag] engineFetch GET /experimental/session?roots=true&limit=2000 -> HTTP 200 elapsed=38ms responseBytes=38752 engineUrl= http://127.0.0.1:59111 engineId= (default)
00:10:01 [log] [sess-diag] loadEngineSessions: 原始条数 = 18
00:10:01 [log] [sess-diag] loadEngineSessions: reconcile 后 convos = 18 order = 18
00:10:01 [log] [sess-diag] loadEngineSessions: 耗时(ms) fetch = 43 repoRoots = 3 build+reconcile = 4 set = 1 total = 51
00:10:31 [log] [sess-diag] engineFetch GET /experimental/session?roots=true&limit=2000 -> HTTP 200 elapsed=78ms responseBytes=38752 engineUrl= http://127.0.0.1:59111 engineId= (default)
00:10:31 [log] [sess-diag] loadEngineSessions: 原始条数 = 18
00:10:31 [log] [sess-diag] loadEngineSessions: reconcile 后 convos = 18 order = 18
00:10:31 [log] [sess-diag] loadEngineSessions: 耗时(ms) fetch = 177 repoRoots = 2 build+reconcile = 2 set = 1 total = 181
00:11:01 [log] [sess-diag] engineFetch GET /experimental/session?roots=true&limit=2000 -> HTTP 200 elapsed=24ms responseBytes=38752 engineUrl= http://127.0.0.1:59111 engineId= (default)
00:11:01 [log] [sess-diag] loadEngineSessions: 原始条数 = 18
00:11:01 [log] [sess-diag] loadEngineSessions: reconcile 后 convos = 18 order = 18
00:11:01 [log] [sess-diag] loadEngineSessions: 耗时(ms) fetch = 28 repoRoots = 44 build+reconcile = 3 set = 1 total = 75
00:11:31 [log] [sess-diag] engineFetch GET /experimental/session?roots=true&limit=2000 -> HTTP 200 elapsed=12ms responseBytes=38752 engineUrl= http://127.0.0.1:59111 engineId= (default)
00:11:31 [log] [sess-diag] loadEngineSessions: 原始条数 = 18
00:11:31 [log] [sess-diag] loadEngineSessions: reconcile 后 convos = 18 order = 18
00:11:31 [log] [sess-diag] loadEngineSessions: 耗时(ms) fetch = 14 repoRoots = 2 build+reconcile = 3 set = 1 total = 20
00:12:01 [log] [sess-diag] engineFetch GET /experimental/session?roots=true&limit=2000 -> HTTP 200 elapsed=22ms responseBytes=38752 engineUrl= http://127.0.0.1:59111 engineId= (default)
00:12:01 [log] [sess-diag] loadEngineSessions: 原始条数 = 18
00:12:01 [log] [sess-diag] loadEngineSessions: reconcile 后 convos = 18 order = 18
00:12:01 [log] [sess-diag] loadEngineSessions: 耗时(ms) fetch = 27 repoRoots = 2 build+reconcile = 4 set = 1 total = 34
00:12:31 [log] [sess-diag] engineFetch GET /experimental/session?roots=true&limit=2000 -> HTTP 200 elapsed=20ms responseBytes=38752 engineUrl= http://127.0.0.1:59111 engineId= (default)
00:12:31 [log] [sess-diag] loadEngineSessions: 原始条数 = 18
00:12:31 [log] [sess-diag] loadEngineSessions: reconcile 后 convos = 18 order = 18
00:12:31 [log] [sess-diag] loadEngineSessions: 耗时(ms) fetch = 24 repoRoots = 2 build+reconcile = 4 set = 1 total = 31
00:12:38 [info] [intervention] {"stage":"query","at":1790352758208,"requestId":"e00f2e8cda3652f7","origin":"b5094fe8d78e452f","elapsedMs":132,"textChars":101,"queryChars":101,"truncated":false,"result":"miss","reviewId":"mimo-intv-mimo_pc_input_text-599018120cb643a9a59041f7ae1110ee"}
00:12:38 [info] [content-review] app=mimo_pc_input_text source=input why=oneshot batch=7c791fdd05261e94 api=/api/audit/check len=101 images=0 sha=1dc89ca5594e session=ses_REDACTED elapsed=168ms verdict=pass reviewId=mimo-mimo_pc_input_text-d6e1d6b09cbe444ea531e5eefd2731af detail=[serverVerdict=pass resultCode=1 subCode=9 aigc=- hints=0 detailsLen=0 resp=[passed=pass resultCode=1 reviewId=mimo-mimo_pc_input_text-d6e1d6b09cbe444ea531e5eefd2731af offlineReason= offlineDetails=[0 chars] hint=[0 items] subCode=9 aigc=null]]
00:12:38 [info] [intervention] {"stage":"prepared","at":1790352758378,"requestId":"e00f2e8cda3652f7","origin":"b5094fe8d78e452f","elapsedMs":302,"textChars":101,"result":"ready","reviewId":"mimo-intv-mimo_pc_input_text-599018120cb643a9a59041f7ae1110ee"}
00:12:38 [info] [intervention] {"stage":"claim","at":1790352758398,"requestId":"e00f2e8cda3652f7","origin":"b5094fe8d78e452f","sessionId":"b5094fe8d78e452f","elapsedMs":322,"textChars":101,"reviewId":"mimo-intv-mimo_pc_input_text-599018120cb643a9a59041f7ae1110ee"}
00:12:38 [info] [smart-router] {"origin":"ses_REDACTED","model":"mimo-pro"}
00:12:38 [log] [sess-diag] engineFetch GET /session/ses_REDACTED/task -> HTTP 200 elapsed=40ms responseBytes=2346 engineUrl= http://127.0.0.1:59111 engineId= mimocode
00:12:38 [info] [harness] session origin=ses_REDACTED sid=ses_REDACTED source=user msgLen=101
00:12:38 [info] [turn-power-save] acquired sysId=0 mode=prevent-app-suspension first=run:ses_REDACTED
00:12:38 [info] [intervention] {"stage":"dispatch","at":1790352758890,"requestId":"e00f2e8cda3652f7","origin":"b5094fe8d78e452f","runId":"1ef5cb723608d1fa","sessionId":"b5094fe8d78e452f","elapsedMs":814,"textChars":101,"reviewId":"mimo-intv-mimo_pc_input_text-599018120cb643a9a59041f7ae1110ee"}
00:12:39 [info] [intervention] {"stage":"user-bound","at":1790352759000,"requestId":"e00f2e8cda3652f7","origin":"b5094fe8d78e452f","runId":"1ef5cb723608d1fa","sessionId":"b5094fe8d78e452f","userId":"c379ffe60f7139cb","elapsedMs":924,"textChars":101,"reviewId":"mimo-intv-mimo_pc_input_text-599018120cb643a9a59041f7ae1110ee"}
00:12:39 [info] [intervention] {"stage":"model.start","at":1790352759552,"requestId":"e00f2e8cda3652f7","origin":"b5094fe8d78e452f","runId":"1ef5cb723608d1fa","sessionId":"b5094fe8d78e452f","userId":"c379ffe60f7139cb","assistantId":"1c991a195bb6dad0","ephemeral":false,"hasScope":true,"route":"upstream"}
00:12:39 [info] [intervention] {"stage":"fetch.start","at":1790352759577,"requestId":"e00f2e8cda3652f7","origin":"b5094fe8d78e452f","runId":"1ef5cb723608d1fa","sessionId":"b5094fe8d78e452f","userId":"c379ffe60f7139cb","assistantId":"1c991a195bb6dad0","ephemeral":false,"hasScope":true,"protocol":"chat-completions","route":"upstream"}
00:12:44 [info] [intervention] {"stage":"fetch.response","at":1790352764127,"requestId":"e00f2e8cda3652f7","origin":"b5094fe8d78e452f","runId":"1ef5cb723608d1fa","sessionId":"b5094fe8d78e452f","userId":"c379ffe60f7139cb","assistantId":"1c991a195bb6dad0","elapsedMs":4550,"status":200,"ephemeral":false,"hasScope":true,"protocol":"chat-completions","route":"upstream"}
00:12:47 [info] [content-review/turn-binding] note-no-slot key=ses_REDACTED anchor=msg:msg_g001a0d9571a29001zyeVe9dJC
00:12:47 [info] [intervention] {"stage":"output","at":1790352767838,"runId":"1ef5cb723608d1fa","sessionId":"b5094fe8d78e452f","assistantId":"1c991a195bb6dad0","textChars":4,"reviewSkipped":false}
00:12:50 [log] [perm-autopass] allow permission=bash
00:12:52 [info] [intervention] {"stage":"model.start","at":1790352772844,"requestId":"e00f2e8cda3652f7","origin":"b5094fe8d78e452f","runId":"1ef5cb723608d1fa","sessionId":"b5094fe8d78e452f","userId":"c379ffe60f7139cb","assistantId":"8bae1c60fc354e56","ephemeral":false,"hasScope":true,"route":"upstream"}
00:12:52 [info] [intervention] {"stage":"fetch.start","at":1790352772867,"requestId":"e00f2e8cda3652f7","origin":"b5094fe8d78e452f","runId":"1ef5cb723608d1fa","sessionId":"b5094fe8d78e452f","userId":"c379ffe60f7139cb","assistantId":"8bae1c60fc354e56","ephemeral":false,"hasScope":true,"protocol":"chat-completions","route":"upstream"}
00:13:01 [log] [sess-diag] engineFetch GET /experimental/session?roots=true&limit=2000 -> HTTP 200 elapsed=17ms responseBytes=38752 engineUrl= http://127.0.0.1:59111 engineId= (default)
00:13:01 [log] [sess-diag] loadEngineSessions: 原始条数 = 18
00:13:01 [log] [sess-diag] loadEngineSessions: reconcile 后 convos = 18 order = 18
00:13:01 [log] [sess-diag] loadEngineSessions: 耗时(ms) fetch = 21 repoRoots = 2 build+reconcile = 4 set = 1 total = 28
00:13:05 [info] [intervention] {"stage":"fetch.response","at":1790352785934,"requestId":"e00f2e8cda3652f7","origin":"b5094fe8d78e452f","runId":"1ef5cb723608d1fa","sessionId":"b5094fe8d78e452f","userId":"c379ffe60f7139cb","assistantId":"8bae1c60fc354e56","elapsedMs":13067,"status":200,"ephemeral":false,"hasScope":true,"protocol":"chat-completions","route":"upstream"}
00:13:31 [log] [sess-diag] engineFetch GET /experimental/session?roots=true&limit=2000 -> HTTP 200 elapsed=17ms responseBytes=38752 engineUrl= http://127.0.0.1:59111 engineId= (default)
00:13:31 [log] [sess-diag] loadEngineSessions: 原始条数 = 18
00:13:31 [log] [sess-diag] loadEngineSessions: reconcile 后 convos = 18 order = 18
00:13:31 [log] [sess-diag] loadEngineSessions: 耗时(ms) fetch = 21 repoRoots = 2 build+reconcile = 5 set = 1 total = 28
00:13:40 [info] [intervention] {"stage":"output","at":1790352820034,"runId":"1ef5cb723608d1fa","sessionId":"b5094fe8d78e452f","assistantId":"8bae1c60fc354e56","textChars":3,"reviewSkipped":false}
00:14:01 [log] [sess-diag] engineFetch GET /experimental/session?roots=true&limit=2000 -> HTTP 200 elapsed=18ms responseBytes=38752 engineUrl= http://127.0.0.1:59111 engineId= (default)
00:14:01 [log] [sess-diag] loadEngineSessions: 原始条数 = 18
00:14:01 [log] [sess-diag] loadEngineSessions: reconcile 后 convos = 18 order = 18
00:14:01 [log] [sess-diag] loadEngineSessions: 耗时(ms) fetch = 21 repoRoots = 2 build+reconcile = 3 set = 1 total = 27
00:14:29 [log] [perm-autopass] allow permission=external_directory
00:14:30 [info] [intervention] {"stage":"model.start","at":1790352870231,"requestId":"e00f2e8cda3652f7","origin":"b5094fe8d78e452f","runId":"1ef5cb723608d1fa","sessionId":"b5094fe8d78e452f","userId":"c379ffe60f7139cb","assistantId":"6d24d5165da9eb73","ephemeral":false,"hasScope":true,"route":"upstream"}
00:14:30 [info] [intervention] {"stage":"fetch.start","at":1790352870256,"requestId":"e00f2e8cda3652f7","origin":"b5094fe8d78e452f","runId":"1ef5cb723608d1fa","sessionId":"b5094fe8d78e452f","userId":"c379ffe60f7139cb","assistantId":"6d24d5165da9eb73","ephemeral":false,"hasScope":true,"protocol":"chat-completions","route":"upstream"}
00:14:31 [log] [sess-diag] engineFetch GET /experimental/session?roots=true&limit=2000 -> HTTP 200 elapsed=17ms responseBytes=38752 engineUrl= http://127.0.0.1:59111 engineId= (default)
00:14:31 [log] [sess-diag] loadEngineSessions: 原始条数 = 18
00:14:31 [log] [sess-diag] loadEngineSessions: reconcile 后 convos = 18 order = 18
00:14:31 [log] [sess-diag] loadEngineSessions: 耗时(ms) fetch = 27 repoRoots = 2 build+reconcile = 4 set = 1 total = 34
00:14:42 [info] [intervention] {"stage":"fetch.response","at":1790352882089,"requestId":"e00f2e8cda3652f7","origin":"b5094fe8d78e452f","runId":"1ef5cb723608d1fa","sessionId":"b5094fe8d78e452f","userId":"c379ffe60f7139cb","assistantId":"6d24d5165da9eb73","elapsedMs":11833,"status":200,"ephemeral":false,"hasScope":true,"protocol":"chat-completions","route":"upstream"}
00:14:42 [info] [intervention] {"stage":"output","at":1790352882414,"runId":"1ef5cb723608d1fa","sessionId":"b5094fe8d78e452f","assistantId":"6d24d5165da9eb73","textChars":1,"reviewSkipped":false}
00:14:44 [log] [perm-autopass] allow permission=bash
00:14:46 [info] [intervention] {"stage":"model.start","at":1790352886066,"requestId":"e00f2e8cda3652f7","origin":"b5094fe8d78e452f","runId":"1ef5cb723608d1fa","sessionId":"b5094fe8d78e452f","userId":"c379ffe60f7139cb","assistantId":"d59788fb5730604e","ephemeral":false,"hasScope":true,"route":"upstream"}
00:14:46 [info] [intervention] {"stage":"fetch.start","at":1790352886089,"requestId":"e00f2e8cda3652f7","origin":"b5094fe8d78e452f","runId":"1ef5cb723608d1fa","sessionId":"b5094fe8d78e452f","userId":"c379ffe60f7139cb","assistantId":"d59788fb5730604e","ephemeral":false,"hasScope":true,"protocol":"chat-completions","route":"upstream"}
00:14:51 [info] [experiment] key=feature_gates id=101197 type=string value={\n    "domestic": { "show_mcp_entry": false, "show_custom_model_button": true, "loop_streak_recovery": true, "show_evolve_entry": true,"show_computeruse": false, "show_browseruse": false, "show_pay": … elapsed=1ms
00:14:51 [info] [feature-gates] refresh: ok (elapsed=33ms)
00:14:52 [info] [intervention] {"stage":"fetch.response","at":1790352892056,"requestId":"e00f2e8cda3652f7","origin":"b5094fe8d78e452f","runId":"1ef5cb723608d1fa","sessionId":"b5094fe8d78e452f","userId":"c379ffe60f7139cb","assistantId":"d59788fb5730604e","elapsedMs":5967,"status":200,"ephemeral":false,"hasScope":true,"protocol":"chat-completions","route":"upstream"}
00:15:01 [log] [sess-diag] engineFetch GET /experimental/session?roots=true&limit=2000 -> HTTP 200 elapsed=24ms responseBytes=38752 engineUrl= http://127.0.0.1:59111 engineId= (default)
00:15:01 [log] [sess-diag] loadEngineSessions: 原始条数 = 18
00:15:01 [log] [sess-diag] loadEngineSessions: reconcile 后 convos = 18 order = 18
00:15:01 [log] [sess-diag] loadEngineSessions: 耗时(ms) fetch = 27 repoRoots = 2 build+reconcile = 4 set = 1 total = 34
00:15:04 [info] [config] loading from: https://cdn-exp-sg-recommend.pt.xiaomi.com/service/getClientBitMapExpConf/mimoDesktop(%E6%96%B0%E5%8A%A0%E5%9D%A1)
00:15:04 [info] [config] loaded tree for mimoDesktop(新加坡): children=2, upRuleIds=0
00:15:04 [info] [config] remote config loaded: 1 apps
00:15:04 [info] [config] loaded successfully: 1 apps
00:15:07 [info] [intervention] {"stage":"model.start","at":1790352907095,"requestId":"e00f2e8cda3652f7","origin":"b5094fe8d78e452f","runId":"1ef5cb723608d1fa","sessionId":"b5094fe8d78e452f","userId":"c379ffe60f7139cb","assistantId":"41562d2d53b42392","ephemeral":false,"hasScope":true,"route":"upstream"}
00:15:07 [info] [intervention] {"stage":"fetch.start","at":1790352907120,"requestId":"e00f2e8cda3652f7","origin":"b5094fe8d78e452f","runId":"1ef5cb723608d1fa","sessionId":"b5094fe8d78e452f","userId":"c379ffe60f7139cb","assistantId":"41562d2d53b42392","ephemeral":false,"hasScope":true,"protocol":"chat-completions","route":"upstream"}
00:15:31 [log] [sess-diag] engineFetch GET /experimental/session?roots=true&limit=2000 -> HTTP 200 elapsed=18ms responseBytes=38752 engineUrl= http://127.0.0.1:59111 engineId= (default)
00:15:31 [log] [sess-diag] loadEngineSessions: 原始条数 = 18
00:15:31 [log] [sess-diag] loadEngineSessions: reconcile 后 convos = 18 order = 18
00:15:31 [log] [sess-diag] loadEngineSessions: 耗时(ms) fetch = 22 repoRoots = 8 build+reconcile = 4 set = 1 total = 35
00:15:33 [info] [intervention] {"stage":"fetch.response","at":1790352933623,"requestId":"e00f2e8cda3652f7","origin":"b5094fe8d78e452f","runId":"1ef5cb723608d1fa","sessionId":"b5094fe8d78e452f","userId":"c379ffe60f7139cb","assistantId":"41562d2d53b42392","elapsedMs":26503,"status":200,"ephemeral":false,"hasScope":true,"protocol":"chat-completions","route":"upstream"}
00:15:51 [info] [intervention] {"stage":"output","at":1790352951984,"runId":"1ef5cb723608d1fa","sessionId":"b5094fe8d78e452f","assistantId":"41562d2d53b42392","textChars":2,"reviewSkipped":false}
00:15:53 [info] [content-review] app=mimo_pc_output_text source=conversation why=limit batch=55f70cc733675923 api=/api/audit/check len=392 images=0 sha=b8d7f986f6c5 session=ses_REDACTED elapsed=208ms verdict=pass reviewId=mimo-mimo_pc_output_text-183f0507b1064b32999f04a81f036d49 detail=[serverVerdict=pass resultCode=1 subCode=9 aigc=- hints=0 detailsLen=0 resp=[passed=pass resultCode=1 reviewId=mimo-mimo_pc_output_text-183f0507b1064b32999f04a81f036d49 offlineReason= offlineDetails=[0 chars] hint=[0 items] subCode=9 aigc=null]]
00:15:56 [info] [intervention] {"stage":"closed","at":1790352956399,"requestId":"e00f2e8cda3652f7","origin":"b5094fe8d78e452f","runId":"1ef5cb723608d1fa","sessionId":"b5094fe8d78e452f","userId":"c379ffe60f7139cb","elapsedMs":198323,"textChars":101,"reviewId":"mimo-intv-mimo_pc_input_text-599018120cb643a9a59041f7ae1110ee"}
00:15:56 [info] [turn-power-save] released sysId=0 last=run:ses_REDACTED
00:15:56 [log] [sess-diag] engineFetch GET /session/ses_REDACTED/task -> HTTP 200 elapsed=86ms responseBytes=2346 engineUrl= http://127.0.0.1:59111 engineId= mimocode
00:15:56 [log] [sess-diag] engineFetch GET /session/ses_REDACTED/recovery -> HTTP 200 elapsed=150ms responseBytes=2 engineUrl= http://127.0.0.1:59111 engineId= mimocode
00:15:56 [log] [sess-diag] engineFetch GET /session/ses_REDACTED -> HTTP 200 elapsed=169ms responseBytes=29556 engineUrl= http://127.0.0.1:59111 engineId= mimocode
00:15:56 [info] [content-review] app=mimo_pc_output_text source=conversation why=flush batch=bc05b53254023302 api=/api/audit/check len=41 images=0 sha=eb1b3e0ba9ac session=ses_REDACTED elapsed=239ms verdict=pass reviewId=mimo-mimo_pc_output_text-79f5977a260d47fab519990bb6a41e0d detail=[serverVerdict=pass resultCode=1 subCode=9 aigc=- hints=0 detailsLen=0 resp=[passed=pass resultCode=1 reviewId=mimo-mimo_pc_output_text-79f5977a260d47fab519990bb6a41e0d offlineReason= offlineDetails=[0 chars] hint=[0 items] subCode=9 aigc=null]]
00:15:56 [info] [content-review] app=mimo_pc_output_text source=conversation why=flush batch=b63d0f84bcc51b8f api=/api/audit/check len=171 images=0 sha=11212decf5f7 session=ses_REDACTED elapsed=166ms verdict=pass reviewId=mimo-mimo_pc_output_text-2e9f570eea6540b8ac1fde088e07a569 detail=[serverVerdict=pass resultCode=1 subCode=9 aigc=- hints=0 detailsLen=0 resp=[passed=pass resultCode=1 reviewId=mimo-mimo_pc_output_text-2e9f570eea6540b8ac1fde088e07a569 offlineReason= offlineDetails=[0 chars] hint=[0 items] subCode=9 aigc=null]]
00:15:56 [info] [content-review] app=mimo_pc_output_text source=conversation why=flush batch=02995523e50997ca api=/api/audit/check len=14 images=0 sha=831b6b4b45b8 session=ses_REDACTED elapsed=135ms verdict=pass reviewId=mimo-mimo_pc_output_text-4f1d6b3cb35f46de8bffe6effbc2ee39 detail=[serverVerdict=pass resultCode=1 subCode=9 aigc=- hints=0 detailsLen=0 resp=[passed=pass resultCode=1 reviewId=mimo-mimo_pc_output_text-4f1d6b3cb35f46de8bffe6effbc2ee39 offlineReason= offlineDetails=[0 chars] hint=[0 items] subCode=9 aigc=null]]
00:15:57 [info] [content-review] app=mimo_pc_output_text source=conversation why=flush batch=55f70cc733675923 api=/api/audit/check len=291 images=0 sha=6accc241a40a session=ses_REDACTED elapsed=181ms verdict=pass reviewId=mimo-mimo_pc_output_text-4bf7f70198f74a1485c1c48d48fc621e detail=[serverVerdict=pass resultCode=1 subCode=9 aigc=- hints=0 detailsLen=0 resp=[passed=pass resultCode=1 reviewId=mimo-mimo_pc_output_text-4bf7f70198f74a1485c1c48d48fc621e offlineReason= offlineDetails=[0 chars] hint=[0 items] subCode=9 aigc=null]]
00:16:01 [log] [sess-diag] engineFetch GET /experimental/session?roots=true&limit=2000 -> HTTP 200 elapsed=41ms responseBytes=38752 engineUrl= http://127.0.0.1:59111 engineId= (default)
00:16:01 [log] [sess-diag] loadEngineSessions: 原始条数 = 18
00:16:01 [log] [sess-diag] loadEngineSessions: reconcile 后 convos = 18 order = 18
00:16:01 [log] [sess-diag] loadEngineSessions: 耗时(ms) fetch = 94 repoRoots = 2 build+reconcile = 3 set = 1 total = 100
00:16:31 [log] [sess-diag] engineFetch GET /experimental/session?roots=true&limit=2000 -> HTTP 200 elapsed=71ms responseBytes=38752 engineUrl= http://127.0.0.1:59111 engineId= (default)
00:16:31 [log] [sess-diag] loadEngineSessions: 原始条数 = 18
00:16:31 [log] [sess-diag] loadEngineSessions: reconcile 后 convos = 18 order = 18
00:16:31 [log] [sess-diag] loadEngineSessions: 耗时(ms) fetch = 77 repoRoots = 67 build+reconcile = 4 set = 2 total = 150
00:17:01 [log] [sess-diag] engineFetch GET /experimental/session?roots=true&limit=2000 -> HTTP 200 elapsed=25ms responseBytes=38752 engineUrl= http://127.0.0.1:59111 engineId= (default)
00:17:01 [log] [sess-diag] loadEngineSessions: 原始条数 = 18
00:17:01 [log] [sess-diag] loadEngineSessions: reconcile 后 convos = 18 order = 18
00:17:01 [log] [sess-diag] loadEngineSessions: 耗时(ms) fetch = 30 repoRoots = 2 build+reconcile = 4 set = 1 total = 37
00:17:28 [log] [sess-diag] engineFetch GET /experimental/session?roots=true&limit=2000 -> HTTP 200 elapsed=465ms responseBytes=38752 engineUrl= http://127.0.0.1:59111 engineId= (default)
00:17:28 [log] [sess-diag] loadEngineSessions: 原始条数 = 18
00:17:28 [log] [sess-diag] loadEngineSessions: reconcile 后 convos = 18 order = 18
00:17:28 [log] [sess-diag] loadEngineSessions: 耗时(ms) fetch = 474 repoRoots = 3 build+reconcile = 11 set = 2 total = 490
00:17:31 [info] [exit-app] quit via tray menu
00:17:31 [info] [exit-app] before-quit
00:17:31 [info] [window] window closed
00:17:31 [info] [exit-app] window-all-closed platform=win32 appQuitting=true willQuit=false
00:17:42 [info] [boot] MiMo Desktop version=26.923.232338 platform=win32 arch=arm64 os=Windows_NT/10.0.26200 sysver=10.0.26200 mem=7.7GB(free 2.8GB) edition=domestic packaged=true theme=system e2e=false authBypass=false logs=C:\Users\xiaomi\AppData\Roaming\Xiaomi MiMo\logs
00:17:42 [info] [terminal-env] snapshot source: win-registry
00:17:42 [info] [runtimes] injected env: MIMO_NODE,MIMO_PYTHON,MIMO_QPDF,MIMO_GITHUB_MCP_SERVER,MIMO_NODE_MODULES,MIMO_RIPGREP_PATH,MIMO_ELECTRON_NODE_HOST,PYTHONDONTWRITEBYTECODE
00:17:42 [log] [api-base] cached-region reader injected after settle -> ignored
00:17:42 [log] [api-base] system-country reader injected after settle -> ignored
00:17:42 [info] [user-auth] init ok requiresCnAccount=true cachedRegion=CN localeCountry=CN
00:17:42 [warn] [libreoffice-runtime] setup not-configured key=win32-arm64 (manifest 缺项或未发布;静默降级)
00:17:42 [info] [on-demand-assets] setup ready descriptors=soundfont(1f),query-classifier(4f) not-configured=none
00:17:42 [info] [engine] reloadConfigOnNextSession (plugin change)
00:17:42 [error] [plugins] registry corrupt/unreadable at startup seed; closing automation HostMcp gate
00:17:42 [info] [engine] reloadConfigOnNextSession (plugin change)
00:17:42 [info] [plugins] setup ok count=0
00:17:42 [info] [apm] region=CN source=cache
00:17:42 [log] [evolve-observatory] evolve observatory server listening on 127.0.0.1:51175
00:17:42 [log] [mimo][api] listening on 127.0.0.1:51176
00:17:42 [info] [boot] app ready in 940.1298828125ms
00:17:42 [error] [plugins] registry corrupt/unreadable at readiness settle; keeping automation HostMcp gate closed
00:17:42 [info] [engine] reloadConfigOnNextSession (plugin change)
00:17:42 [info] [presentation-host] started socket=C:\Users\xiaomi\AppData\Roaming\Xiaomi MiMo\presentation-host\72c7ce32869f.sock
00:17:42 [info] [application] activated (main window created)
00:17:42 [info] [tray] enabled=true
00:17:42 [info] [updater] setup begin
00:17:42 [info] [updater] setup platform=win32 packaged=true version=26.923.232338 e2e=false
00:17:42 [info] [updater/win] transaction reconcile kind=none
00:17:42 [info] [updater/win] auto-updater path feed=https://mimocode-cdn.xiaomimimo.com/mimocode/mimodesktop/manifest.json
00:17:42 [info] [engine] prewarm startEngine
00:17:43 [info] [plugins] automation background startup settled {"elapsedMs":673}
00:17:44 [info] [db] prewarm ok in 1834ms
00:17:44 [info] [artifacts] reconciliation starting
00:17:44 [log] [xiaomi-auth] probeStatus start (hidden-window path)
00:17:45 [info] [engine] HostMcp runtime available=true
00:17:45 [info] [engine] reloadConfigOnNextSession (plugin change)
00:17:45 [warn] [query-classification] warmup-unavailable {"code":"inference-failed"}
00:17:47 [log] [DeviceId] generated:
00:17:49 [log] [mimo] engine in-process server ready http://127.0.0.1:50933
00:17:49 [info] [engine] prewarm ok
00:17:49 [info] [mimo] loop_streak_recovery=on · experimental crop enabled for next requests
00:17:49 [info] [libreoffice-runtime] prefetch skipped (not-configured)
00:17:49 [info] [on-demand-assets] prefetch start queue=[soundfont,query-classifier]
00:17:49 [info] [on-demand-assets] soundfont cache-hit (1 files);skip download
00:17:49 [info] [on-demand-assets] query-classifier cache-hit (4 files);skip download
00:17:49 [info] Checking for update
00:17:49 [log] [model-catalog] xiaomi login not confirmed -> skip fetch, keep cache
00:17:50 [log] [xiaomi-auth] probeStatus done kind=authenticated userId=REDACTED
00:17:51 [info] [experiment] initializing app=mimoDesktop(新加坡) env=ksmoscloudsrv service=<sdk-default>
00:17:51 [info] [config] loading from: https://cdn-exp-sg-recommend.pt.xiaomi.com/service/getClientBitMapExpConf/mimoDesktop(%E6%96%B0%E5%8A%A0%E5%9D%A1)
00:17:51 [info] [user-auth] initialize done xiaomi-logged-in=true
00:17:51 [info] Update for version 26.923.232338 is not available (latest version: 26.923.232338, downgrade is disallowed).
00:17:52 [info] [config] loaded tree for mimoDesktop(新加坡): children=2, upRuleIds=0
00:17:52 [info] [config] remote config loaded: 1 apps
00:17:52 [info] [config] loaded successfully: 1 apps
00:17:52 [info] [experiment] key=feature_gates id=101197 type=string value={\n    "domestic": { "show_mcp_entry": false, "show_custom_model_button": true, "loop_streak_recovery": true, "show_evolve_entry": true,"show_computeruse": false, "show_browseruse": false, "show_pay": … elapsed=909ms
00:17:52 [info] [feature-gates] refresh: ok (elapsed=932ms)
00:17:52 [error] (node:6968) [DEP0180] DeprecationWarning: fs.Stats constructor is deprecated.\n(Use `Xiaomi MiMo --trace-deprecation ...` to show where the warning was created)
00:17:52 [log] [sess-diag] engineFetch GET /experimental/session?roots=true&limit=2000 -> HTTP 200 elapsed=2805ms responseBytes=38752 engineUrl= http://127.0.0.1:50933 engineId= (default)
00:17:52 [log] [sess-diag] loadEngineSessions: 原始条数 = 18
00:17:52 [log] [sess-diag] loadEngineSessions: reconcile 后 convos = 18 order = 18
00:17:52 [log] [sess-diag] loadEngineSessions: 耗时(ms) fetch = 2830 repoRoots = 15 build+reconcile = 6 set = 1 total = 2852
00:17:54 [info] [artifacts] reconciliation started
00:17:54 [log] [sess-diag] engineFetch GET /experimental/session?roots=true&limit=2000 -> HTTP 200 elapsed=34ms responseBytes=38752 engineUrl= http://127.0.0.1:50933 engineId= (default)
00:17:54 [log] [sess-diag] loadEngineSessions: 原始条数 = 18
00:17:54 [log] [sess-diag] loadEngineSessions: reconcile 后 convos = 18 order = 18
00:17:54 [log] [sess-diag] loadEngineSessions: 耗时(ms) fetch = 36 repoRoots = 1 build+reconcile = 3 set = 1 total = 41
00:17:56 [log] [sess-diag] engineFetch GET /experimental/session?roots=true&limit=2000 -> HTTP 200 elapsed=56ms responseBytes=38752 engineUrl= http://127.0.0.1:50933 engineId= (default)
00:17:56 [log] [sess-diag] loadEngineSessions: 原始条数 = 18
00:17:56 [log] [sess-diag] loadEngineSessions: reconcile 后 convos = 18 order = 18
00:17:56 [log] [sess-diag] loadEngineSessions: 耗时(ms) fetch = 60 repoRoots = 2 build+reconcile = 3 set = 1 total = 65
00:17:58 [info] [exit-app] quit via tray menu
00:17:58 [info] [exit-app] before-quit
00:17:58 [info] [window] window closed
00:17:58 [info] [exit-app] window-all-closed platform=win32 appQuitting=true willQuit=false
00:18:29 [info] [boot] MiMo Desktop version=26.923.232338 platform=win32 arch=x64 os=Windows_NT/10.0.26200 sysver=10.0.26200 mem=7.7GB(free 2.8GB) edition=domestic packaged=true theme=system e2e=false authBypass=false logs=C:\Users\xiaomi\AppData\Roaming\Xiaomi MiMo\logs
00:18:29 [info] [terminal-env] snapshot source: win-registry
00:18:29 [info] [runtimes] injected env: MIMO_NODE,MIMO_NPM,MIMO_PYTHON,MIMO_QPDF,MIMO_GITHUB_MCP_SERVER,MIMO_NODE_MODULES,MIMO_RIPGREP_PATH,MIMO_ELECTRON_NODE_HOST,PYTHONDONTWRITEBYTECODE
00:18:29 [log] [api-base] cached-region reader injected after settle -> ignored
00:18:29 [log] [api-base] system-country reader injected after settle -> ignored
00:18:29 [info] [user-auth] init ok requiresCnAccount=true cachedRegion=CN localeCountry=CN
00:18:29 [info] [libreoffice-runtime] setup ready key=win32-x64 version=25.8.7 archive=160665171 bytes
00:18:29 [info] [on-demand-assets] setup ready descriptors=soundfont(1f),query-classifier(4f) not-configured=none
00:18:29 [info] [engine] reloadConfigOnNextSession (plugin change)
00:18:29 [error] [plugins] registry corrupt/unreadable at startup seed; closing automation HostMcp gate
00:18:29 [info] [engine] reloadConfigOnNextSession (plugin change)
00:18:29 [info] [plugins] setup ok count=0
00:18:30 [info] [apm] region=CN source=cache
00:18:30 [log] [evolve-observatory] evolve observatory server listening on 127.0.0.1:55625
00:18:30 [log] [mimo][api] listening on 127.0.0.1:55626
00:18:30 [info] [boot] app ready in 2165.5791015625ms
00:18:30 [error] [plugins] registry corrupt/unreadable at readiness settle; keeping automation HostMcp gate closed
00:18:30 [info] [engine] reloadConfigOnNextSession (plugin change)
00:18:30 [info] [presentation-host] started socket=C:\Users\xiaomi\AppData\Roaming\Xiaomi MiMo\presentation-host\250ffb25eea9.sock
00:18:30 [info] [application] activated (main window created)
00:18:30 [info] [tray] enabled=true
00:18:30 [info] [updater] setup begin
00:18:30 [info] [updater] setup platform=win32 packaged=true version=26.923.232338 e2e=false
00:18:30 [info] [updater/win] transaction reconcile kind=none
00:18:30 [info] [updater/win] auto-updater path feed=https://mimocode-cdn.xiaomimimo.com/mimocode/mimodesktop/manifest.json
00:18:30 [info] [engine] prewarm startEngine
00:18:31 [info] [plugins] automation background startup settled {"elapsedMs":1165}
00:18:34 [info] [db] prewarm ok in 3782ms
00:18:34 [info] [artifacts] reconciliation starting
00:18:34 [log] [xiaomi-auth] probeStatus start (hidden-window path)
00:18:35 [info] [engine] HostMcp runtime available=true
00:18:35 [info] [engine] reloadConfigOnNextSession (plugin change)
00:18:41 [log] [DeviceId] generated:
00:18:41 [info] [query-classification] ready
00:18:46 [log] [xiaomi-auth] probeStatus done kind=indeterminate
00:18:46 [info] [user-auth] initialize done xiaomi-logged-in=false
00:18:46 [error] [xiaomi-auth] hidden session preparation failed Error: ERR_FAILED (-2) loading 'https://mimo-server-cn.xiaomimimo.com/api/user/xiaomi/me'\n    at rejectAndCleanup (node:electron/js2c/browser_init:2:89772)\n    at finishListener (node:electron/js2c/browser_init:2:89934)\n    at WebContents.stopLoadingListener (node:electron/js2c/browser_init:2:90321)\n    at WebContents.emit (node:events:521:24)
00:18:46 [info] Checking for update
00:18:47 [info] [libreoffice-runtime] prefetch start key=win32-x64 version=25.8.7
00:18:47 [info] [on-demand-assets] prefetch start queue=[soundfont,query-classifier]
00:18:47 [info] [on-demand-assets] soundfont cache-hit (1 files);skip download
00:18:47 [info] [on-demand-assets] query-classifier cache-hit (4 files);skip download
00:18:47 [info] [libreoffice-runtime] cache-hit exact (version=25.8.7);skip download
00:18:48 [log] [mimo] engine in-process server ready http://127.0.0.1:52280
00:18:48 [info] [engine] prewarm ok
00:18:48 [log] [xiaomi-auth] probeStatus start (hidden-window path)
00:18:48 [log] [model-catalog] xiaomi login not confirmed -> skip fetch, keep cache
00:18:48 [info] [mimo] loop_streak_recovery=on · experimental crop enabled for next requests
00:18:48 [info] Update for version 26.923.232338 is not available (latest version: 26.923.232338, downgrade is disallowed).
00:18:50 [info] [artifacts] reconciliation started
00:18:52 [log] [xiaomi-auth] probeStatus done kind=authenticated userId=REDACTED
00:18:55 [info] [experiment] initializing app=mimoDesktop(新加坡) env=ksmoscloudsrv service=<sdk-default>
00:18:55 [info] [config] loading from: https://cdn-exp-sg-recommend.pt.xiaomi.com/service/getClientBitMapExpConf/mimoDesktop(%E6%96%B0%E5%8A%A0%E5%9D%A1)
00:18:55 [error] (node:1840) [DEP0180] DeprecationWarning: fs.Stats constructor is deprecated.\n(Use `Xiaomi MiMo --trace-deprecation ...` to show where the warning was created)
00:18:58 [info] [config] loaded tree for mimoDesktop(新加坡): children=2, upRuleIds=0
00:18:58 [info] [config] remote config loaded: 1 apps
00:18:58 [info] [config] loaded successfully: 1 apps
00:18:58 [info] [experiment] key=feature_gates id=101197 type=string value={\n    "domestic": { "show_mcp_entry": false, "show_custom_model_button": true, "loop_streak_recovery": true, "show_evolve_entry": true,"show_computeruse": false, "show_browseruse": false, "show_pay": … elapsed=2768ms
00:18:58 [info] [feature-gates] refresh: ok (elapsed=2785ms)
00:18:58 [log] [sess-diag] engineFetch GET /experimental/session?roots=true&limit=2000 -> HTTP 200 elapsed=11561ms responseBytes=38752 engineUrl= http://127.0.0.1:52280 engineId= (default)
00:18:58 [log] [sess-diag] loadEngineSessions: 原始条数 = 18
00:18:58 [log] [sess-diag] loadEngineSessions: reconcile 后 convos = 18 order = 18
00:18:58 [log] [sess-diag] loadEngineSessions: 耗时(ms) fetch = 11680 repoRoots = 43 build+reconcile = 26 set = 5 total = 11754
00:19:03 [info] [exit-app] quit via tray menu
00:19:03 [info] [exit-app] before-quit
00:19:03 [info] [window] window closed
00:19:03 [info] [exit-app] window-all-closed platform=win32 appQuitting=true willQuit=false
00:19:12 [info] [boot] MiMo Desktop version=26.923.232338 platform=win32 arch=arm64 os=Windows_NT/10.0.26200 sysver=10.0.26200 mem=7.7GB(free 2.9GB) edition=domestic packaged=true theme=system e2e=false authBypass=false logs=C:\Users\xiaomi\AppData\Roaming\Xiaomi MiMo\logs
00:19:12 [info] [terminal-env] snapshot source: win-registry
00:19:12 [info] [runtimes] injected env: MIMO_NODE,MIMO_PYTHON,MIMO_QPDF,MIMO_GITHUB_MCP_SERVER,MIMO_NODE_MODULES,MIMO_RIPGREP_PATH,MIMO_ELECTRON_NODE_HOST,PYTHONDONTWRITEBYTECODE
00:19:12 [log] [api-base] cached-region reader injected after settle -> ignored
00:19:12 [log] [api-base] system-country reader injected after settle -> ignored
00:19:12 [info] [user-auth] init ok requiresCnAccount=true cachedRegion=CN localeCountry=CN
00:19:12 [warn] [libreoffice-runtime] setup not-configured key=win32-arm64 (manifest 缺项或未发布;静默降级)
00:19:12 [info] [on-demand-assets] setup ready descriptors=soundfont(1f),query-classifier(4f) not-configured=none
00:19:12 [info] [engine] reloadConfigOnNextSession (plugin change)
00:19:12 [error] [plugins] registry corrupt/unreadable at startup seed; closing automation HostMcp gate
00:19:12 [info] [engine] reloadConfigOnNextSession (plugin change)
00:19:12 [info] [plugins] setup ok count=0
00:19:12 [info] [apm] region=CN source=cache
00:19:12 [log] [evolve-observatory] evolve observatory server listening on 127.0.0.1:61209
00:19:12 [log] [mimo][api] listening on 127.0.0.1:61210
00:19:12 [info] [boot] app ready in 910.0859375ms
00:19:12 [error] [plugins] registry corrupt/unreadable at readiness settle; keeping automation HostMcp gate closed
00:19:12 [info] [engine] reloadConfigOnNextSession (plugin change)
00:19:12 [info] [presentation-host] started socket=C:\Users\xiaomi\AppData\Roaming\Xiaomi MiMo\presentation-host\076f23783504.sock
00:19:12 [info] [application] activated (main window created)
00:19:12 [info] [tray] enabled=true
00:19:12 [info] [updater] setup begin
00:19:12 [info] [updater] setup platform=win32 packaged=true version=26.923.232338 e2e=false
00:19:12 [info] [updater/win] transaction reconcile kind=none
00:19:12 [info] [updater/win] auto-updater path feed=https://mimocode-cdn.xiaomimimo.com/mimocode/mimodesktop/manifest.json
00:19:12 [info] [engine] prewarm startEngine
00:19:13 [info] [plugins] automation background startup settled {"elapsedMs":711}
00:19:14 [info] [db] prewarm ok in 1831ms
00:19:14 [info] [artifacts] reconciliation starting
00:19:14 [log] [xiaomi-auth] probeStatus start (hidden-window path)
00:19:15 [info] [engine] HostMcp runtime available=true
00:19:15 [info] [engine] reloadConfigOnNextSession (plugin change)
00:19:15 [warn] [query-classification] warmup-unavailable {"code":"inference-failed"}
00:19:17 [log] [DeviceId] generated:
00:19:19 [log] [mimo] engine in-process server ready http://127.0.0.1:62469
00:19:19 [info] [engine] prewarm ok
00:19:19 [info] [mimo] loop_streak_recovery=on · experimental crop enabled for next requests
00:19:19 [info] [libreoffice-runtime] prefetch skipped (not-configured)
00:19:19 [info] [on-demand-assets] prefetch start queue=[soundfont,query-classifier]
00:19:19 [info] [on-demand-assets] soundfont cache-hit (1 files);skip download
00:19:19 [info] [on-demand-assets] query-classifier cache-hit (4 files);skip download
00:19:19 [log] [model-catalog] xiaomi login not confirmed -> skip fetch, keep cache
00:19:19 [info] Checking for update
00:19:19 [info] [artifacts] reconciliation started
00:19:20 [log] [xiaomi-auth] probeStatus done kind=authenticated userId=REDACTED
00:19:21 [info] [experiment] initializing app=mimoDesktop(新加坡) env=ksmoscloudsrv service=<sdk-default>
00:19:21 [info] [config] loading from: https://cdn-exp-sg-recommend.pt.xiaomi.com/service/getClientBitMapExpConf/mimoDesktop(%E6%96%B0%E5%8A%A0%E5%9D%A1)
00:19:21 [info] [user-auth] initialize done xiaomi-logged-in=true
00:19:22 [info] Update for version 26.923.232338 is not available (latest version: 26.923.232338, downgrade is disallowed).
00:19:22 [info] [config] loaded tree for mimoDesktop(新加坡): children=2, upRuleIds=0
00:19:22 [info] [config] remote config loaded: 1 apps
00:19:22 [info] [config] loaded successfully: 1 apps
00:19:22 [info] [experiment] key=feature_gates id=101197 type=string value={\n    "domestic": { "show_mcp_entry": false, "show_custom_model_button": true, "loop_streak_recovery": true, "show_evolve_entry": true,"show_computeruse": false, "show_browseruse": false, "show_pay": … elapsed=1701ms
00:19:22 [info] [feature-gates] refresh: ok (elapsed=1721ms)
00:19:22 [error] (node:5152) [DEP0180] DeprecationWarning: fs.Stats constructor is deprecated.\n(Use `Xiaomi MiMo --trace-deprecation ...` to show where the warning was created)
00:19:23 [log] [sess-diag] engineFetch GET /experimental/session?roots=true&limit=2000 -> HTTP 200 elapsed=3473ms responseBytes=38752 engineUrl= http://127.0.0.1:62469 engineId= (default)
00:19:23 [log] [sess-diag] loadEngineSessions: 原始条数 = 18
00:19:23 [log] [sess-diag] loadEngineSessions: reconcile 后 convos = 18 order = 18
00:19:23 [log] [sess-diag] loadEngineSessions: 耗时(ms) fetch = 3503 repoRoots = 15 build+reconcile = 6 set = 1 total = 3524
00:19:26 [log] [sess-diag] engineFetch GET /session/ses_REDACTED/task -> HTTP 200 elapsed=322ms responseBytes=2346 engineUrl= http://127.0.0.1:62469 engineId= (default)
00:19:26 [log] [sess-diag] engineFetch GET /session/ses_REDACTED/recovery -> HTTP 200 elapsed=128ms responseBytes=2 engineUrl= http://127.0.0.1:62469 engineId= (default)
00:19:26 [log] [sess-diag] engineFetch GET /session/ses_REDACTED/message -> HTTP 200 elapsed=89ms responseBytes=4606605 engineUrl= http://127.0.0.1:62469 engineId= (default)
00:19:27 [log] [sess-diag] engineFetch GET /session/ses_REDACTED/actors -> HTTP 200 elapsed=74ms responseBytes=579 engineUrl= http://127.0.0.1:62469 engineId= (default)
00:19:38 [log] [sess-diag] engineFetch GET /experimental/session?roots=true&limit=2000 -> HTTP 200 elapsed=57ms responseBytes=38752 engineUrl= http://127.0.0.1:62469 engineId= (default)
00:19:38 [log] [sess-diag] loadEngineSessions: 原始条数 = 18
00:19:38 [log] [sess-diag] loadEngineSessions: reconcile 后 convos = 18 order = 18
00:19:38 [log] [sess-diag] loadEngineSessions: 耗时(ms) fetch = 62 repoRoots = 2 build+reconcile = 3 set = 1 total = 67
00:19:49 [log] [sess-diag] engineFetch GET /experimental/session?roots=true&limit=2000 -> HTTP 200 elapsed=14ms responseBytes=38752 engineUrl= http://127.0.0.1:62469 engineId= (default)
00:19:49 [log] [sess-diag] loadEngineSessions: 原始条数 = 18
00:19:49 [log] [sess-diag] loadEngineSessions: reconcile 后 convos = 18 order = 18
00:19:49 [log] [sess-diag] loadEngineSessions: 耗时(ms) fetch = 16 repoRoots = 2 build+reconcile = 2 set = 1 total = 20
00:20:16 [info] [intervention] {"stage":"query","at":1790353216380,"requestId":"20f63aaef1baae28","origin":"b5094fe8d78e452f","elapsedMs":84,"textChars":33,"queryChars":33,"truncated":false,"result":"miss","reviewId":"mimo-intv-mimo_pc_input_text-5fa989afcf154bbf80506f8a56d8703b"}
00:20:16 [info] [content-review] app=mimo_pc_input_text source=input why=oneshot batch=70a95fb25cc34264 api=/api/audit/check len=33 images=0 sha=241c2c939c31 session=ses_REDACTED elapsed=164ms verdict=pass reviewId=mimo-mimo_pc_input_text-46865ccf5073418490417f89c78f4ae6 detail=[serverVerdict=pass resultCode=1 subCode=9 aigc=- hints=0 detailsLen=0 resp=[passed=pass resultCode=1 reviewId=mimo-mimo_pc_input_text-46865ccf5073418490417f89c78f4ae6 offlineReason= offlineDetails=[0 chars] hint=[0 items] subCode=9 aigc=null]]
00:20:16 [info] [intervention] {"stage":"prepared","at":1790353216547,"requestId":"20f63aaef1baae28","origin":"b5094fe8d78e452f","elapsedMs":251,"textChars":33,"result":"ready","reviewId":"mimo-intv-mimo_pc_input_text-5fa989afcf154bbf80506f8a56d8703b"}
00:20:16 [info] [intervention] {"stage":"claim","at":1790353216566,"requestId":"20f63aaef1baae28","origin":"b5094fe8d78e452f","sessionId":"b5094fe8d78e452f","elapsedMs":270,"textChars":33,"reviewId":"mimo-intv-mimo_pc_input_text-5fa989afcf154bbf80506f8a56d8703b"}
00:20:16 [info] [smart-router] {"origin":"ses_REDACTED","model":"mimo-pro"}
00:20:16 [log] [sess-diag] engineFetch GET /session/ses_REDACTED/task -> HTTP 200 elapsed=46ms responseBytes=2346 engineUrl= http://127.0.0.1:62469 engineId= mimocode
00:20:17 [info] [harness] session origin=ses_REDACTED sid=ses_REDACTED source=user msgLen=33
00:20:17 [info] [turn-power-save] acquired sysId=0 mode=prevent-app-suspension first=run:ses_REDACTED
00:20:17 [info] [intervention] {"stage":"dispatch","at":1790353217087,"requestId":"20f63aaef1baae28","origin":"b5094fe8d78e452f","runId":"ca54a750a836b3b0","sessionId":"b5094fe8d78e452f","elapsedMs":791,"textChars":33,"reviewId":"mimo-intv-mimo_pc_input_text-5fa989afcf154bbf80506f8a56d8703b"}
00:20:17 [info] [intervention] {"stage":"user-bound","at":1790353217204,"requestId":"20f63aaef1baae28","origin":"b5094fe8d78e452f","runId":"ca54a750a836b3b0","sessionId":"b5094fe8d78e452f","userId":"56d5462fe82b30c7","elapsedMs":908,"textChars":33,"reviewId":"mimo-intv-mimo_pc_input_text-5fa989afcf154bbf80506f8a56d8703b"}
00:20:17 [info] [intervention] {"stage":"model.start","at":1790353217749,"requestId":"20f63aaef1baae28","origin":"b5094fe8d78e452f","runId":"ca54a750a836b3b0","sessionId":"b5094fe8d78e452f","userId":"56d5462fe82b30c7","assistantId":"cd4b958fa9c0e839","ephemeral":false,"hasScope":true,"route":"upstream"}
00:20:17 [info] [intervention] {"stage":"fetch.start","at":1790353217774,"requestId":"20f63aaef1baae28","origin":"b5094fe8d78e452f","runId":"ca54a750a836b3b0","sessionId":"b5094fe8d78e452f","userId":"56d5462fe82b30c7","assistantId":"cd4b958fa9c0e839","ephemeral":false,"hasScope":true,"protocol":"chat-completions","route":"upstream"}
00:20:19 [log] [sess-diag] engineFetch GET /experimental/session?roots=true&limit=2000 -> HTTP 200 elapsed=17ms responseBytes=38752 engineUrl= http://127.0.0.1:62469 engineId= (default)
00:20:19 [log] [sess-diag] loadEngineSessions: 原始条数 = 18
00:20:19 [log] [sess-diag] loadEngineSessions: reconcile 后 convos = 18 order = 18
00:20:19 [log] [sess-diag] loadEngineSessions: 耗时(ms) fetch = 26 repoRoots = 2 build+reconcile = 5 set = 1 total = 33
00:20:23 [info] [intervention] {"stage":"fetch.response","at":1790353223916,"requestId":"20f63aaef1baae28","origin":"b5094fe8d78e452f","runId":"ca54a750a836b3b0","sessionId":"b5094fe8d78e452f","userId":"56d5462fe82b30c7","assistantId":"cd4b958fa9c0e839","elapsedMs":6142,"status":200,"ephemeral":false,"hasScope":true,"protocol":"chat-completions","route":"upstream"}
00:20:25 [info] [content-review/turn-binding] note-no-slot key=ses_REDACTED anchor=msg:msg_g001a0d95e17ff001NH4DuqCFq
00:20:25 [info] [intervention] {"stage":"output","at":1790353225275,"runId":"ca54a750a836b3b0","sessionId":"b5094fe8d78e452f","assistantId":"cd4b958fa9c0e839","textChars":3,"reviewSkipped":false}
00:20:29 [info] [intervention] {"stage":"model.start","at":1790353229528,"requestId":"20f63aaef1baae28","origin":"b5094fe8d78e452f","runId":"ca54a750a836b3b0","sessionId":"b5094fe8d78e452f","userId":"56d5462fe82b30c7","assistantId":"9adc65370a4e6f5c","ephemeral":false,"hasScope":true,"route":"upstream"}
00:20:29 [info] [intervention] {"stage":"fetch.start","at":1790353229562,"requestId":"20f63aaef1baae28","origin":"b5094fe8d78e452f","runId":"ca54a750a836b3b0","sessionId":"b5094fe8d78e452f","userId":"56d5462fe82b30c7","assistantId":"9adc65370a4e6f5c","ephemeral":false,"hasScope":true,"protocol":"chat-completions","route":"upstream"}
00:20:49 [log] [sess-diag] engineFetch GET /experimental/session?roots=true&limit=2000 -> HTTP 200 elapsed=20ms responseBytes=38752 engineUrl= http://127.0.0.1:62469 engineId= (default)
00:20:49 [log] [sess-diag] loadEngineSessions: 原始条数 = 18
00:20:49 [log] [sess-diag] loadEngineSessions: reconcile 后 convos = 18 order = 18
00:20:49 [log] [sess-diag] loadEngineSessions: 耗时(ms) fetch = 30 repoRoots = 2 build+reconcile = 6 set = 2 total = 39
00:20:55 [info] [intervention] {"stage":"fetch.response","at":1790353255961,"requestId":"20f63aaef1baae28","origin":"b5094fe8d78e452f","runId":"ca54a750a836b3b0","sessionId":"b5094fe8d78e452f","userId":"56d5462fe82b30c7","assistantId":"9adc65370a4e6f5c","elapsedMs":26399,"status":200,"ephemeral":false,"hasScope":true,"protocol":"chat-completions","route":"upstream"}
00:20:59 [log] [perm-autopass] allow permission=external_directory
00:20:59 [log] [perm-autopass] allow permission=bash
00:21:02 [log] [perm-autopass] allow permission=external_directory
00:21:02 [log] [perm-autopass] allow permission=bash
00:21:04 [info] [intervention] {"stage":"model.start","at":1790353264158,"requestId":"20f63aaef1baae28","origin":"b5094fe8d78e452f","runId":"ca54a750a836b3b0","sessionId":"b5094fe8d78e452f","userId":"56d5462fe82b30c7","assistantId":"50495325e457921c","ephemeral":false,"hasScope":true,"route":"upstream"}
00:21:04 [info] [intervention] {"stage":"fetch.start","at":1790353264183,"requestId":"20f63aaef1baae28","origin":"b5094fe8d78e452f","runId":"ca54a750a836b3b0","sessionId":"b5094fe8d78e452f","userId":"56d5462fe82b30c7","assistantId":"50495325e457921c","ephemeral":false,"hasScope":true,"protocol":"chat-completions","route":"upstream"}
00:21:08 [info] [intervention] {"stage":"fetch.response","at":1790353268759,"requestId":"20f63aaef1baae28","origin":"b5094fe8d78e452f","runId":"ca54a750a836b3b0","sessionId":"b5094fe8d78e452f","userId":"56d5462fe82b30c7","assistantId":"50495325e457921c","elapsedMs":4576,"status":200,"ephemeral":false,"hasScope":true,"protocol":"chat-completions","route":"upstream"}
00:21:11 [info] [intervention] {"stage":"output","at":1790353271574,"runId":"ca54a750a836b3b0","sessionId":"b5094fe8d78e452f","assistantId":"50495325e457921c","textChars":5,"reviewSkipped":false}
00:21:14 [log] [perm-autopass] allow permission=external_directory
00:21:14 [log] [perm-autopass] allow permission=bash
00:21:15 [log] [perm-autopass] allow permission=external_directory
00:21:15 [log] [perm-autopass] allow permission=bash
00:21:17 [info] [intervention] {"stage":"model.start","at":1790353277621,"requestId":"20f63aaef1baae28","origin":"b5094fe8d78e452f","runId":"ca54a750a836b3b0","sessionId":"b5094fe8d78e452f","userId":"56d5462fe82b30c7","assistantId":"6111875545a466af","ephemeral":false,"hasScope":true,"route":"upstream"}
00:21:17 [info] [intervention] {"stage":"fetch.start","at":1790353277645,"requestId":"20f63aaef1baae28","origin":"b5094fe8d78e452f","runId":"ca54a750a836b3b0","sessionId":"b5094fe8d78e452f","userId":"56d5462fe82b30c7","assistantId":"6111875545a466af","ephemeral":false,"hasScope":true,"protocol":"chat-completions","route":"upstream"}
00:21:19 [log] [sess-diag] engineFetch GET /experimental/session?roots=true&limit=2000 -> HTTP 200 elapsed=18ms responseBytes=38752 engineUrl= http://127.0.0.1:62469 engineId= (default)
00:21:19 [log] [sess-diag] loadEngineSessions: 原始条数 = 18
00:21:19 [log] [sess-diag] loadEngineSessions: reconcile 后 convos = 18 order = 18
00:21:19 [log] [sess-diag] loadEngineSessions: 耗时(ms) fetch = 23 repoRoots = 6 build+reconcile = 6 set = 1 total = 37
00:21:26 [info] [intervention] {"stage":"fetch.response","at":1790353286618,"requestId":"20f63aaef1baae28","origin":"b5094fe8d78e452f","runId":"ca54a750a836b3b0","sessionId":"b5094fe8d78e452f","userId":"56d5462fe82b30c7","assistantId":"6111875545a466af","elapsedMs":8973,"status":200,"ephemeral":false,"hasScope":true,"protocol":"chat-completions","route":"upstream"}
00:21:33 [info] [intervention] {"stage":"output","at":1790353293993,"runId":"ca54a750a836b3b0","sessionId":"b5094fe8d78e452f","assistantId":"6111875545a466af","textChars":2,"reviewSkipped":false}
00:21:38 [log] [perm-autopass] allow permission=bash
00:21:40 [log] [perm-autopass] allow permission=bash
00:21:41 [info] [intervention] {"stage":"model.start","at":1790353301737,"requestId":"20f63aaef1baae28","origin":"b5094fe8d78e452f","runId":"ca54a750a836b3b0","sessionId":"b5094fe8d78e452f","userId":"56d5462fe82b30c7","assistantId":"e46b1aa6110f74f7","ephemeral":false,"hasScope":true,"route":"upstream"}
00:21:41 [info] [intervention] {"stage":"fetch.start","at":1790353301763,"requestId":"20f63aaef1baae28","origin":"b5094fe8d78e452f","runId":"ca54a750a836b3b0","sessionId":"b5094fe8d78e452f","userId":"56d5462fe82b30c7","assistantId":"e46b1aa6110f74f7","ephemeral":false,"hasScope":true,"protocol":"chat-completions","route":"upstream"}
00:21:45 [info] [intervention] {"stage":"fetch.response","at":1790353305828,"requestId":"20f63aaef1baae28","origin":"b5094fe8d78e452f","runId":"ca54a750a836b3b0","sessionId":"b5094fe8d78e452f","userId":"56d5462fe82b30c7","assistantId":"e46b1aa6110f74f7","elapsedMs":4065,"status":200,"ephemeral":false,"hasScope":true,"protocol":"chat-completions","route":"upstream"}
00:21:49 [log] [sess-diag] engineFetch GET /experimental/session?roots=true&limit=2000 -> HTTP 200 elapsed=17ms responseBytes=38752 engineUrl= http://127.0.0.1:62469 engineId= (default)
00:21:49 [log] [sess-diag] loadEngineSessions: 原始条数 = 18
00:21:49 [log] [sess-diag] loadEngineSessions: reconcile 后 convos = 18 order = 18
00:21:49 [log] [sess-diag] loadEngineSessions: 耗时(ms) fetch = 21 repoRoots = 63 build+reconcile = 3 set = 1 total = 87
00:21:51 [info] [intervention] {"stage":"output","at":1790353311456,"runId":"ca54a750a836b3b0","sessionId":"b5094fe8d78e452f","assistantId":"e46b1aa6110f74f7","textChars":3,"reviewSkipped":false}
00:21:55 [info] [content-review] app=mimo_pc_output_text source=conversation why=limit batch=5ab8cb136a2c6481 api=/api/audit/check len=395 images=0 sha=c849a8939ebf session=ses_REDACTED elapsed=203ms verdict=pass reviewId=mimo-mimo_pc_output_text-04a2838640d948bba8abd8a58225b6c1 detail=[serverVerdict=pass resultCode=1 subCode=9 aigc=- hints=0 detailsLen=0 resp=[passed=pass resultCode=1 reviewId=mimo-mimo_pc_output_text-04a2838640d948bba8abd8a58225b6c1 offlineReason= offlineDetails=[0 chars] hint=[0 items] subCode=9 aigc=null]]
00:22:19 [log] [sess-diag] engineFetch GET /experimental/session?roots=true&limit=2000 -> HTTP 200 elapsed=17ms responseBytes=38752 engineUrl= http://127.0.0.1:62469 engineId= (default)
00:22:19 [log] [sess-diag] loadEngineSessions: 原始条数 = 18
00:22:19 [log] [sess-diag] loadEngineSessions: reconcile 后 convos = 18 order = 18
00:22:19 [log] [sess-diag] loadEngineSessions: 耗时(ms) fetch = 22 repoRoots = 5 build+reconcile = 5 set = 1 total = 34
00:22:49 [log] [sess-diag] engineFetch GET /experimental/session?roots=true&limit=2000 -> HTTP 200 elapsed=18ms responseBytes=38752 engineUrl= http://127.0.0.1:62469 engineId= (default)
00:22:49 [log] [sess-diag] loadEngineSessions: 原始条数 = 18
00:22:49 [log] [sess-diag] loadEngineSessions: reconcile 后 convos = 18 order = 18
00:22:49 [log] [sess-diag] loadEngineSessions: 耗时(ms) fetch = 20 repoRoots = 1 build+reconcile = 2 set = 1 total = 24
00:22:50 [info] [intervention] {"stage":"model.start","at":1790353370151,"requestId":"20f63aaef1baae28","origin":"b5094fe8d78e452f","runId":"ca54a750a836b3b0","sessionId":"b5094fe8d78e452f","userId":"56d5462fe82b30c7","assistantId":"995348d95b96c9e5","ephemeral":false,"hasScope":true,"route":"upstream"}
00:22:50 [info] [intervention] {"stage":"fetch.start","at":1790353370175,"requestId":"20f63aaef1baae28","origin":"b5094fe8d78e452f","runId":"ca54a750a836b3b0","sessionId":"b5094fe8d78e452f","userId":"56d5462fe82b30c7","assistantId":"995348d95b96c9e5","ephemeral":false,"hasScope":true,"protocol":"chat-completions","route":"upstream"}
00:22:54 [info] [intervention] {"stage":"fetch.response","at":1790353374667,"requestId":"20f63aaef1baae28","origin":"b5094fe8d78e452f","runId":"ca54a750a836b3b0","sessionId":"b5094fe8d78e452f","userId":"56d5462fe82b30c7","assistantId":"995348d95b96c9e5","elapsedMs":4492,"status":200,"ephemeral":false,"hasScope":true,"protocol":"chat-completions","route":"upstream"}
00:22:54 [info] [intervention] {"stage":"output","at":1790353374964,"runId":"ca54a750a836b3b0","sessionId":"b5094fe8d78e452f","assistantId":"995348d95b96c9e5","textChars":4,"reviewSkipped":false}
00:22:56 [log] [perm-autopass] allow permission=external_directory
00:22:56 [info] [intervention] {"stage":"model.start","at":1790353376286,"requestId":"20f63aaef1baae28","origin":"b5094fe8d78e452f","runId":"ca54a750a836b3b0","sessionId":"b5094fe8d78e452f","userId":"56d5462fe82b30c7","assistantId":"3d5990bc6c072245","ephemeral":false,"hasScope":true,"route":"upstream"}
00:22:56 [info] [intervention] {"stage":"fetch.start","at":1790353376308,"requestId":"20f63aaef1baae28","origin":"b5094fe8d78e452f","runId":"ca54a750a836b3b0","sessionId":"b5094fe8d78e452f","userId":"56d5462fe82b30c7","assistantId":"3d5990bc6c072245","ephemeral":false,"hasScope":true,"protocol":"chat-completions","route":"upstream"}
00:23:00 [info] [intervention] {"stage":"fetch.response","at":1790353380065,"requestId":"20f63aaef1baae28","origin":"b5094fe8d78e452f","runId":"ca54a750a836b3b0","sessionId":"b5094fe8d78e452f","userId":"56d5462fe82b30c7","assistantId":"3d5990bc6c072245","elapsedMs":3757,"status":200,"ephemeral":false,"hasScope":true,"protocol":"chat-completions","route":"upstream"}
00:23:06 [log] [perm-autopass] allow permission=external_directory
00:23:06 [info] [intervention] {"stage":"model.start","at":1790353386301,"requestId":"20f63aaef1baae28","origin":"b5094fe8d78e452f","runId":"ca54a750a836b3b0","sessionId":"b5094fe8d78e452f","userId":"56d5462fe82b30c7","assistantId":"f1a6fe3be75b1252","ephemeral":false,"hasScope":true,"route":"upstream"}
00:23:06 [info] [intervention] {"stage":"fetch.start","at":1790353386326,"requestId":"20f63aaef1baae28","origin":"b5094fe8d78e452f","runId":"ca54a750a836b3b0","sessionId":"b5094fe8d78e452f","userId":"56d5462fe82b30c7","assistantId":"f1a6fe3be75b1252","ephemeral":false,"hasScope":true,"protocol":"chat-completions","route":"upstream"}
00:23:12 [info] [intervention] {"stage":"fetch.response","at":1790353392353,"requestId":"20f63aaef1baae28","origin":"b5094fe8d78e452f","runId":"ca54a750a836b3b0","sessionId":"b5094fe8d78e452f","userId":"56d5462fe82b30c7","assistantId":"f1a6fe3be75b1252","elapsedMs":6027,"status":200,"ephemeral":false,"hasScope":true,"protocol":"chat-completions","route":"upstream"}
00:23:17 [log] [perm-autopass] allow permission=external_directory
00:23:17 [info] [intervention] {"stage":"model.start","at":1790353397326,"requestId":"20f63aaef1baae28","origin":"b5094fe8d78e452f","runId":"ca54a750a836b3b0","sessionId":"b5094fe8d78e452f","userId":"56d5462fe82b30c7","assistantId":"ff504cb783efb540","ephemeral":false,"hasScope":true,"route":"upstream"}
00:23:17 [info] [intervention] {"stage":"fetch.start","at":1790353397350,"requestId":"20f63aaef1baae28","origin":"b5094fe8d78e452f","runId":"ca54a750a836b3b0","sessionId":"b5094fe8d78e452f","userId":"56d5462fe82b30c7","assistantId":"ff504cb783efb540","ephemeral":false,"hasScope":true,"protocol":"chat-completions","route":"upstream"}
00:23:19 [log] [sess-diag] engineFetch GET /experimental/session?roots=true&limit=2000 -> HTTP 200 elapsed=18ms responseBytes=38752 engineUrl= http://127.0.0.1:62469 engineId= (default)
00:23:19 [log] [sess-diag] loadEngineSessions: 原始条数 = 18
00:23:19 [log] [sess-diag] loadEngineSessions: reconcile 后 convos = 18 order = 18
00:23:19 [log] [sess-diag] loadEngineSessions: 耗时(ms) fetch = 21 repoRoots = 2 build+reconcile = 4 set = 1 total = 27
00:23:21 [info] [intervention] {"stage":"fetch.response","at":1790353401469,"requestId":"20f63aaef1baae28","origin":"b5094fe8d78e452f","runId":"ca54a750a836b3b0","sessionId":"b5094fe8d78e452f","userId":"56d5462fe82b30c7","assistantId":"ff504cb783efb540","elapsedMs":4119,"status":200,"ephemeral":false,"hasScope":true,"protocol":"chat-completions","route":"upstream"}
00:23:23 [log] [perm-autopass] allow permission=external_directory
00:23:23 [info] [intervention] {"stage":"model.start","at":1790353403274,"requestId":"20f63aaef1baae28","origin":"b5094fe8d78e452f","runId":"ca54a750a836b3b0","sessionId":"b5094fe8d78e452f","userId":"56d5462fe82b30c7","assistantId":"d1e6d6ee871c7f85","ephemeral":false,"hasScope":true,"route":"upstream"}
00:23:23 [info] [intervention] {"stage":"fetch.start","at":1790353403296,"requestId":"20f63aaef1baae28","origin":"b5094fe8d78e452f","runId":"ca54a750a836b3b0","sessionId":"b5094fe8d78e452f","userId":"56d5462fe82b30c7","assistantId":"d1e6d6ee871c7f85","ephemeral":false,"hasScope":true,"protocol":"chat-completions","route":"upstream"}
00:23:27 [info] [intervention] {"stage":"fetch.response","at":1790353407409,"requestId":"20f63aaef1baae28","origin":"b5094fe8d78e452f","runId":"ca54a750a836b3b0","sessionId":"b5094fe8d78e452f","userId":"56d5462fe82b30c7","assistantId":"d1e6d6ee871c7f85","elapsedMs":4113,"status":200,"ephemeral":false,"hasScope":true,"protocol":"chat-completions","route":"upstream"}
00:23:34 [info] [intervention] {"stage":"model.start","at":1790353414922,"requestId":"20f63aaef1baae28","origin":"b5094fe8d78e452f","runId":"ca54a750a836b3b0","sessionId":"b5094fe8d78e452f","userId":"56d5462fe82b30c7","assistantId":"09f74b271a6624c5","ephemeral":false,"hasScope":true,"route":"upstream"}
00:23:34 [info] [intervention] {"stage":"fetch.start","at":1790353414952,"requestId":"20f63aaef1baae28","origin":"b5094fe8d78e452f","runId":"ca54a750a836b3b0","sessionId":"b5094fe8d78e452f","userId":"56d5462fe82b30c7","assistantId":"09f74b271a6624c5","ephemeral":false,"hasScope":true,"protocol":"chat-completions","route":"upstream"}
00:23:44 [info] [intervention] {"stage":"fetch.response","at":1790353424322,"requestId":"20f63aaef1baae28","origin":"b5094fe8d78e452f","runId":"ca54a750a836b3b0","sessionId":"b5094fe8d78e452f","userId":"56d5462fe82b30c7","assistantId":"09f74b271a6624c5","elapsedMs":9370,"status":200,"ephemeral":false,"hasScope":true,"protocol":"chat-completions","route":"upstream"}
00:23:44 [info] [intervention] {"stage":"output","at":1790353424707,"runId":"ca54a750a836b3b0","sessionId":"b5094fe8d78e452f","assistantId":"09f74b271a6624c5","textChars":15,"reviewSkipped":false}
00:23:47 [info] [intervention] {"stage":"closed","at":1790353427326,"requestId":"20f63aaef1baae28","origin":"b5094fe8d78e452f","runId":"ca54a750a836b3b0","sessionId":"b5094fe8d78e452f","userId":"56d5462fe82b30c7","elapsedMs":211030,"textChars":33,"reviewId":"mimo-intv-mimo_pc_input_text-5fa989afcf154bbf80506f8a56d8703b"}
00:23:47 [info] [turn-power-save] released sysId=0 last=run:ses_REDACTED
00:23:47 [log] [sess-diag] [white-screen-up] {"id":"ses_REDACTED","upDelta":2836,"prevTop":15485.3330078125,"top":12649.3330078125,"clientHeight":883,"prevScrollHeight":16416,"scrollHeight":13532,"following":false,"lastPinSource":"floor","stack":"Error: white-screen-up-scroll\n    at Fn (app://-/renderer/assets/ThreadView-D9cl-a57.js:1:5217)\n    at HTMLDivElement.A (app://-/renderer/assets/ThreadView-D9cl-a57.js:1:24046)"}
00:23:47 [log] [sess-diag] engineFetch GET /session/ses_REDACTED/task -> HTTP 200 elapsed=129ms responseBytes=2346 engineUrl= http://127.0.0.1:62469 engineId= mimocode
00:23:47 [info] [content-review] app=mimo_pc_output_text source=conversation why=flush batch=fda603c36bf88adb api=/api/audit/check len=42 images=0 sha=df5e0921daeb session=ses_REDACTED elapsed=215ms verdict=pass reviewId=mimo-mimo_pc_output_text-5259b6047f2d4111925f5707519d102c detail=[serverVerdict=pass resultCode=1 subCode=9 aigc=- hints=0 detailsLen=0 resp=[passed=pass resultCode=1 reviewId=mimo-mimo_pc_output_text-5259b6047f2d4111925f5707519d102c offlineReason= offlineDetails=[0 chars] hint=[0 items] subCode=9 aigc=null]]
00:23:47 [log] [sess-diag] engineFetch GET /session/ses_REDACTED -> HTTP 200 elapsed=141ms responseBytes=29556 engineUrl= http://127.0.0.1:62469 engineId= mimocode
00:23:47 [log] [sess-diag] engineFetch GET /session/ses_REDACTED/recovery -> HTTP 200 elapsed=181ms responseBytes=2 engineUrl= http://127.0.0.1:62469 engineId= mimocode
00:23:47 [info] [content-review] app=mimo_pc_output_text source=conversation why=flush batch=226046cf4d474c82 api=/api/audit/check len=104 images=0 sha=ce24c2e4be12 session=ses_REDACTED elapsed=156ms verdict=pass reviewId=mimo-mimo_pc_output_text-42e968d7d0a34b4f8197fe77e20a575e detail=[serverVerdict=pass resultCode=1 subCode=9 aigc=- hints=0 detailsLen=0 resp=[passed=pass resultCode=1 reviewId=mimo-mimo_pc_output_text-42e968d7d0a34b4f8197fe77e20a575e offlineReason= offlineDetails=[0 chars] hint=[0 items] subCode=9 aigc=null]]
00:23:47 [info] [content-review] app=mimo_pc_output_text source=conversation why=flush batch=15685bb817e6b31f api=/api/audit/check len=23 images=0 sha=17d900b6bb6a session=ses_REDACTED elapsed=151ms verdict=pass reviewId=mimo-mimo_pc_output_text-bdd646f52bb34be6aed48d38a27628ce detail=[serverVerdict=pass resultCode=1 subCode=9 aigc=- hints=0 detailsLen=0 resp=[passed=pass resultCode=1 reviewId=mimo-mimo_pc_output_text-bdd646f52bb34be6aed48d38a27628ce offlineReason= offlineDetails=[0 chars] hint=[0 items] subCode=9 aigc=null]]
00:23:48 [info] [content-review] app=mimo_pc_output_text source=conversation why=flush batch=5ab8cb136a2c6481 api=/api/audit/check len=395 images=0 sha=64c5a5688afa session=ses_REDACTED elapsed=201ms verdict=pass reviewId=mimo-mimo_pc_output_text-cc90130455a0429e973367ee6584e84a detail=[serverVerdict=pass resultCode=1 subCode=9 aigc=- hints=0 detailsLen=0 resp=[passed=pass resultCode=1 reviewId=mimo-mimo_pc_output_text-cc90130455a0429e973367ee6584e84a offlineReason= offlineDetails=[0 chars] hint=[0 items] subCode=9 aigc=null]]
00:23:48 [info] [content-review] app=mimo_pc_output_text source=conversation why=flush batch=2b54ad490dbc85a7 api=/api/audit/check len=33 images=0 sha=b936f8871cae session=ses_REDACTED elapsed=148ms verdict=pass reviewId=mimo-mimo_pc_output_text-69594a3e5b9f46e0965fed78815bf84a detail=[serverVerdict=pass resultCode=1 subCode=9 aigc=- hints=0 detailsLen=0 resp=[passed=pass resultCode=1 reviewId=mimo-mimo_pc_output_text-69594a3e5b9f46e0965fed78815bf84a offlineReason= offlineDetails=[0 chars] hint=[0 items] subCode=9 aigc=null]]
00:23:48 [info] [content-review] app=mimo_pc_output_text source=conversation why=flush batch=b3b5987e3c08a195 api=/api/audit/check len=207 images=0 sha=3a4df6d326fd session=ses_REDACTED elapsed=207ms verdict=pass reviewId=mimo-mimo_pc_output_text-0cd024454c3141788c39e6eb2ecb05c7 detail=[serverVerdict=pass resultCode=1 subCode=9 aigc=- hints=0 detailsLen=0 resp=[passed=pass resultCode=1 reviewId=mimo-mimo_pc_output_text-0cd024454c3141788c39e6eb2ecb05c7 offlineReason= offlineDetails=[0 chars] hint=[0 items] subCode=9 aigc=null]]
00:23:49 [log] [sess-diag] engineFetch GET /experimental/session?roots=true&limit=2000 -> HTTP 200 elapsed=19ms responseBytes=38752 engineUrl= http://127.0.0.1:62469 engineId= (default)
00:23:49 [log] [sess-diag] loadEngineSessions: 原始条数 = 18
00:23:49 [log] [sess-diag] loadEngineSessions: reconcile 后 convos = 18 order = 18
00:23:49 [log] [sess-diag] loadEngineSessions: 耗时(ms) fetch = 23 repoRoots = 2 build+reconcile = 4 set = 1 total = 30
00:24:19 [log] [sess-diag] engineFetch GET /experimental/session?roots=true&limit=2000 -> HTTP 200 elapsed=20ms responseBytes=38752 engineUrl= http://127.0.0.1:62469 engineId= (default)
00:24:19 [log] [sess-diag] loadEngineSessions: 原始条数 = 18
00:24:19 [log] [sess-diag] loadEngineSessions: reconcile 后 convos = 18 order = 18
00:24:19 [log] [sess-diag] loadEngineSessions: 耗时(ms) fetch = 25 repoRoots = 2 build+reconcile = 4 set = 1 total = 31
00:24:49 [log] [sess-diag] engineFetch GET /experimental/session?roots=true&limit=2000 -> HTTP 200 elapsed=36ms responseBytes=38752 engineUrl= http://127.0.0.1:62469 engineId= (default)
00:24:49 [log] [sess-diag] loadEngineSessions: 原始条数 = 18
00:24:49 [log] [sess-diag] loadEngineSessions: reconcile 后 convos = 18 order = 18
00:24:49 [log] [sess-diag] loadEngineSessions: 耗时(ms) fetch = 112 repoRoots = 1 build+reconcile = 2 set = 1 total = 116
00:24:54 [info] [intervention] {"stage":"query","at":1790353494135,"requestId":"e924bc792f73205c","origin":"b5094fe8d78e452f","elapsedMs":107,"textChars":58,"queryChars":58,"truncated":false,"result":"miss","reviewId":"mimo-intv-mimo_pc_input_text-ad60692916bb46aca8725fac8f477ff4"}
00:24:54 [info] [content-review] app=mimo_pc_input_text source=input why=oneshot batch=0db4f13eef62f6a3 api=/api/audit/check len=58 images=0 sha=1931aad6b1b4 session=ses_REDACTED elapsed=147ms verdict=pass reviewId=mimo-mimo_pc_input_text-b6efbbf4e9ab40cb97428bd560fb7b4c detail=[serverVerdict=pass resultCode=1 subCode=9 aigc=- hints=0 detailsLen=0 resp=[passed=pass resultCode=1 reviewId=mimo-mimo_pc_input_text-b6efbbf4e9ab40cb97428bd560fb7b4c offlineReason= offlineDetails=[0 chars] hint=[0 items] subCode=9 aigc=null]]
00:24:54 [info] [intervention] {"stage":"prepared","at":1790353494283,"requestId":"e924bc792f73205c","origin":"b5094fe8d78e452f","elapsedMs":255,"textChars":58,"result":"ready","reviewId":"mimo-intv-mimo_pc_input_text-ad60692916bb46aca8725fac8f477ff4"}
00:24:54 [info] [intervention] {"stage":"claim","at":1790353494298,"requestId":"e924bc792f73205c","origin":"b5094fe8d78e452f","sessionId":"b5094fe8d78e452f","elapsedMs":270,"textChars":58,"reviewId":"mimo-intv-mimo_pc_input_text-ad60692916bb46aca8725fac8f477ff4"}
00:24:54 [info] [smart-router] {"origin":"ses_REDACTED","model":"mimo-pro"}
00:24:54 [info] [harness] session origin=ses_REDACTED sid=ses_REDACTED source=user msgLen=58
00:24:54 [info] [turn-power-save] acquired sysId=1 mode=prevent-app-suspension first=run:ses_REDACTED
00:24:54 [info] [intervention] {"stage":"dispatch","at":1790353494388,"requestId":"e924bc792f73205c","origin":"b5094fe8d78e452f","runId":"19ae0ec3156eea06","sessionId":"b5094fe8d78e452f","elapsedMs":360,"textChars":58,"reviewId":"mimo-intv-mimo_pc_input_text-ad60692916bb46aca8725fac8f477ff4"}
00:24:54 [info] [intervention] {"stage":"user-bound","at":1790353494483,"requestId":"e924bc792f73205c","origin":"b5094fe8d78e452f","runId":"19ae0ec3156eea06","sessionId":"b5094fe8d78e452f","userId":"1e585c074f335cdc","elapsedMs":455,"textChars":58,"reviewId":"mimo-intv-mimo_pc_input_text-ad60692916bb46aca8725fac8f477ff4"}
00:24:54 [info] [intervention] {"stage":"model.start","at":1790353494811,"requestId":"e924bc792f73205c","origin":"b5094fe8d78e452f","runId":"19ae0ec3156eea06","sessionId":"b5094fe8d78e452f","userId":"1e585c074f335cdc","assistantId":"7d18a3660e97d968","ephemeral":false,"hasScope":true,"route":"upstream"}
00:24:54 [info] [intervention] {"stage":"fetch.start","at":1790353494834,"requestId":"e924bc792f73205c","origin":"b5094fe8d78e452f","runId":"19ae0ec3156eea06","sessionId":"b5094fe8d78e452f","userId":"1e585c074f335cdc","assistantId":"7d18a3660e97d968","ephemeral":false,"hasScope":true,"protocol":"chat-completions","route":"upstream"}
00:25:03 [info] [intervention] {"stage":"fetch.response","at":1790353503052,"requestId":"e924bc792f73205c","origin":"b5094fe8d78e452f","runId":"19ae0ec3156eea06","sessionId":"b5094fe8d78e452f","userId":"1e585c074f335cdc","assistantId":"7d18a3660e97d968","elapsedMs":8218,"status":200,"ephemeral":false,"hasScope":true,"protocol":"chat-completions","route":"upstream"}
00:25:05 [info] [content-review/turn-binding] note-no-slot key=ses_REDACTED anchor=msg:msg_g001a0d9625223001Pe7PKKp1q
00:25:05 [info] [intervention] {"stage":"output","at":1790353505100,"runId":"19ae0ec3156eea06","sessionId":"b5094fe8d78e452f","assistantId":"7d18a3660e97d968","textChars":1,"reviewSkipped":false}
00:25:09 [log] [perm-autopass] allow permission=bash
00:25:15 [info] [intervention] {"stage":"model.start","at":1790353515736,"requestId":"e924bc792f73205c","origin":"b5094fe8d78e452f","runId":"19ae0ec3156eea06","sessionId":"b5094fe8d78e452f","userId":"1e585c074f335cdc","assistantId":"ed09a7b15f4e3895","ephemeral":false,"hasScope":true,"route":"upstream"}
00:25:15 [info] [intervention] {"stage":"fetch.start","at":1790353515759,"requestId":"e924bc792f73205c","origin":"b5094fe8d78e452f","runId":"19ae0ec3156eea06","sessionId":"b5094fe8d78e452f","userId":"1e585c074f335cdc","assistantId":"ed09a7b15f4e3895","ephemeral":false,"hasScope":true,"protocol":"chat-completions","route":"upstream"}
00:25:19 [log] [sess-diag] engineFetch GET /experimental/session?roots=true&limit=2000 -> HTTP 200 elapsed=18ms responseBytes=38752 engineUrl= http://127.0.0.1:62469 engineId= (default)
00:25:19 [log] [sess-diag] loadEngineSessions: 原始条数 = 18
00:25:19 [log] [sess-diag] loadEngineSessions: reconcile 后 convos = 18 order = 18
00:25:19 [log] [sess-diag] loadEngineSessions: 耗时(ms) fetch = 28 repoRoots = 2 build+reconcile = 4 set = 1 total = 35
00:25:32 [info] [intervention] {"stage":"fetch.response","at":1790353532237,"requestId":"e924bc792f73205c","origin":"b5094fe8d78e452f","runId":"19ae0ec3156eea06","sessionId":"b5094fe8d78e452f","userId":"1e585c074f335cdc","assistantId":"ed09a7b15f4e3895","elapsedMs":16478,"status":200,"ephemeral":false,"hasScope":true,"protocol":"chat-completions","route":"upstream"}
00:25:37 [log] [perm-autopass] allow permission=bash
00:25:49 [log] [sess-diag] engineFetch GET /experimental/session?roots=true&limit=2000 -> HTTP 200 elapsed=9ms responseBytes=38752 engineUrl= http://127.0.0.1:62469 engineId= (default)
00:25:49 [log] [sess-diag] loadEngineSessions: 原始条数 = 18
00:25:49 [log] [sess-diag] loadEngineSessions: reconcile 后 convos = 18 order = 18
00:25:49 [log] [sess-diag] loadEngineSessions: 耗时(ms) fetch = 12 repoRoots = 4 build+reconcile = 2 set = 1 total = 19
00:26:19 [log] [sess-diag] engineFetch GET /experimental/session?roots=true&limit=2000 -> HTTP 200 elapsed=15ms responseBytes=38752 engineUrl= http://127.0.0.1:62469 engineId= (default)
00:26:19 [log] [sess-diag] loadEngineSessions: 原始条数 = 18
00:26:19 [log] [sess-diag] loadEngineSessions: reconcile 后 convos = 18 order = 18
00:26:19 [log] [sess-diag] loadEngineSessions: 耗时(ms) fetch = 16 repoRoots = 1 build+reconcile = 2 set = 1 total = 20
00:26:49 [log] [sess-diag] engineFetch GET /experimental/session?roots=true&limit=2000 -> HTTP 200 elapsed=10ms responseBytes=38752 engineUrl= http://127.0.0.1:62469 engineId= (default)
00:26:49 [log] [sess-diag] loadEngineSessions: 原始条数 = 18
00:26:49 [log] [sess-diag] loadEngineSessions: reconcile 后 convos = 18 order = 18
00:26:49 [log] [sess-diag] loadEngineSessions: 耗时(ms) fetch = 13 repoRoots = 1 build+reconcile = 2 set = 1 total = 17
00:27:19 [log] [sess-diag] engineFetch GET /experimental/session?roots=true&limit=2000 -> HTTP 200 elapsed=13ms responseBytes=38752 engineUrl= http://127.0.0.1:62469 engineId= (default)
00:27:19 [log] [sess-diag] loadEngineSessions: 原始条数 = 18
00:27:19 [log] [sess-diag] loadEngineSessions: reconcile 后 convos = 18 order = 18
00:27:19 [log] [sess-diag] loadEngineSessions: 耗时(ms) fetch = 14 repoRoots = 32 build+reconcile = 3 set = 1 total = 50
00:27:38 [info] [intervention] {"stage":"model.start","at":1790353658490,"requestId":"e924bc792f73205c","origin":"b5094fe8d78e452f","runId":"19ae0ec3156eea06","sessionId":"b5094fe8d78e452f","userId":"1e585c074f335cdc","assistantId":"36c63c84c9469fae","ephemeral":false,"hasScope":true,"route":"upstream"}
00:27:38 [info] [intervention] {"stage":"fetch.start","at":1790353658519,"requestId":"e924bc792f73205c","origin":"b5094fe8d78e452f","runId":"19ae0ec3156eea06","sessionId":"b5094fe8d78e452f","userId":"1e585c074f335cdc","assistantId":"36c63c84c9469fae","ephemeral":false,"hasScope":true,"protocol":"chat-completions","route":"upstream"}
00:27:44 [info] [intervention] {"stage":"fetch.response","at":1790353664124,"requestId":"e924bc792f73205c","origin":"b5094fe8d78e452f","runId":"19ae0ec3156eea06","sessionId":"b5094fe8d78e452f","userId":"1e585c074f335cdc","assistantId":"36c63c84c9469fae","elapsedMs":5605,"status":200,"ephemeral":false,"hasScope":true,"protocol":"chat-completions","route":"upstream"}
00:27:46 [info] [intervention] {"stage":"output","at":1790353666332,"runId":"19ae0ec3156eea06","sessionId":"b5094fe8d78e452f","assistantId":"36c63c84c9469fae","textChars":2,"reviewSkipped":false}
00:27:49 [log] [sess-diag] engineFetch GET /experimental/session?roots=true&limit=2000 -> HTTP 200 elapsed=18ms responseBytes=38752 engineUrl= http://127.0.0.1:62469 engineId= (default)
00:27:49 [log] [sess-diag] loadEngineSessions: 原始条数 = 18
00:27:49 [log] [sess-diag] loadEngineSessions: reconcile 后 convos = 18 order = 18
00:27:49 [log] [sess-diag] loadEngineSessions: 耗时(ms) fetch = 22 repoRoots = 2 build+reconcile = 5 set = 2 total = 30
00:27:53 [log] [perm-autopass] allow permission=bash
00:28:19 [log] [sess-diag] engineFetch GET /experimental/session?roots=true&limit=2000 -> HTTP 200 elapsed=14ms responseBytes=38752 engineUrl= http://127.0.0.1:62469 engineId= (default)
00:28:19 [log] [sess-diag] loadEngineSessions: 原始条数 = 18
00:28:19 [log] [sess-diag] loadEngineSessions: reconcile 后 convos = 18 order = 18
00:28:19 [log] [sess-diag] loadEngineSessions: 耗时(ms) fetch = 15 repoRoots = 1 build+reconcile = 2 set = 1 total = 20
00:28:49 [log] [sess-diag] engineFetch GET /experimental/session?roots=true&limit=2000 -> HTTP 200 elapsed=10ms responseBytes=38752 engineUrl= http://127.0.0.1:62469 engineId= (default)
00:28:49 [log] [sess-diag] loadEngineSessions: 原始条数 = 18
00:28:49 [log] [sess-diag] loadEngineSessions: reconcile 后 convos = 18 order = 18
00:28:49 [log] [sess-diag] loadEngineSessions: 耗时(ms) fetch = 12 repoRoots = 1 build+reconcile = 2 set = 1 total = 16
00:29:12 [info] [experiment] key=feature_gates id=101197 type=string value={\n    "domestic": { "show_mcp_entry": false, "show_custom_model_button": true, "loop_streak_recovery": true, "show_evolve_entry": true,"show_computeruse": false, "show_browseruse": false, "show_pay": … elapsed=1ms
00:29:12 [info] [feature-gates] refresh: ok (elapsed=36ms)
00:29:19 [log] [sess-diag] engineFetch GET /experimental/session?roots=true&limit=2000 -> HTTP 200 elapsed=11ms responseBytes=38752 engineUrl= http://127.0.0.1:62469 engineId= (default)
00:29:19 [log] [sess-diag] loadEngineSessions: 原始条数 = 18
00:29:19 [log] [sess-diag] loadEngineSessions: reconcile 后 convos = 18 order = 18
00:29:19 [log] [sess-diag] loadEngineSessions: 耗时(ms) fetch = 14 repoRoots = 1 build+reconcile = 2 set = 1 total = 18
00:29:22 [info] [config] loading from: https://cdn-exp-sg-recommend.pt.xiaomi.com/service/getClientBitMapExpConf/mimoDesktop(%E6%96%B0%E5%8A%A0%E5%9D%A1)
00:29:22 [info] [config] loaded tree for mimoDesktop(新加坡): children=2, upRuleIds=0
00:29:22 [info] [config] remote config loaded: 1 apps
00:29:22 [info] [config] loaded successfully: 1 apps
00:29:49 [log] [sess-diag] engineFetch GET /experimental/session?roots=true&limit=2000 -> HTTP 200 elapsed=12ms responseBytes=38752 engineUrl= http://127.0.0.1:62469 engineId= (default)
00:29:49 [log] [sess-diag] loadEngineSessions: 原始条数 = 18
00:29:49 [log] [sess-diag] loadEngineSessions: reconcile 后 convos = 18 order = 18
00:29:49 [log] [sess-diag] loadEngineSessions: 耗时(ms) fetch = 14 repoRoots = 1 build+reconcile = 3 set = 1 total = 18
00:29:54 [info] [intervention] {"stage":"model.start","at":1790353794553,"requestId":"e924bc792f73205c","origin":"b5094fe8d78e452f","runId":"19ae0ec3156eea06","sessionId":"b5094fe8d78e452f","userId":"1e585c074f335cdc","assistantId":"0990f6224f004e36","ephemeral":false,"hasScope":true,"route":"upstream"}
00:29:54 [info] [intervention] {"stage":"fetch.start","at":1790353794578,"requestId":"e924bc792f73205c","origin":"b5094fe8d78e452f","runId":"19ae0ec3156eea06","sessionId":"b5094fe8d78e452f","userId":"1e585c074f335cdc","assistantId":"0990f6224f004e36","ephemeral":false,"hasScope":true,"protocol":"chat-completions","route":"upstream"}
00:29:58 [info] [intervention] {"stage":"fetch.response","at":1790353798879,"requestId":"e924bc792f73205c","origin":"b5094fe8d78e452f","runId":"19ae0ec3156eea06","sessionId":"b5094fe8d78e452f","userId":"1e585c074f335cdc","assistantId":"0990f6224f004e36","elapsedMs":4301,"status":200,"ephemeral":false,"hasScope":true,"protocol":"chat-completions","route":"upstream"}
00:30:00 [log] [perm-autopass] allow permission=bash
00:30:19 [log] [sess-diag] engineFetch GET /experimental/session?roots=true&limit=2000 -> HTTP 200 elapsed=21ms responseBytes=38752 engineUrl= http://127.0.0.1:62469 engineId= (default)
00:30:19 [log] [sess-diag] loadEngineSessions: 原始条数 = 18
00:30:19 [log] [sess-diag] loadEngineSessions: reconcile 后 convos = 18 order = 18
00:30:19 [log] [sess-diag] loadEngineSessions: 耗时(ms) fetch = 61 repoRoots = 5 build+reconcile = 2 set = 1 total = 69
00:30:49 [log] [sess-diag] engineFetch GET /experimental/session?roots=true&limit=2000 -> HTTP 200 elapsed=10ms responseBytes=38752 engineUrl= http://127.0.0.1:62469 engineId= (default)
00:30:49 [log] [sess-diag] loadEngineSessions: 原始条数 = 18
00:30:49 [log] [sess-diag] loadEngineSessions: reconcile 后 convos = 18 order = 18
00:30:49 [log] [sess-diag] loadEngineSessions: 耗时(ms) fetch = 12 repoRoots = 1 build+reconcile = 2 set = 1 total = 16
00:31:19 [log] [sess-diag] engineFetch GET /experimental/session?roots=true&limit=2000 -> HTTP 200 elapsed=10ms responseBytes=38752 engineUrl= http://127.0.0.1:62469 engineId= (default)
00:31:19 [log] [sess-diag] loadEngineSessions: 原始条数 = 18
00:31:19 [log] [sess-diag] loadEngineSessions: reconcile 后 convos = 18 order = 18
00:31:19 [log] [sess-diag] loadEngineSessions: 耗时(ms) fetch = 13 repoRoots = 4 build+reconcile = 2 set = 1 total = 20
00:31:49 [log] [sess-diag] engineFetch GET /experimental/session?roots=true&limit=2000 -> HTTP 200 elapsed=9ms responseBytes=38752 engineUrl= http://127.0.0.1:62469 engineId= (default)
00:31:49 [log] [sess-diag] loadEngineSessions: 原始条数 = 18
00:31:49 [log] [sess-diag] loadEngineSessions: reconcile 后 convos = 18 order = 18
00:31:49 [log] [sess-diag] loadEngineSessions: 耗时(ms) fetch = 11 repoRoots = 1 build+reconcile = 3 set = 1 total = 15
00:32:01 [info] [intervention] {"stage":"model.start","at":1790353921664,"requestId":"e924bc792f73205c","origin":"b5094fe8d78e452f","runId":"19ae0ec3156eea06","sessionId":"b5094fe8d78e452f","userId":"1e585c074f335cdc","assistantId":"09c642420749d1c4","ephemeral":false,"hasScope":true,"route":"upstream"}
00:32:01 [info] [intervention] {"stage":"fetch.start","at":1790353921688,"requestId":"e924bc792f73205c","origin":"b5094fe8d78e452f","runId":"19ae0ec3156eea06","sessionId":"b5094fe8d78e452f","userId":"1e585c074f335cdc","assistantId":"09c642420749d1c4","ephemeral":false,"hasScope":true,"protocol":"chat-completions","route":"upstream"}
00:32:07 [info] [intervention] {"stage":"fetch.response","at":1790353927379,"requestId":"e924bc792f73205c","origin":"b5094fe8d78e452f","runId":"19ae0ec3156eea06","sessionId":"b5094fe8d78e452f","userId":"1e585c074f335cdc","assistantId":"09c642420749d1c4","elapsedMs":5691,"status":200,"ephemeral":false,"hasScope":true,"protocol":"chat-completions","route":"upstream"}
00:32:07 [info] [intervention] {"stage":"output","at":1790353927823,"runId":"19ae0ec3156eea06","sessionId":"b5094fe8d78e452f","assistantId":"09c642420749d1c4","textChars":1,"reviewSkipped":false}
00:32:12 [info] [intervention] {"stage":"model.start","at":1790353932660,"requestId":"e924bc792f73205c","origin":"b5094fe8d78e452f","runId":"19ae0ec3156eea06","sessionId":"b5094fe8d78e452f","userId":"1e585c074f335cdc","assistantId":"21e225ddb3101fc9","ephemeral":false,"hasScope":true,"route":"upstream"}
00:32:12 [info] [intervention] {"stage":"fetch.start","at":1790353932687,"requestId":"e924bc792f73205c","origin":"b5094fe8d78e452f","runId":"19ae0ec3156eea06","sessionId":"b5094fe8d78e452f","userId":"1e585c074f335cdc","assistantId":"21e225ddb3101fc9","ephemeral":false,"hasScope":true,"protocol":"chat-completions","route":"upstream"}
00:32:16 [info] [intervention] {"stage":"fetch.response","at":1790353936629,"requestId":"e924bc792f73205c","origin":"b5094fe8d78e452f","runId":"19ae0ec3156eea06","sessionId":"b5094fe8d78e452f","userId":"1e585c074f335cdc","assistantId":"21e225ddb3101fc9","elapsedMs":3942,"status":200,"ephemeral":false,"hasScope":true,"protocol":"chat-completions","route":"upstream"}
00:32:18 [info] [intervention] {"stage":"output","at":1790353938814,"runId":"19ae0ec3156eea06","sessionId":"b5094fe8d78e452f","assistantId":"21e225ddb3101fc9","textChars":1,"reviewSkipped":false}
00:32:19 [log] [sess-diag] engineFetch GET /experimental/session?roots=true&limit=2000 -> HTTP 200 elapsed=16ms responseBytes=38752 engineUrl= http://127.0.0.1:62469 engineId= (default)
00:32:19 [log] [sess-diag] loadEngineSessions: 原始条数 = 18
00:32:19 [log] [sess-diag] loadEngineSessions: reconcile 后 convos = 18 order = 18
00:32:19 [log] [sess-diag] loadEngineSessions: 耗时(ms) fetch = 32 repoRoots = 4 build+reconcile = 2 set = 1 total = 38
00:32:29 [info] [intervention] {"stage":"model.start","at":1790353949007,"requestId":"e924bc792f73205c","origin":"b5094fe8d78e452f","runId":"19ae0ec3156eea06","sessionId":"b5094fe8d78e452f","userId":"1e585c074f335cdc","assistantId":"0ddc28396d5669ce","ephemeral":false,"hasScope":true,"route":"upstream"}
00:32:29 [info] [intervention] {"stage":"fetch.start","at":1790353949032,"requestId":"e924bc792f73205c","origin":"b5094fe8d78e452f","runId":"19ae0ec3156eea06","sessionId":"b5094fe8d78e452f","userId":"1e585c074f335cdc","assistantId":"0ddc28396d5669ce","ephemeral":false,"hasScope":true,"protocol":"chat-completions","route":"upstream"}
00:32:33 [info] [intervention] {"stage":"fetch.response","at":1790353953507,"requestId":"e924bc792f73205c","origin":"b5094fe8d78e452f","runId":"19ae0ec3156eea06","sessionId":"b5094fe8d78e452f","userId":"1e585c074f335cdc","assistantId":"0ddc28396d5669ce","elapsedMs":4475,"status":200,"ephemeral":false,"hasScope":true,"protocol":"chat-completions","route":"upstream"}
00:32:34 [info] [intervention] {"stage":"output","at":1790353954566,"runId":"19ae0ec3156eea06","sessionId":"b5094fe8d78e452f","assistantId":"0ddc28396d5669ce","textChars":1,"reviewSkipped":false}
00:32:44 [info] [intervention] {"stage":"model.start","at":1790353964471,"requestId":"e924bc792f73205c","origin":"b5094fe8d78e452f","runId":"19ae0ec3156eea06","sessionId":"b5094fe8d78e452f","userId":"1e585c074f335cdc","assistantId":"e0743fa1e394eb0d","ephemeral":false,"hasScope":true,"route":"upstream"}
00:32:44 [info] [intervention] {"stage":"fetch.start","at":1790353964495,"requestId":"e924bc792f73205c","origin":"b5094fe8d78e452f","runId":"19ae0ec3156eea06","sessionId":"b5094fe8d78e452f","userId":"1e585c074f335cdc","assistantId":"e0743fa1e394eb0d","ephemeral":false,"hasScope":true,"protocol":"chat-completions","route":"upstream"}
00:32:49 [log] [sess-diag] engineFetch GET /experimental/session?roots=true&limit=2000 -> HTTP 200 elapsed=18ms responseBytes=38752 engineUrl= http://127.0.0.1:62469 engineId= (default)
00:32:49 [log] [sess-diag] loadEngineSessions: 原始条数 = 18
00:32:49 [log] [sess-diag] loadEngineSessions: reconcile 后 convos = 18 order = 18
00:32:49 [log] [sess-diag] loadEngineSessions: 耗时(ms) fetch = 22 repoRoots = 51 build+reconcile = 3 set = 1 total = 77
00:32:51 [info] [intervention] {"stage":"fetch.response","at":1790353971018,"requestId":"e924bc792f73205c","origin":"b5094fe8d78e452f","runId":"19ae0ec3156eea06","sessionId":"b5094fe8d78e452f","userId":"1e585c074f335cdc","assistantId":"e0743fa1e394eb0d","elapsedMs":6523,"status":200,"ephemeral":false,"hasScope":true,"protocol":"chat-completions","route":"upstream"}
00:32:51 [info] [intervention] {"stage":"output","at":1790353971551,"runId":"19ae0ec3156eea06","sessionId":"b5094fe8d78e452f","assistantId":"e0743fa1e394eb0d","textChars":4,"reviewSkipped":false}
00:33:01 [info] [intervention] {"stage":"model.start","at":1790353981186,"requestId":"e924bc792f73205c","origin":"b5094fe8d78e452f","runId":"19ae0ec3156eea06","sessionId":"b5094fe8d78e452f","userId":"1e585c074f335cdc","assistantId":"531737ad1ed54366","ephemeral":false,"hasScope":true,"route":"upstream"}
00:33:01 [info] [intervention] {"stage":"fetch.start","at":1790353981216,"requestId":"e924bc792f73205c","origin":"b5094fe8d78e452f","runId":"19ae0ec3156eea06","sessionId":"b5094fe8d78e452f","userId":"1e585c074f335cdc","assistantId":"531737ad1ed54366","ephemeral":false,"hasScope":true,"protocol":"chat-completions","route":"upstream"}
00:33:19 [log] [sess-diag] engineFetch GET /experimental/session?roots=true&limit=2000 -> HTTP 200 elapsed=26ms responseBytes=38752 engineUrl= http://127.0.0.1:62469 engineId= (default)
00:33:19 [log] [sess-diag] loadEngineSessions: 原始条数 = 18
00:33:19 [log] [sess-diag] loadEngineSessions: reconcile 后 convos = 18 order = 18
00:33:19 [log] [sess-diag] loadEngineSessions: 耗时(ms) fetch = 29 repoRoots = 2 build+reconcile = 5 set = 2 total = 38
00:33:27 [info] [intervention] {"stage":"fetch.response","at":1790354007682,"requestId":"e924bc792f73205c","origin":"b5094fe8d78e452f","runId":"19ae0ec3156eea06","sessionId":"b5094fe8d78e452f","userId":"1e585c074f335cdc","assistantId":"531737ad1ed54366","elapsedMs":26466,"status":200,"ephemeral":false,"hasScope":true,"protocol":"chat-completions","route":"upstream"}
00:33:49 [log] [sess-diag] engineFetch GET /experimental/session?roots=true&limit=2000 -> HTTP 200 elapsed=19ms responseBytes=38752 engineUrl= http://127.0.0.1:62469 engineId= (default)
00:33:49 [log] [sess-diag] loadEngineSessions: 原始条数 = 18
00:33:49 [log] [sess-diag] loadEngineSessions: reconcile 后 convos = 18 order = 18
00:33:49 [log] [sess-diag] loadEngineSessions: 耗时(ms) fetch = 23 repoRoots = 2 build+reconcile = 5 set = 1 total = 31
00:33:53 [info] [intervention] {"stage":"output","at":1790354033093,"runId":"19ae0ec3156eea06","sessionId":"b5094fe8d78e452f","assistantId":"531737ad1ed54366","textChars":2,"reviewSkipped":false}
00:33:58 [info] [intervention] {"stage":"model.start","at":1790354038570,"requestId":"e924bc792f73205c","origin":"b5094fe8d78e452f","runId":"19ae0ec3156eea06","sessionId":"b5094fe8d78e452f","userId":"1e585c074f335cdc","assistantId":"f529d8b3b07e160a","ephemeral":false,"hasScope":true,"route":"upstream"}
00:33:58 [info] [intervention] {"stage":"fetch.start","at":1790354038594,"requestId":"e924bc792f73205c","origin":"b5094fe8d78e452f","runId":"19ae0ec3156eea06","sessionId":"b5094fe8d78e452f","userId":"1e585c074f335cdc","assistantId":"f529d8b3b07e160a","ephemeral":false,"hasScope":true,"protocol":"chat-completions","route":"upstream"}
00:34:05 [info] [intervention] {"stage":"fetch.response","at":1790354045878,"requestId":"e924bc792f73205c","origin":"b5094fe8d78e452f","runId":"19ae0ec3156eea06","sessionId":"b5094fe8d78e452f","userId":"1e585c074f335cdc","assistantId":"f529d8b3b07e160a","elapsedMs":7284,"status":200,"ephemeral":false,"hasScope":true,"protocol":"chat-completions","route":"upstream"}
00:34:07 [info] [intervention] {"stage":"output","at":1790354047016,"runId":"19ae0ec3156eea06","sessionId":"b5094fe8d78e452f","assistantId":"f529d8b3b07e160a","textChars":6,"reviewSkipped":false}
00:34:11 [info] [intervention] {"stage":"model.start","at":1790354051731,"requestId":"e924bc792f73205c","origin":"b5094fe8d78e452f","runId":"19ae0ec3156eea06","sessionId":"b5094fe8d78e452f","userId":"1e585c074f335cdc","assistantId":"6acbf9a86d64bfd2","ephemeral":false,"hasScope":true,"route":"upstream"}
00:34:11 [info] [intervention] {"stage":"fetch.start","at":1790354051757,"requestId":"e924bc792f73205c","origin":"b5094fe8d78e452f","runId":"19ae0ec3156eea06","sessionId":"b5094fe8d78e452f","userId":"1e585c074f335cdc","assistantId":"6acbf9a86d64bfd2","ephemeral":false,"hasScope":true,"protocol":"chat-completions","route":"upstream"}
00:34:16 [info] [intervention] {"stage":"fetch.response","at":1790354056835,"requestId":"e924bc792f73205c","origin":"b5094fe8d78e452f","runId":"19ae0ec3156eea06","sessionId":"b5094fe8d78e452f","userId":"1e585c074f335cdc","assistantId":"6acbf9a86d64bfd2","elapsedMs":5078,"status":200,"ephemeral":false,"hasScope":true,"protocol":"chat-completions","route":"upstream"}
00:34:19 [log] [sess-diag] engineFetch GET /experimental/session?roots=true&limit=2000 -> HTTP 200 elapsed=18ms responseBytes=38752 engineUrl= http://127.0.0.1:62469 engineId= (default)
00:34:19 [log] [sess-diag] loadEngineSessions: 原始条数 = 18
00:34:19 [log] [sess-diag] loadEngineSessions: reconcile 后 convos = 18 order = 18
00:34:19 [log] [sess-diag] loadEngineSessions: 耗时(ms) fetch = 22 repoRoots = 2 build+reconcile = 5 set = 2 total = 30
00:34:23 [info] [intervention] {"stage":"output","at":1790354063355,"runId":"19ae0ec3156eea06","sessionId":"b5094fe8d78e452f","assistantId":"6acbf9a86d64bfd2","textChars":4,"reviewSkipped":false}
00:34:25 [info] [content-review] app=mimo_pc_output_text source=conversation why=limit batch=6193fb07b5941cc1 api=/api/audit/check len=398 images=0 sha=b99e28a3bedc session=ses_REDACTED elapsed=161ms verdict=pass reviewId=mimo-mimo_pc_output_text-f7dddb530e8946a6a242680dc6f2c138 detail=[serverVerdict=pass resultCode=1 subCode=9 aigc=- hints=0 detailsLen=0 resp=[passed=pass resultCode=1 reviewId=mimo-mimo_pc_output_text-f7dddb530e8946a6a242680dc6f2c138 offlineReason= offlineDetails=[0 chars] hint=[0 items] subCode=9 aigc=null]]
00:34:28 [info] [content-review] app=mimo_pc_output_text source=conversation why=limit batch=6193fb07b5941cc1 api=/api/audit/check len=377 images=0 sha=f07a3e45c96a session=ses_REDACTED elapsed=232ms verdict=pass reviewId=mimo-mimo_pc_output_text-23405931f62d4420ac0aae0bee500f1c detail=[serverVerdict=pass resultCode=1 subCode=9 aigc=- hints=0 detailsLen=0 resp=[passed=pass resultCode=1 reviewId=mimo-mimo_pc_output_text-23405931f62d4420ac0aae0bee500f1c offlineReason= offlineDetails=[0 chars] hint=[0 items] subCode=9 aigc=null]]
00:34:29 [info] [intervention] {"stage":"closed","at":1790354069280,"requestId":"e924bc792f73205c","origin":"b5094fe8d78e452f","runId":"19ae0ec3156eea06","sessionId":"b5094fe8d78e452f","userId":"1e585c074f335cdc","elapsedMs":575252,"textChars":58,"reviewId":"mimo-intv-mimo_pc_input_text-ad60692916bb46aca8725fac8f477ff4"}
00:34:29 [info] [turn-power-save] released sysId=1 last=run:ses_REDACTED
00:34:29 [log] [sess-diag] engineFetch GET /session/ses_REDACTED/task -> HTTP 200 elapsed=86ms responseBytes=2346 engineUrl= http://127.0.0.1:62469 engineId= mimocode
00:34:29 [log] [sess-diag] engineFetch GET /session/ses_REDACTED -> HTTP 200 elapsed=89ms responseBytes=29556 engineUrl= http://127.0.0.1:62469 engineId= mimocode
00:34:29 [log] [sess-diag] engineFetch GET /session/ses_REDACTED/recovery -> HTTP 200 elapsed=133ms responseBytes=2 engineUrl= http://127.0.0.1:62469 engineId= mimocode
00:34:29 [info] [content-review] app=mimo_pc_output_text source=conversation why=flush batch=cad8804553bc5eb5 api=/api/audit/check len=50 images=0 sha=cc65f06fe268 session=ses_REDACTED elapsed=234ms verdict=pass reviewId=mimo-mimo_pc_output_text-44a9b00ce1c64f7e9de4451c7fb6ad2d detail=[serverVerdict=pass resultCode=1 subCode=9 aigc=- hints=0 detailsLen=0 resp=[passed=pass resultCode=1 reviewId=mimo-mimo_pc_output_text-44a9b00ce1c64f7e9de4451c7fb6ad2d offlineReason= offlineDetails=[0 chars] hint=[0 items] subCode=9 aigc=null]]
00:34:29 [info] [content-review] app=mimo_pc_output_text source=conversation why=flush batch=96edb9d51bf95ec6 api=/api/audit/check len=37 images=0 sha=05fae644424a session=ses_REDACTED elapsed=139ms verdict=pass reviewId=mimo-mimo_pc_output_text-e06dcd5150c74eb88b2b74c020821107 detail=[serverVerdict=pass resultCode=1 subCode=9 aigc=- hints=0 detailsLen=0 resp=[passed=pass resultCode=1 reviewId=mimo-mimo_pc_output_text-e06dcd5150c74eb88b2b74c020821107 offlineReason= offlineDetails=[0 chars] hint=[0 items] subCode=9 aigc=null]]
00:34:29 [log] [sess-diag] [white-screen-up] {"id":"ses_REDACTED","upDelta":1729.333984375,"prevTop":16296.6669921875,"top":14567.3330078125,"clientHeight":883,"prevScrollHeight":17179,"scrollHeight":15450,"following":true,"lastPinSource":"floor","stack":"Error: white-screen-up-scroll\n    at Fn (app://-/renderer/assets/ThreadView-D9cl-a57.js:1:5217)\n    at HTMLDivElement.A (app://-/renderer/assets/ThreadView-D9cl-a57.js:1:24046)"}
00:34:29 [info] [content-review] app=mimo_pc_output_text source=conversation why=flush batch=8320e4a7964c6cfc api=/api/audit/check len=23 images=0 sha=32234b0c78a3 session=ses_REDACTED elapsed=141ms verdict=pass reviewId=mimo-mimo_pc_output_text-61da238a480e49b7ac8e59530b47779e detail=[serverVerdict=pass resultCode=1 subCode=9 aigc=- hints=0 detailsLen=0 resp=[passed=pass resultCode=1 reviewId=mimo-mimo_pc_output_text-61da238a480e49b7ac8e59530b47779e offlineReason= offlineDetails=[0 chars] hint=[0 items] subCode=9 aigc=null]]
00:34:29 [info] [content-review] app=mimo_pc_output_text source=conversation why=flush batch=6fa305a3765ae9a8 api=/api/audit/check len=50 images=0 sha=1b24780c616f session=ses_REDACTED elapsed=132ms verdict=pass reviewId=mimo-mimo_pc_output_text-5276df151340414bb382c3c7e92abbed detail=[serverVerdict=pass resultCode=1 subCode=9 aigc=- hints=0 detailsLen=0 resp=[passed=pass resultCode=1 reviewId=mimo-mimo_pc_output_text-5276df151340414bb382c3c7e92abbed offlineReason= offlineDetails=[0 chars] hint=[0 items] subCode=9 aigc=null]]
00:34:30 [info] [content-review] app=mimo_pc_output_text source=conversation why=flush batch=055b70233f17a6b2 api=/api/audit/check len=33 images=0 sha=ed08fc5cfcac session=ses_REDACTED elapsed=152ms verdict=pass reviewId=mimo-mimo_pc_output_text-73025988761841b0ba958997a3b43fba detail=[serverVerdict=pass resultCode=1 subCode=9 aigc=- hints=0 detailsLen=0 resp=[passed=pass resultCode=1 reviewId=mimo-mimo_pc_output_text-73025988761841b0ba958997a3b43fba offlineReason= offlineDetails=[0 chars] hint=[0 items] subCode=9 aigc=null]]
00:34:30 [info] [content-review] app=mimo_pc_output_text source=conversation why=flush batch=a18e53455db29477 api=/api/audit/check len=58 images=0 sha=d491b117106d session=ses_REDACTED elapsed=152ms verdict=pass reviewId=mimo-mimo_pc_output_text-583c05fee0f143088e2d606862cbff47 detail=[serverVerdict=pass resultCode=1 subCode=9 aigc=- hints=0 detailsLen=0 resp=[passed=pass resultCode=1 reviewId=mimo-mimo_pc_output_text-583c05fee0f143088e2d606862cbff47 offlineReason= offlineDetails=[0 chars] hint=[0 items] subCode=9 aigc=null]]
00:34:30 [info] [content-review] app=mimo_pc_output_text source=conversation why=flush batch=9d550391f6aed79a api=/api/audit/check len=324 images=0 sha=49378f0374df session=ses_REDACTED elapsed=261ms verdict=pass reviewId=mimo-mimo_pc_output_text-5f362dc1808c45c894e9c2718eec092c detail=[serverVerdict=pass resultCode=1 subCode=9 aigc=- hints=0 detailsLen=0 resp=[passed=pass resultCode=1 reviewId=mimo-mimo_pc_output_text-5f362dc1808c45c894e9c2718eec092c offlineReason= offlineDetails=[0 chars] hint=[0 items] subCode=9 aigc=null]]
00:34:30 [info] [content-review] app=mimo_pc_output_text source=conversation why=flush batch=15e4fdf11603cec8 api=/api/audit/check len=66 images=0 sha=a616b92766cd session=ses_REDACTED elapsed=161ms verdict=pass reviewId=mimo-mimo_pc_output_text-aa73c3ced13c489f9fcec43e47b4de6a detail=[serverVerdict=pass resultCode=1 subCode=9 aigc=- hints=0 detailsLen=0 resp=[passed=pass resultCode=1 reviewId=mimo-mimo_pc_output_text-aa73c3ced13c489f9fcec43e47b4de6a offlineReason= offlineDetails=[0 chars] hint=[0 items] subCode=9 aigc=null]]
00:34:30 [info] [content-review] app=mimo_pc_output_text source=conversation why=flush batch=6193fb07b5941cc1 api=/api/audit/check len=89 images=0 sha=90569bd36e5e session=ses_REDACTED elapsed=162ms verdict=pass reviewId=mimo-mimo_pc_output_text-15ed12a11ac4445caf4c1a74228a4d46 detail=[serverVerdict=pass resultCode=1 subCode=9 aigc=- hints=0 detailsLen=0 resp=[passed=pass resultCode=1 reviewId=mimo-mimo_pc_output_text-15ed12a11ac4445caf4c1a74228a4d46 offlineReason= offlineDetails=[0 chars] hint=[0 items] subCode=9 aigc=null]]
00:34:49 [log] [sess-diag] engineFetch GET /experimental/session?roots=true&limit=2000 -> HTTP 200 elapsed=42ms responseBytes=38752 engineUrl= http://127.0.0.1:62469 engineId= (default)
00:34:49 [log] [sess-diag] loadEngineSessions: 原始条数 = 18
00:34:49 [log] [sess-diag] loadEngineSessions: reconcile 后 convos = 18 order = 18
00:34:49 [log] [sess-diag] loadEngineSessions: 耗时(ms) fetch = 47 repoRoots = 2 build+reconcile = 5 set = 1 total = 55
00:35:19 [log] [sess-diag] engineFetch GET /experimental/session?roots=true&limit=2000 -> HTTP 200 elapsed=22ms responseBytes=38752 engineUrl= http://127.0.0.1:62469 engineId= (default)
00:35:19 [log] [sess-diag] loadEngineSessions: 原始条数 = 18
00:35:19 [log] [sess-diag] loadEngineSessions: reconcile 后 convos = 18 order = 18
00:35:19 [log] [sess-diag] loadEngineSessions: 耗时(ms) fetch = 26 repoRoots = 2 build+reconcile = 4 set = 1 total = 33
00:35:49 [log] [sess-diag] engineFetch GET /experimental/session?roots=true&limit=2000 -> HTTP 200 elapsed=47ms responseBytes=38752 engineUrl= http://127.0.0.1:62469 engineId= (default)
00:35:49 [log] [sess-diag] loadEngineSessions: 原始条数 = 18
00:35:49 [log] [sess-diag] loadEngineSessions: reconcile 后 convos = 18 order = 18
00:35:49 [log] [sess-diag] loadEngineSessions: 耗时(ms) fetch = 85 repoRoots = 2 build+reconcile = 2 set = 0 total = 90
00:36:03 [log] [sess-diag] engineFetch GET /session/ses_REDACTED/recovery -> HTTP 200 elapsed=443ms responseBytes=2 engineUrl= http://127.0.0.1:62469 engineId= mimocode
00:36:03 [log] [sess-diag] engineFetch GET /session/ses_REDACTED/task -> HTTP 200 elapsed=501ms responseBytes=2346 engineUrl= http://127.0.0.1:62469 engineId= mimocode
00:36:03 [log] [sess-diag] engineFetch GET /session/ses_REDACTED/message -> HTTP 200 elapsed=360ms responseBytes=4807885 engineUrl= http://127.0.0.1:62469 engineId= mimocode
00:36:03 [log] [sess-diag] engineFetch GET /session/ses_REDACTED/actors -> HTTP 200 elapsed=26ms responseBytes=579 engineUrl= http://127.0.0.1:62469 engineId= mimocode
00:36:19 [log] [sess-diag] engineFetch GET /experimental/session?roots=true&limit=2000 -> HTTP 200 elapsed=20ms responseBytes=38752 engineUrl= http://127.0.0.1:62469 engineId= (default)
00:36:19 [log] [sess-diag] loadEngineSessions: 原始条数 = 18
00:36:19 [log] [sess-diag] loadEngineSessions: reconcile 后 convos = 18 order = 18
00:36:19 [log] [sess-diag] loadEngineSessions: 耗时(ms) fetch = 25 repoRoots = 2 build+reconcile = 4 set = 1 total = 32
00:36:28 [log] [sess-diag] engineFetch GET /session/ses_REDACTED/recovery -> HTTP 200 elapsed=384ms responseBytes=2 engineUrl= http://127.0.0.1:62469 engineId= mimocode
00:36:28 [log] [sess-diag] engineFetch GET /session/ses_REDACTED/task -> HTTP 200 elapsed=380ms responseBytes=2346 engineUrl= http://127.0.0.1:62469 engineId= mimocode
00:36:28 [log] [sess-diag] engineFetch GET /session/ses_REDACTED/message -> HTTP 200 elapsed=334ms responseBytes=4807885 engineUrl= http://127.0.0.1:62469 engineId= mimocode
00:36:29 [log] [sess-diag] engineFetch GET /session/ses_REDACTED/actors -> HTTP 200 elapsed=10ms responseBytes=579 engineUrl= http://127.0.0.1:62469 engineId= mimocode
00:36:50 [info] [exit-app] quit via tray menu
00:36:50 [info] [exit-app] before-quit
00:36:50 [info] [window] window closed
00:36:50 [info] [exit-app] window-all-closed platform=win32 appQuitting=true willQuit=false
00:37:35 [info] [boot] MiMo Desktop version=26.923.232338 platform=win32 arch=arm64 os=Windows_NT/10.0.26200 sysver=10.0.26200 mem=7.7GB(free 3.0GB) edition=domestic packaged=true theme=system e2e=false authBypass=false logs=C:\Users\xiaomi\AppData\Roaming\Xiaomi MiMo\logs
00:37:35 [info] [terminal-env] snapshot source: win-registry
00:37:35 [info] [runtimes] injected env: MIMO_NODE,MIMO_PYTHON,MIMO_QPDF,MIMO_GITHUB_MCP_SERVER,MIMO_NODE_MODULES,MIMO_RIPGREP_PATH,MIMO_ELECTRON_NODE_HOST,PYTHONDONTWRITEBYTECODE
00:37:35 [log] [api-base] cached-region reader injected after settle -> ignored
00:37:35 [log] [api-base] system-country reader injected after settle -> ignored
00:37:35 [info] [user-auth] init ok requiresCnAccount=true cachedRegion=CN localeCountry=CN
00:37:35 [warn] [libreoffice-runtime] setup not-configured key=win32-arm64 (manifest 缺项或未发布;静默降级)
00:37:35 [info] [on-demand-assets] setup ready descriptors=soundfont(1f),query-classifier(4f) not-configured=none
00:37:35 [info] [engine] reloadConfigOnNextSession (plugin change)
00:37:35 [error] [plugins] registry corrupt/unreadable at startup seed; closing automation HostMcp gate
00:37:35 [info] [engine] reloadConfigOnNextSession (plugin change)
00:37:35 [info] [plugins] setup ok count=0
00:37:35 [info] [apm] region=CN source=cache
00:37:35 [log] [evolve-observatory] evolve observatory server listening on 127.0.0.1:50737
00:37:35 [log] [mimo][api] listening on 127.0.0.1:50738
00:37:35 [info] [boot] app ready in 870.052001953125ms
00:37:35 [error] [plugins] registry corrupt/unreadable at readiness settle; keeping automation HostMcp gate closed
00:37:35 [info] [engine] reloadConfigOnNextSession (plugin change)
00:37:35 [info] [presentation-host] started socket=C:\Users\xiaomi\AppData\Roaming\Xiaomi MiMo\presentation-host\b7866322994b.sock
00:37:35 [info] [application] activated (main window created)
00:37:35 [info] [tray] enabled=true
00:37:35 [info] [updater] setup begin
00:37:35 [info] [updater] setup platform=win32 packaged=true version=26.923.232338 e2e=false
00:37:35 [info] [updater/win] transaction reconcile kind=none
00:37:35 [info] [updater/win] auto-updater path feed=https://mimocode-cdn.xiaomimimo.com/mimocode/mimodesktop/manifest.json
00:37:35 [info] [engine] prewarm startEngine
00:37:36 [info] [plugins] automation background startup settled {"elapsedMs":711}
00:37:37 [info] [db] prewarm ok in 1873ms
00:37:37 [info] [artifacts] reconciliation starting
00:37:37 [log] [xiaomi-auth] probeStatus start (hidden-window path)
00:37:37 [info] [engine] HostMcp runtime available=true
00:37:38 [info] [engine] reloadConfigOnNextSession (plugin change)
00:37:38 [warn] [query-classification] warmup-unavailable {"code":"inference-failed"}
00:37:40 [log] [DeviceId] generated:
00:37:42 [info] [libreoffice-runtime] prefetch skipped (not-configured)
00:37:42 [info] [on-demand-assets] prefetch start queue=[soundfont,query-classifier]
00:37:42 [info] [on-demand-assets] soundfont cache-hit (1 files);skip download
00:37:42 [info] [on-demand-assets] query-classifier cache-hit (4 files);skip download
00:37:42 [log] [model-catalog] xiaomi login not confirmed -> skip fetch, keep cache
00:37:42 [log] [mimo] engine in-process server ready http://127.0.0.1:56214
00:37:42 [info] [engine] prewarm ok
00:37:42 [info] [mimo] loop_streak_recovery=on · experimental crop enabled for next requests
00:37:42 [info] Checking for update
00:37:43 [log] [xiaomi-auth] probeStatus done kind=authenticated userId=REDACTED
00:37:43 [info] [experiment] initializing app=mimoDesktop(新加坡) env=ksmoscloudsrv service=<sdk-default>
00:37:43 [info] [config] loading from: https://cdn-exp-sg-recommend.pt.xiaomi.com/service/getClientBitMapExpConf/mimoDesktop(%E6%96%B0%E5%8A%A0%E5%9D%A1)
00:37:43 [info] [user-auth] initialize done xiaomi-logged-in=true
00:37:44 [info] Update for version 26.923.232338 is not available (latest version: 26.923.232338, downgrade is disallowed).
00:37:44 [error] (node:11400) [DEP0180] DeprecationWarning: fs.Stats constructor is deprecated.\n(Use `Xiaomi MiMo --trace-deprecation ...` to show where the warning was created)
00:37:45 [info] [config] loaded tree for mimoDesktop(新加坡): children=2, upRuleIds=0
00:37:45 [info] [config] remote config loaded: 1 apps
00:37:45 [info] [config] loaded successfully: 1 apps
00:37:45 [info] [experiment] key=feature_gates id=101197 type=string value={\n    "domestic": { "show_mcp_entry": false, "show_custom_model_button": true, "loop_streak_recovery": true, "show_evolve_entry": true,"show_computeruse": false, "show_browseruse": false, "show_pay": … elapsed=1177ms
00:37:45 [info] [feature-gates] refresh: ok (elapsed=1198ms)
00:37:45 [log] [sess-diag] engineFetch GET /experimental/session?roots=true&limit=2000 -> HTTP 200 elapsed=2903ms responseBytes=38752 engineUrl= http://127.0.0.1:56214 engineId= (default)
00:37:45 [log] [sess-diag] loadEngineSessions: 原始条数 = 18
00:37:45 [log] [sess-diag] loadEngineSessions: reconcile 后 convos = 18 order = 18
00:37:45 [log] [sess-diag] loadEngineSessions: 耗时(ms) fetch = 2935 repoRoots = 14 build+reconcile = 6 set = 1 total = 2956
00:37:46 [info] [artifacts] reconciliation started
00:37:47 [log] [sess-diag] engineFetch GET /session/ses_REDACTED/task -> HTTP 200 elapsed=334ms responseBytes=2346 engineUrl= http://127.0.0.1:56214 engineId= (default)
00:37:47 [log] [sess-diag] engineFetch GET /session/ses_REDACTED/recovery -> HTTP 200 elapsed=133ms responseBytes=2 engineUrl= http://127.0.0.1:56214 engineId= (default)
00:37:47 [log] [sess-diag] engineFetch GET /session/ses_REDACTED/message -> HTTP 200 elapsed=80ms responseBytes=4807885 engineUrl= http://127.0.0.1:56214 engineId= (default)
00:37:48 [log] [sess-diag] engineFetch GET /session/ses_REDACTED/actors -> HTTP 200 elapsed=105ms responseBytes=579 engineUrl= http://127.0.0.1:56214 engineId= (default)
00:38:12 [log] [sess-diag] engineFetch GET /experimental/session?roots=true&limit=2000 -> HTTP 200 elapsed=38ms responseBytes=38752 engineUrl= http://127.0.0.1:56214 engineId= (default)
00:38:12 [log] [sess-diag] loadEngineSessions: 原始条数 = 18
00:38:12 [log] [sess-diag] loadEngineSessions: reconcile 后 convos = 18 order = 18
00:38:12 [log] [sess-diag] loadEngineSessions: 耗时(ms) fetch = 43 repoRoots = 60 build+reconcile = 4 set = 1 total = 107
00:38:42 [log] [sess-diag] engineFetch GET /experimental/session?roots=true&limit=2000 -> HTTP 200 elapsed=28ms responseBytes=38752 engineUrl= http://127.0.0.1:56214 engineId= (default)
00:38:42 [log] [sess-diag] loadEngineSessions: 原始条数 = 18
00:38:42 [log] [sess-diag] loadEngineSessions: reconcile 后 convos = 18 order = 18
00:38:42 [log] [sess-diag] loadEngineSessions: 耗时(ms) fetch = 33 repoRoots = 3 build+reconcile = 5 set = 1 total = 42
00:39:12 [log] [sess-diag] engineFetch GET /experimental/session?roots=true&limit=2000 -> HTTP 200 elapsed=25ms responseBytes=38752 engineUrl= http://127.0.0.1:56214 engineId= (default)
00:39:12 [log] [sess-diag] loadEngineSessions: 原始条数 = 18
00:39:12 [log] [sess-diag] loadEngineSessions: reconcile 后 convos = 18 order = 18
00:39:12 [log] [sess-diag] loadEngineSessions: 耗时(ms) fetch = 29 repoRoots = 2 build+reconcile = 4 set = 1 total = 37
00:39:42 [log] [sess-diag] engineFetch GET /experimental/session?roots=true&limit=2000 -> HTTP 200 elapsed=32ms responseBytes=38752 engineUrl= http://127.0.0.1:56214 engineId= (default)
00:39:42 [log] [sess-diag] loadEngineSessions: 原始条数 = 18
00:39:42 [log] [sess-diag] loadEngineSessions: reconcile 后 convos = 18 order = 18
00:39:42 [log] [sess-diag] loadEngineSessions: 耗时(ms) fetch = 37 repoRoots = 2 build+reconcile = 4 set = 1 total = 44
00:39:42 [info] [intervention] {"stage":"query","at":1790354382716,"requestId":"32c02abe8c084826","origin":"b5094fe8d78e452f","elapsedMs":135,"textChars":79,"queryChars":79,"truncated":false,"result":"miss","reviewId":"mimo-intv-mimo_pc_input_text-31e7ce17baa340efb54b30e87d36f398"}
00:39:42 [info] [content-review] app=mimo_pc_input_text source=input why=oneshot batch=00770cc3645a3668 api=/api/audit/check len=79 images=0 sha=2b1a7d9219af session=ses_REDACTED elapsed=177ms verdict=pass reviewId=mimo-mimo_pc_input_text-f9747f080be44b2d96f1c3f2857ed51b detail=[serverVerdict=pass resultCode=1 subCode=9 aigc=- hints=0 detailsLen=0 resp=[passed=pass resultCode=1 reviewId=mimo-mimo_pc_input_text-f9747f080be44b2d96f1c3f2857ed51b offlineReason= offlineDetails=[0 chars] hint=[0 items] subCode=9 aigc=null]]
00:39:42 [info] [intervention] {"stage":"prepared","at":1790354382897,"requestId":"32c02abe8c084826","origin":"b5094fe8d78e452f","elapsedMs":317,"textChars":79,"result":"ready","reviewId":"mimo-intv-mimo_pc_input_text-31e7ce17baa340efb54b30e87d36f398"}
00:39:42 [info] [intervention] {"stage":"claim","at":1790354382915,"requestId":"32c02abe8c084826","origin":"b5094fe8d78e452f","sessionId":"b5094fe8d78e452f","elapsedMs":335,"textChars":79,"reviewId":"mimo-intv-mimo_pc_input_text-31e7ce17baa340efb54b30e87d36f398"}
00:39:42 [info] [smart-router] {"origin":"ses_REDACTED","model":"mimo-pro"}
00:39:43 [log] [sess-diag] engineFetch GET /session/ses_REDACTED/task -> HTTP 200 elapsed=119ms responseBytes=2346 engineUrl= http://127.0.0.1:56214 engineId= mimocode
00:39:43 [info] [harness] session origin=ses_REDACTED sid=ses_REDACTED source=user msgLen=79
00:39:43 [info] [turn-power-save] acquired sysId=0 mode=prevent-app-suspension first=run:ses_REDACTED
00:39:43 [info] [intervention] {"stage":"dispatch","at":1790354383347,"requestId":"32c02abe8c084826","origin":"b5094fe8d78e452f","runId":"700ed40e970b7822","sessionId":"b5094fe8d78e452f","elapsedMs":767,"textChars":79,"reviewId":"mimo-intv-mimo_pc_input_text-31e7ce17baa340efb54b30e87d36f398"}
00:39:43 [info] [intervention] {"stage":"user-bound","at":1790354383485,"requestId":"32c02abe8c084826","origin":"b5094fe8d78e452f","runId":"700ed40e970b7822","sessionId":"b5094fe8d78e452f","userId":"93f2e3414cfbee56","elapsedMs":905,"textChars":79,"reviewId":"mimo-intv-mimo_pc_input_text-31e7ce17baa340efb54b30e87d36f398"}
00:39:44 [info] [intervention] {"stage":"model.start","at":1790354384045,"requestId":"32c02abe8c084826","origin":"b5094fe8d78e452f","runId":"700ed40e970b7822","sessionId":"b5094fe8d78e452f","userId":"93f2e3414cfbee56","assistantId":"6e05853ba281ba84","ephemeral":false,"hasScope":true,"route":"upstream"}
00:39:44 [info] [intervention] {"stage":"fetch.start","at":1790354384072,"requestId":"32c02abe8c084826","origin":"b5094fe8d78e452f","runId":"700ed40e970b7822","sessionId":"b5094fe8d78e452f","userId":"93f2e3414cfbee56","assistantId":"6e05853ba281ba84","ephemeral":false,"hasScope":true,"protocol":"chat-completions","route":"upstream"}
00:39:49 [info] [intervention] {"stage":"fetch.response","at":1790354389231,"requestId":"32c02abe8c084826","origin":"b5094fe8d78e452f","runId":"700ed40e970b7822","sessionId":"b5094fe8d78e452f","userId":"93f2e3414cfbee56","assistantId":"6e05853ba281ba84","elapsedMs":5159,"status":200,"ephemeral":false,"hasScope":true,"protocol":"chat-completions","route":"upstream"}
00:39:50 [info] [content-review/turn-binding] note-no-slot key=ses_REDACTED anchor=msg:msg_g001a0d96fe3cf001AgzQZyNjK
00:39:50 [info] [intervention] {"stage":"output","at":1790354390444,"runId":"700ed40e970b7822","sessionId":"b5094fe8d78e452f","assistantId":"6e05853ba281ba84","textChars":3,"reviewSkipped":false}
00:39:55 [info] [intervention] {"stage":"model.start","at":1790354395247,"requestId":"32c02abe8c084826","origin":"b5094fe8d78e452f","runId":"700ed40e970b7822","sessionId":"b5094fe8d78e452f","userId":"93f2e3414cfbee56","assistantId":"4747571a0e6e3a4c","ephemeral":false,"hasScope":true,"route":"upstream"}
00:39:55 [info] [intervention] {"stage":"fetch.start","at":1790354395271,"requestId":"32c02abe8c084826","origin":"b5094fe8d78e452f","runId":"700ed40e970b7822","sessionId":"b5094fe8d78e452f","userId":"93f2e3414cfbee56","assistantId":"4747571a0e6e3a4c","ephemeral":false,"hasScope":true,"protocol":"chat-completions","route":"upstream"}
00:39:59 [info] [intervention] {"stage":"fetch.response","at":1790354399574,"requestId":"32c02abe8c084826","origin":"b5094fe8d78e452f","runId":"700ed40e970b7822","sessionId":"b5094fe8d78e452f","userId":"93f2e3414cfbee56","assistantId":"4747571a0e6e3a4c","elapsedMs":4303,"status":200,"ephemeral":false,"hasScope":true,"protocol":"chat-completions","route":"upstream"}
00:40:00 [info] [intervention] {"stage":"output","at":1790354400769,"runId":"700ed40e970b7822","sessionId":"b5094fe8d78e452f","assistantId":"4747571a0e6e3a4c","textChars":5,"reviewSkipped":false}
00:40:06 [info] [intervention] {"stage":"model.start","at":1790354406967,"requestId":"32c02abe8c084826","origin":"b5094fe8d78e452f","runId":"700ed40e970b7822","sessionId":"b5094fe8d78e452f","userId":"93f2e3414cfbee56","assistantId":"fe1cd68ba959ce4b","ephemeral":false,"hasScope":true,"route":"upstream"}
00:40:06 [info] [intervention] {"stage":"fetch.start","at":1790354406990,"requestId":"32c02abe8c084826","origin":"b5094fe8d78e452f","runId":"700ed40e970b7822","sessionId":"b5094fe8d78e452f","userId":"93f2e3414cfbee56","assistantId":"fe1cd68ba959ce4b","ephemeral":false,"hasScope":true,"protocol":"chat-completions","route":"upstream"}
00:40:12 [log] [sess-diag] engineFetch GET /experimental/session?roots=true&limit=2000 -> HTTP 200 elapsed=12ms responseBytes=38752 engineUrl= http://127.0.0.1:56214 engineId= (default)
00:40:12 [log] [sess-diag] loadEngineSessions: 原始条数 = 18
00:40:12 [log] [sess-diag] loadEngineSessions: reconcile 后 convos = 18 order = 18
00:40:12 [log] [sess-diag] loadEngineSessions: 耗时(ms) fetch = 14 repoRoots = 1 build+reconcile = 3 set = 1 total = 19
00:40:33 [info] [intervention] {"stage":"fetch.response","at":1790354433572,"requestId":"32c02abe8c084826","origin":"b5094fe8d78e452f","runId":"700ed40e970b7822","sessionId":"b5094fe8d78e452f","userId":"93f2e3414cfbee56","assistantId":"fe1cd68ba959ce4b","elapsedMs":26582,"status":200,"ephemeral":false,"hasScope":true,"protocol":"chat-completions","route":"upstream"}
00:40:42 [log] [sess-diag] engineFetch GET /experimental/session?roots=true&limit=2000 -> HTTP 200 elapsed=20ms responseBytes=38752 engineUrl= http://127.0.0.1:56214 engineId= (default)
00:40:42 [log] [sess-diag] loadEngineSessions: 原始条数 = 18
00:40:42 [log] [sess-diag] loadEngineSessions: reconcile 后 convos = 18 order = 18
00:40:42 [log] [sess-diag] loadEngineSessions: 耗时(ms) fetch = 25 repoRoots = 2 build+reconcile = 6 set = 1 total = 34
00:41:12 [log] [sess-diag] engineFetch GET /experimental/session?roots=true&limit=2000 -> HTTP 200 elapsed=19ms responseBytes=38752 engineUrl= http://127.0.0.1:56214 engineId= (default)
00:41:12 [log] [sess-diag] loadEngineSessions: 原始条数 = 18
00:41:12 [log] [sess-diag] loadEngineSessions: reconcile 后 convos = 18 order = 18
00:41:12 [log] [sess-diag] loadEngineSessions: 耗时(ms) fetch = 28 repoRoots = 2 build+reconcile = 6 set = 1 total = 38
00:41:42 [log] [sess-diag] engineFetch GET /experimental/session?roots=true&limit=2000 -> HTTP 200 elapsed=18ms responseBytes=38752 engineUrl= http://127.0.0.1:56214 engineId= (default)
00:41:42 [log] [sess-diag] loadEngineSessions: 原始条数 = 18
00:41:42 [log] [sess-diag] loadEngineSessions: reconcile 后 convos = 18 order = 18
00:41:42 [log] [sess-diag] loadEngineSessions: 耗时(ms) fetch = 21 repoRoots = 4 build+reconcile = 6 set = 1 total = 33
00:41:52 [info] [intervention] {"stage":"output","at":1790354512029,"runId":"700ed40e970b7822","sessionId":"b5094fe8d78e452f","assistantId":"fe1cd68ba959ce4b","textChars":2,"reviewSkipped":false}
00:42:00 [info] [intervention] {"stage":"model.start","at":1790354520154,"requestId":"32c02abe8c084826","origin":"b5094fe8d78e452f","runId":"700ed40e970b7822","sessionId":"b5094fe8d78e452f","userId":"93f2e3414cfbee56","assistantId":"e1a6c8d1936f2a83","ephemeral":false,"hasScope":true,"route":"upstream"}
00:42:00 [info] [intervention] {"stage":"fetch.start","at":1790354520182,"requestId":"32c02abe8c084826","origin":"b5094fe8d78e452f","runId":"700ed40e970b7822","sessionId":"b5094fe8d78e452f","userId":"93f2e3414cfbee56","assistantId":"e1a6c8d1936f2a83","ephemeral":false,"hasScope":true,"protocol":"chat-completions","route":"upstream"}
00:42:09 [info] [intervention] {"stage":"fetch.response","at":1790354529612,"requestId":"32c02abe8c084826","origin":"b5094fe8d78e452f","runId":"700ed40e970b7822","sessionId":"b5094fe8d78e452f","userId":"93f2e3414cfbee56","assistantId":"e1a6c8d1936f2a83","elapsedMs":9430,"status":200,"ephemeral":false,"hasScope":true,"protocol":"chat-completions","route":"upstream"}
00:42:12 [log] [sess-diag] engineFetch GET /experimental/session?roots=true&limit=2000 -> HTTP 200 elapsed=19ms responseBytes=38752 engineUrl= http://127.0.0.1:56214 engineId= (default)
00:42:12 [log] [sess-diag] loadEngineSessions: 原始条数 = 18
00:42:12 [log] [sess-diag] loadEngineSessions: reconcile 后 convos = 18 order = 18
00:42:12 [log] [sess-diag] loadEngineSessions: 耗时(ms) fetch = 27 repoRoots = 2 build+reconcile = 5 set = 1 total = 35
00:42:13 [info] [intervention] {"stage":"output","at":1790354533924,"runId":"700ed40e970b7822","sessionId":"b5094fe8d78e452f","assistantId":"e1a6c8d1936f2a83","textChars":1,"reviewSkipped":false}
00:42:23 [info] [intervention] {"stage":"model.start","at":1790354543755,"requestId":"32c02abe8c084826","origin":"b5094fe8d78e452f","runId":"700ed40e970b7822","sessionId":"b5094fe8d78e452f","userId":"93f2e3414cfbee56","assistantId":"858e128150fc8506","ephemeral":false,"hasScope":true,"route":"upstream"}
00:42:23 [info] [intervention] {"stage":"fetch.start","at":1790354543780,"requestId":"32c02abe8c084826","origin":"b5094fe8d78e452f","runId":"700ed40e970b7822","sessionId":"b5094fe8d78e452f","userId":"93f2e3414cfbee56","assistantId":"858e128150fc8506","ephemeral":false,"hasScope":true,"protocol":"chat-completions","route":"upstream"}
00:42:33 [info] [intervention] {"stage":"fetch.response","at":1790354553267,"requestId":"32c02abe8c084826","origin":"b5094fe8d78e452f","runId":"700ed40e970b7822","sessionId":"b5094fe8d78e452f","userId":"93f2e3414cfbee56","assistantId":"858e128150fc8506","elapsedMs":9487,"status":200,"ephemeral":false,"hasScope":true,"protocol":"chat-completions","route":"upstream"}
00:42:39 [info] [intervention] {"stage":"output","at":1790354559239,"runId":"700ed40e970b7822","sessionId":"b5094fe8d78e452f","assistantId":"858e128150fc8506","textChars":6,"reviewSkipped":false}
00:42:41 [info] [content-review] app=mimo_pc_output_text source=conversation why=limit batch=7a151dfcef43d8c6 api=/api/audit/check len=384 images=0 sha=a55fafb72561 session=ses_REDACTED elapsed=203ms verdict=pass reviewId=mimo-mimo_pc_output_text-5c236ff25e554b408509ee7b85b07ba5 detail=[serverVerdict=pass resultCode=1 subCode=9 aigc=- hints=0 detailsLen=0 resp=[passed=pass resultCode=1 reviewId=mimo-mimo_pc_output_text-5c236ff25e554b408509ee7b85b07ba5 offlineReason= offlineDetails=[0 chars] hint=[0 items] subCode=9 aigc=null]]
00:42:42 [log] [sess-diag] engineFetch GET /experimental/session?roots=true&limit=2000 -> HTTP 200 elapsed=25ms responseBytes=38752 engineUrl= http://127.0.0.1:56214 engineId= (default)
00:42:42 [log] [sess-diag] loadEngineSessions: 原始条数 = 18
00:42:42 [log] [sess-diag] loadEngineSessions: reconcile 后 convos = 18 order = 18
00:42:42 [log] [sess-diag] loadEngineSessions: 耗时(ms) fetch = 39 repoRoots = 5 build+reconcile = 3 set = 1 total = 47
00:42:43 [info] [content-review] app=mimo_pc_output_text source=conversation why=limit batch=7a151dfcef43d8c6 api=/api/audit/check len=385 images=0 sha=61067a03f884 session=ses_REDACTED elapsed=178ms verdict=pass reviewId=mimo-mimo_pc_output_text-5d3edfc921e6430d8fdd115e52ce994d detail=[serverVerdict=pass resultCode=1 subCode=9 aigc=- hints=0 detailsLen=0 resp=[passed=pass resultCode=1 reviewId=mimo-mimo_pc_output_text-5d3edfc921e6430d8fdd115e52ce994d offlineReason= offlineDetails=[0 chars] hint=[0 items] subCode=9 aigc=null]]
00:42:45 [info] [intervention] {"stage":"closed","at":1790354565993,"requestId":"32c02abe8c084826","origin":"b5094fe8d78e452f","runId":"700ed40e970b7822","sessionId":"b5094fe8d78e452f","userId":"93f2e3414cfbee56","elapsedMs":183412,"textChars":79,"reviewId":"mimo-intv-mimo_pc_input_text-31e7ce17baa340efb54b30e87d36f398"}
00:42:45 [info] [turn-power-save] released sysId=0 last=run:ses_REDACTED
00:42:46 [log] [sess-diag] engineFetch GET /session/ses_REDACTED/task -> HTTP 200 elapsed=44ms responseBytes=2346 engineUrl= http://127.0.0.1:56214 engineId= mimocode
00:42:46 [log] [sess-diag] engineFetch GET /session/ses_REDACTED -> HTTP 200 elapsed=76ms responseBytes=29556 engineUrl= http://127.0.0.1:56214 engineId= mimocode
00:42:46 [log] [sess-diag] engineFetch GET /session/ses_REDACTED/recovery -> HTTP 200 elapsed=120ms responseBytes=2 engineUrl= http://127.0.0.1:56214 engineId= mimocode
00:42:46 [info] [content-review] app=mimo_pc_output_text source=conversation why=flush batch=1cec1b36444a5f5d api=/api/audit/check len=19 images=0 sha=f7f8a5f4de59 session=ses_REDACTED elapsed=183ms verdict=pass reviewId=mimo-mimo_pc_output_text-4929bb828def4975bf27a8d5880850d4 detail=[serverVerdict=pass resultCode=1 subCode=9 aigc=- hints=0 detailsLen=0 resp=[passed=pass resultCode=1 reviewId=mimo-mimo_pc_output_text-4929bb828def4975bf27a8d5880850d4 offlineReason= offlineDetails=[0 chars] hint=[0 items] subCode=9 aigc=null]]
00:42:46 [info] [content-review] app=mimo_pc_output_text source=conversation why=flush batch=902d173a16d86184 api=/api/audit/check len=73 images=0 sha=0f8168ea6a04 session=ses_REDACTED elapsed=141ms verdict=pass reviewId=mimo-mimo_pc_output_text-a0c9ae2b937d4492ac2676bde9dae4a2 detail=[serverVerdict=pass resultCode=1 subCode=9 aigc=- hints=0 detailsLen=0 resp=[passed=pass resultCode=1 reviewId=mimo-mimo_pc_output_text-a0c9ae2b937d4492ac2676bde9dae4a2 offlineReason= offlineDetails=[0 chars] hint=[0 items] subCode=9 aigc=null]]
00:42:46 [info] [content-review] app=mimo_pc_output_text source=conversation why=flush batch=cb24a8e4ae7e4f41 api=/api/audit/check len=57 images=0 sha=1847411e5089 session=ses_REDACTED elapsed=145ms verdict=pass reviewId=mimo-mimo_pc_output_text-4d03b34d511b469aab03794d2fd8e943 detail=[serverVerdict=pass resultCode=1 subCode=9 aigc=- hints=0 detailsLen=0 resp=[passed=pass resultCode=1 reviewId=mimo-mimo_pc_output_text-4d03b34d511b469aab03794d2fd8e943 offlineReason= offlineDetails=[0 chars] hint=[0 items] subCode=9 aigc=null]]
00:42:46 [info] [content-review] app=mimo_pc_output_text source=conversation why=flush batch=29e3c0172b542fd5 api=/api/audit/check len=33 images=0 sha=0a9a02fc9b82 session=ses_REDACTED elapsed=125ms verdict=pass reviewId=mimo-mimo_pc_output_text-5160d4c36f0f429697c553c178a1814b detail=[serverVerdict=pass resultCode=1 subCode=9 aigc=- hints=0 detailsLen=0 resp=[passed=pass resultCode=1 reviewId=mimo-mimo_pc_output_text-5160d4c36f0f429697c553c178a1814b offlineReason= offlineDetails=[0 chars] hint=[0 items] subCode=9 aigc=null]]
00:42:46 [info] [content-review] app=mimo_pc_output_text source=conversation why=flush batch=7a151dfcef43d8c6 api=/api/audit/check len=269 images=0 sha=baeb68bf4e6f session=ses_REDACTED elapsed=205ms verdict=pass reviewId=mimo-mimo_pc_output_text-a6393897297f4357bc6e9d6e833fb669 detail=[serverVerdict=pass resultCode=1 subCode=9 aigc=- hints=0 detailsLen=0 resp=[passed=pass resultCode=1 reviewId=mimo-mimo_pc_output_text-a6393897297f4357bc6e9d6e833fb669 offlineReason= offlineDetails=[0 chars] hint=[0 items] subCode=9 aigc=null]]
00:43:12 [log] [sess-diag] engineFetch GET /experimental/session?roots=true&limit=2000 -> HTTP 200 elapsed=52ms responseBytes=38752 engineUrl= http://127.0.0.1:56214 engineId= (default)
00:43:12 [log] [sess-diag] loadEngineSessions: 原始条数 = 18
00:43:12 [log] [sess-diag] loadEngineSessions: reconcile 后 convos = 18 order = 18
00:43:12 [log] [sess-diag] loadEngineSessions: 耗时(ms) fetch = 131 repoRoots = 3 build+reconcile = 2 set = 1 total = 135
00:43:46 [log] [sess-diag] engineFetch GET /experimental/session?roots=true&limit=2000 -> HTTP 200 elapsed=67ms responseBytes=38752 engineUrl= http://127.0.0.1:56214 engineId= (default)
00:43:46 [log] [sess-diag] loadEngineSessions: 原始条数 = 18
00:43:46 [log] [sess-diag] loadEngineSessions: reconcile 后 convos = 18 order = 18
00:43:46 [log] [sess-diag] loadEngineSessions: 耗时(ms) fetch = 71 repoRoots = 33 build+reconcile = 2 set = 1 total = 107
00:44:12 [log] [sess-diag] engineFetch GET /experimental/session?roots=true&limit=2000 -> HTTP 200 elapsed=10ms responseBytes=38752 engineUrl= http://127.0.0.1:56214 engineId= (default)
00:44:12 [log] [sess-diag] loadEngineSessions: 原始条数 = 18
00:44:12 [log] [sess-diag] loadEngineSessions: reconcile 后 convos = 18 order = 18
00:44:12 [log] [sess-diag] loadEngineSessions: 耗时(ms) fetch = 11 repoRoots = 1 build+reconcile = 2 set = 1 total = 15
00:44:42 [log] [sess-diag] engineFetch GET /experimental/session?roots=true&limit=2000 -> HTTP 200 elapsed=30ms responseBytes=38752 engineUrl= http://127.0.0.1:56214 engineId= (default)
00:44:42 [log] [sess-diag] loadEngineSessions: 原始条数 = 18
00:44:42 [log] [sess-diag] loadEngineSessions: reconcile 后 convos = 18 order = 18
00:44:42 [log] [sess-diag] loadEngineSessions: 耗时(ms) fetch = 35 repoRoots = 2 build+reconcile = 4 set = 1 total = 43
00:44:53 [info] [intervention] {"stage":"query","at":1790354693401,"requestId":"dc4f928854b6d790","origin":"b5094fe8d78e452f","elapsedMs":102,"textChars":43,"queryChars":43,"truncated":false,"result":"miss","reviewId":"mimo-intv-mimo_pc_input_text-65e9c9c980734e01a702c01eac28ff2d"}
00:44:53 [info] [content-review] app=mimo_pc_input_text source=input why=oneshot batch=2cacc19606e6e0fe api=/api/audit/check len=43 images=0 sha=49f0dc78c204 session=ses_REDACTED elapsed=151ms verdict=pass reviewId=mimo-mimo_pc_input_text-2a5e94392d1248f896960e632f20d4d5 detail=[serverVerdict=pass resultCode=1 subCode=9 aigc=- hints=0 detailsLen=0 resp=[passed=pass resultCode=1 reviewId=mimo-mimo_pc_input_text-2a5e94392d1248f896960e632f20d4d5 offlineReason= offlineDetails=[0 chars] hint=[0 items] subCode=9 aigc=null]]
00:44:53 [info] [intervention] {"stage":"prepared","at":1790354693554,"requestId":"dc4f928854b6d790","origin":"b5094fe8d78e452f","elapsedMs":255,"textChars":43,"result":"ready","reviewId":"mimo-intv-mimo_pc_input_text-65e9c9c980734e01a702c01eac28ff2d"}
00:44:53 [info] [intervention] {"stage":"claim","at":1790354693569,"requestId":"dc4f928854b6d790","origin":"b5094fe8d78e452f","sessionId":"b5094fe8d78e452f","elapsedMs":270,"textChars":43,"reviewId":"mimo-intv-mimo_pc_input_text-65e9c9c980734e01a702c01eac28ff2d"}
00:44:53 [info] [smart-router] {"origin":"ses_REDACTED","model":"mimo-pro"}
00:44:53 [info] [harness] session origin=ses_REDACTED sid=ses_REDACTED source=user msgLen=43
00:44:53 [info] [turn-power-save] acquired sysId=1 mode=prevent-app-suspension first=run:ses_REDACTED
00:44:53 [info] [intervention] {"stage":"dispatch","at":1790354693670,"requestId":"dc4f928854b6d790","origin":"b5094fe8d78e452f","runId":"ed10f42b1f9ef116","sessionId":"b5094fe8d78e452f","elapsedMs":371,"textChars":43,"reviewId":"mimo-intv-mimo_pc_input_text-65e9c9c980734e01a702c01eac28ff2d"}
00:44:53 [info] [intervention] {"stage":"user-bound","at":1790354693786,"requestId":"dc4f928854b6d790","origin":"b5094fe8d78e452f","runId":"ed10f42b1f9ef116","sessionId":"b5094fe8d78e452f","userId":"8ce326c939c95091","elapsedMs":487,"textChars":43,"reviewId":"mimo-intv-mimo_pc_input_text-65e9c9c980734e01a702c01eac28ff2d"}
00:44:54 [info] [intervention] {"stage":"model.start","at":1790354694080,"requestId":"dc4f928854b6d790","origin":"b5094fe8d78e452f","runId":"ed10f42b1f9ef116","sessionId":"b5094fe8d78e452f","userId":"8ce326c939c95091","assistantId":"ebb21cd137a160db","ephemeral":false,"hasScope":true,"route":"upstream"}
00:44:54 [info] [intervention] {"stage":"fetch.start","at":1790354694106,"requestId":"dc4f928854b6d790","origin":"b5094fe8d78e452f","runId":"ed10f42b1f9ef116","sessionId":"b5094fe8d78e452f","userId":"8ce326c939c95091","assistantId":"ebb21cd137a160db","ephemeral":false,"hasScope":true,"protocol":"chat-completions","route":"upstream"}
00:45:10 [info] [intervention] {"stage":"fetch.response","at":1790354710765,"requestId":"dc4f928854b6d790","origin":"b5094fe8d78e452f","runId":"ed10f42b1f9ef116","sessionId":"b5094fe8d78e452f","userId":"8ce326c939c95091","assistantId":"ebb21cd137a160db","elapsedMs":16659,"status":200,"ephemeral":false,"hasScope":true,"protocol":"chat-completions","route":"upstream"}
00:45:12 [log] [sess-diag] engineFetch GET /experimental/session?roots=true&limit=2000 -> HTTP 200 elapsed=19ms responseBytes=38752 engineUrl= http://127.0.0.1:56214 engineId= (default)
00:45:12 [log] [sess-diag] loadEngineSessions: 原始条数 = 18
00:45:12 [log] [sess-diag] loadEngineSessions: reconcile 后 convos = 18 order = 18
00:45:12 [log] [sess-diag] loadEngineSessions: 耗时(ms) fetch = 24 repoRoots = 2 build+reconcile = 6 set = 1 total = 32
00:45:24 [info] [content-review/turn-binding] note-no-slot key=ses_REDACTED anchor=msg:msg_g001a0d9749f000016LH9jGgTl
00:45:24 [info] [intervention] {"stage":"output","at":1790354724320,"runId":"ed10f42b1f9ef116","sessionId":"b5094fe8d78e452f","assistantId":"ebb21cd137a160db","textChars":4,"reviewSkipped":false}
00:45:42 [log] [sess-diag] engineFetch GET /experimental/session?roots=true&limit=2000 -> HTTP 200 elapsed=23ms responseBytes=38752 engineUrl= http://127.0.0.1:56214 engineId= (default)
00:45:42 [log] [sess-diag] loadEngineSessions: 原始条数 = 18
00:45:42 [log] [sess-diag] loadEngineSessions: reconcile 后 convos = 18 order = 18
00:45:42 [log] [sess-diag] loadEngineSessions: 耗时(ms) fetch = 27 repoRoots = 7 build+reconcile = 6 set = 1 total = 41
00:46:01 [info] [intervention] {"stage":"model.start","at":1790354761763,"requestId":"dc4f928854b6d790","origin":"b5094fe8d78e452f","runId":"ed10f42b1f9ef116","sessionId":"b5094fe8d78e452f","userId":"8ce326c939c95091","assistantId":"0ddc0664da084cf6","ephemeral":false,"hasScope":true,"route":"upstream"}
00:46:01 [info] [intervention] {"stage":"fetch.start","at":1790354761787,"requestId":"dc4f928854b6d790","origin":"b5094fe8d78e452f","runId":"ed10f42b1f9ef116","sessionId":"b5094fe8d78e452f","userId":"8ce326c939c95091","assistantId":"0ddc0664da084cf6","ephemeral":false,"hasScope":true,"protocol":"chat-completions","route":"upstream"}
00:46:09 [info] [intervention] {"stage":"fetch.response","at":1790354769238,"requestId":"dc4f928854b6d790","origin":"b5094fe8d78e452f","runId":"ed10f42b1f9ef116","sessionId":"b5094fe8d78e452f","userId":"8ce326c939c95091","assistantId":"0ddc0664da084cf6","elapsedMs":7451,"status":200,"ephemeral":false,"hasScope":true,"protocol":"chat-completions","route":"upstream"}
00:46:12 [log] [sess-diag] engineFetch GET /experimental/session?roots=true&limit=2000 -> HTTP 200 elapsed=18ms responseBytes=38752 engineUrl= http://127.0.0.1:56214 engineId= (default)
00:46:12 [log] [sess-diag] loadEngineSessions: 原始条数 = 18
00:46:12 [log] [sess-diag] loadEngineSessions: reconcile 后 convos = 18 order = 18
00:46:12 [log] [sess-diag] loadEngineSessions: 耗时(ms) fetch = 21 repoRoots = 2 build+reconcile = 4 set = 1 total = 28
00:46:30 [info] [intervention] {"stage":"model.start","at":1790354790496,"requestId":"dc4f928854b6d790","origin":"b5094fe8d78e452f","runId":"ed10f42b1f9ef116","sessionId":"b5094fe8d78e452f","userId":"8ce326c939c95091","assistantId":"7c698a1f6504bdd7","ephemeral":false,"hasScope":true,"route":"upstream"}
00:46:30 [info] [intervention] {"stage":"fetch.start","at":1790354790520,"requestId":"dc4f928854b6d790","origin":"b5094fe8d78e452f","runId":"ed10f42b1f9ef116","sessionId":"b5094fe8d78e452f","userId":"8ce326c939c95091","assistantId":"7c698a1f6504bdd7","ephemeral":false,"hasScope":true,"protocol":"chat-completions","route":"upstream"}
00:46:36 [info] [intervention] {"stage":"fetch.response","at":1790354796477,"requestId":"dc4f928854b6d790","origin":"b5094fe8d78e452f","runId":"ed10f42b1f9ef116","sessionId":"b5094fe8d78e452f","userId":"8ce326c939c95091","assistantId":"7c698a1f6504bdd7","elapsedMs":5957,"status":200,"ephemeral":false,"hasScope":true,"protocol":"chat-completions","route":"upstream"}
00:46:42 [log] [sess-diag] engineFetch GET /experimental/session?roots=true&limit=2000 -> HTTP 200 elapsed=19ms responseBytes=38752 engineUrl= http://127.0.0.1:56214 engineId= (default)
00:46:42 [log] [sess-diag] loadEngineSessions: 原始条数 = 18
00:46:42 [log] [sess-diag] loadEngineSessions: reconcile 后 convos = 18 order = 18
00:46:42 [log] [sess-diag] loadEngineSessions: 耗时(ms) fetch = 23 repoRoots = 2 build+reconcile = 5 set = 2 total = 32
00:46:48 [info] [intervention] {"stage":"model.start","at":1790354808109,"requestId":"dc4f928854b6d790","origin":"b5094fe8d78e452f","runId":"ed10f42b1f9ef116","sessionId":"b5094fe8d78e452f","userId":"8ce326c939c95091","assistantId":"6175e5a2ca753a97","ephemeral":false,"hasScope":true,"route":"upstream"}
00:46:48 [info] [intervention] {"stage":"fetch.start","at":1790354808133,"requestId":"dc4f928854b6d790","origin":"b5094fe8d78e452f","runId":"ed10f42b1f9ef116","sessionId":"b5094fe8d78e452f","userId":"8ce326c939c95091","assistantId":"6175e5a2ca753a97","ephemeral":false,"hasScope":true,"protocol":"chat-completions","route":"upstream"}
00:46:54 [info] [intervention] {"stage":"fetch.response","at":1790354814693,"requestId":"dc4f928854b6d790","origin":"b5094fe8d78e452f","runId":"ed10f42b1f9ef116","sessionId":"b5094fe8d78e452f","userId":"8ce326c939c95091","assistantId":"6175e5a2ca753a97","elapsedMs":6560,"status":200,"ephemeral":false,"hasScope":true,"protocol":"chat-completions","route":"upstream"}
00:46:55 [info] [intervention] {"stage":"output","at":1790354815339,"runId":"ed10f42b1f9ef116","sessionId":"b5094fe8d78e452f","assistantId":"6175e5a2ca753a97","textChars":4,"reviewSkipped":false}
00:46:58 [log] [perm-autopass] allow permission=bash
00:46:59 [info] [intervention] {"stage":"model.start","at":1790354819948,"requestId":"dc4f928854b6d790","origin":"b5094fe8d78e452f","runId":"ed10f42b1f9ef116","sessionId":"b5094fe8d78e452f","userId":"8ce326c939c95091","assistantId":"f78f1218a577d406","ephemeral":false,"hasScope":true,"route":"upstream"}
00:46:59 [info] [intervention] {"stage":"fetch.start","at":1790354819973,"requestId":"dc4f928854b6d790","origin":"b5094fe8d78e452f","runId":"ed10f42b1f9ef116","sessionId":"b5094fe8d78e452f","userId":"8ce326c939c95091","assistantId":"f78f1218a577d406","ephemeral":false,"hasScope":true,"protocol":"chat-completions","route":"upstream"}
00:47:04 [info] [intervention] {"stage":"fetch.response","at":1790354824059,"requestId":"dc4f928854b6d790","origin":"b5094fe8d78e452f","runId":"ed10f42b1f9ef116","sessionId":"b5094fe8d78e452f","userId":"8ce326c939c95091","assistantId":"f78f1218a577d406","elapsedMs":4086,"status":200,"ephemeral":false,"hasScope":true,"protocol":"chat-completions","route":"upstream"}
00:47:08 [info] [intervention] {"stage":"output","at":1790354828628,"runId":"ed10f42b1f9ef116","sessionId":"b5094fe8d78e452f","assistantId":"f78f1218a577d406","textChars":1,"reviewSkipped":false}
00:47:11 [info] [intervention] {"stage":"model.start","at":1790354831255,"requestId":"dc4f928854b6d790","origin":"b5094fe8d78e452f","runId":"ed10f42b1f9ef116","sessionId":"b5094fe8d78e452f","userId":"8ce326c939c95091","assistantId":"8cae18268f3bdce9","ephemeral":false,"hasScope":true,"route":"upstream"}
00:47:11 [info] [intervention] {"stage":"fetch.start","at":1790354831285,"requestId":"dc4f928854b6d790","origin":"b5094fe8d78e452f","runId":"ed10f42b1f9ef116","sessionId":"b5094fe8d78e452f","userId":"8ce326c939c95091","assistantId":"8cae18268f3bdce9","ephemeral":false,"hasScope":true,"protocol":"chat-completions","route":"upstream"}
00:47:11 [info] [aigc-explicit] html index.html
00:47:11 [info] [aigc-mark] marked deliverable kind=html path=C:\Users\xiaomi\XiaomiMiMoProjects\.mimo-sessions\2026\09\25\new-chat\index.html
00:47:11 [info] [content-review] app=mimo_pc_output_text source=artifact why=oneshot batch=15d8aec3e1ea1198 api=/api/audit/check len=397 images=0 sha=d883c6ce67ef session=ses_REDACTED file=[index.html] elapsed=182ms verdict=pass reviewId=mimo-mimo_pc_output_text-8277b47a5f794885a3f255bcb3e664d1 detail=[serverVerdict=pass resultCode=1 subCode=9 aigc=- hints=0 detailsLen=0 resp=[passed=pass resultCode=1 reviewId=mimo-mimo_pc_output_text-8277b47a5f794885a3f255bcb3e664d1 offlineReason= offlineDetails=[0 chars] hint=[0 items] subCode=9 aigc=null]]
00:47:11 [info] [content-review] app=mimo_pc_output_text source=artifact why=oneshot batch=15d8aec3e1ea1198 api=/api/audit/check len=395 images=0 sha=f9bc47d8d827 session=ses_REDACTED file=[index.html] elapsed=271ms verdict=pass reviewId=mimo-mimo_pc_output_text-0fecd6a9dfd340c68576616dd6160223 detail=[serverVerdict=pass resultCode=1 subCode=9 aigc=- hints=0 detailsLen=0 resp=[passed=pass resultCode=1 reviewId=mimo-mimo_pc_output_text-0fecd6a9dfd340c68576616dd6160223 offlineReason= offlineDetails=[0 chars] hint=[0 items] subCode=9 aigc=null]]
00:47:12 [info] [content-review] app=mimo_pc_output_text source=artifact why=oneshot batch=15d8aec3e1ea1198 api=/api/audit/check len=377 images=0 sha=26bff7325129 session=ses_REDACTED file=[index.html] elapsed=201ms verdict=pass reviewId=mimo-mimo_pc_output_text-4d1cc15c6276444193b2d329be72dbfb detail=[serverVerdict=pass resultCode=1 subCode=9 aigc=- hints=0 detailsLen=0 resp=[passed=pass resultCode=1 reviewId=mimo-mimo_pc_output_text-4d1cc15c6276444193b2d329be72dbfb offlineReason= offlineDetails=[0 chars] hint=[0 items] subCode=9 aigc=null]]
00:47:12 [info] [content-review] app=mimo_pc_output_text source=artifact why=oneshot batch=15d8aec3e1ea1198 api=/api/audit/check len=263 images=0 sha=79297cd39743 session=ses_REDACTED file=[index.html] elapsed=176ms verdict=pass reviewId=mimo-mimo_pc_output_text-04b83c0cca704b44aee6289fe030855d detail=[serverVerdict=pass resultCode=1 subCode=9 aigc=- hints=0 detailsLen=0 resp=[passed=pass resultCode=1 reviewId=mimo-mimo_pc_output_text-04b83c0cca704b44aee6289fe030855d offlineReason= offlineDetails=[0 chars] hint=[0 items] subCode=9 aigc=null]]
00:47:12 [log] [sess-diag] engineFetch GET /experimental/session?roots=true&limit=2000 -> HTTP 200 elapsed=10ms responseBytes=38752 engineUrl= http://127.0.0.1:56214 engineId= (default)
00:47:12 [log] [sess-diag] loadEngineSessions: 原始条数 = 18
00:47:12 [log] [sess-diag] loadEngineSessions: reconcile 后 convos = 18 order = 18
00:47:12 [log] [sess-diag] loadEngineSessions: 耗时(ms) fetch = 12 repoRoots = 1 build+reconcile = 2 set = 1 total = 16
00:47:15 [info] [intervention] {"stage":"fetch.response","at":1790354835901,"requestId":"dc4f928854b6d790","origin":"b5094fe8d78e452f","runId":"ed10f42b1f9ef116","sessionId":"b5094fe8d78e452f","userId":"8ce326c939c95091","assistantId":"8cae18268f3bdce9","elapsedMs":4616,"status":200,"ephemeral":false,"hasScope":true,"protocol":"chat-completions","route":"upstream"}
00:47:16 [info] [intervention] {"stage":"output","at":1790354836585,"runId":"ed10f42b1f9ef116","sessionId":"b5094fe8d78e452f","assistantId":"8cae18268f3bdce9","textChars":2,"reviewSkipped":false}
00:47:20 [info] [intervention] {"stage":"closed","at":1790354840685,"requestId":"dc4f928854b6d790","origin":"b5094fe8d78e452f","runId":"ed10f42b1f9ef116","sessionId":"b5094fe8d78e452f","userId":"8ce326c939c95091","elapsedMs":147386,"textChars":43,"reviewId":"mimo-intv-mimo_pc_input_text-65e9c9c980734e01a702c01eac28ff2d"}
00:47:20 [info] [turn-power-save] released sysId=1 last=run:ses_REDACTED
00:47:20 [info] [content-review] app=mimo_pc_output_text source=conversation why=limit batch=bb7b2431519bead9 api=/api/audit/check len=397 images=0 sha=869708eae3fc session=ses_REDACTED elapsed=289ms verdict=pass reviewId=mimo-mimo_pc_output_text-b93571478bd84499879d132c15051a50 detail=[serverVerdict=pass resultCode=1 subCode=9 aigc=- hints=0 detailsLen=0 resp=[passed=pass resultCode=1 reviewId=mimo-mimo_pc_output_text-b93571478bd84499879d132c15051a50 offlineReason= offlineDetails=[0 chars] hint=[0 items] subCode=9 aigc=null]]
00:47:20 [info] [content-review] app=mimo_pc_output_text source=conversation why=flush batch=e9b03c065fd7fc64 api=/api/audit/check len=17 images=0 sha=d4d9cb45f2c4 session=ses_REDACTED elapsed=138ms verdict=pass reviewId=mimo-mimo_pc_output_text-a3886f484ec048309252211d1ad117af detail=[serverVerdict=pass resultCode=1 subCode=9 aigc=- hints=0 detailsLen=0 resp=[passed=pass resultCode=1 reviewId=mimo-mimo_pc_output_text-a3886f484ec048309252211d1ad117af offlineReason= offlineDetails=[0 chars] hint=[0 items] subCode=9 aigc=null]]
00:47:20 [log] [sess-diag] engineFetch GET /session/ses_REDACTED/task -> HTTP 200 elapsed=102ms responseBytes=2346 engineUrl= http://127.0.0.1:56214 engineId= mimocode
00:47:21 [info] [content-review] app=mimo_pc_output_text source=conversation why=flush batch=793ec80e8bb7bc56 api=/api/audit/check len=17 images=0 sha=9f8c455b473d session=ses_REDACTED elapsed=147ms verdict=pass reviewId=mimo-mimo_pc_output_text-f6cdd62eecf54725a9099654a91c9866 detail=[serverVerdict=pass resultCode=1 subCode=9 aigc=- hints=0 detailsLen=0 resp=[passed=pass resultCode=1 reviewId=mimo-mimo_pc_output_text-f6cdd62eecf54725a9099654a91c9866 offlineReason= offlineDetails=[0 chars] hint=[0 items] subCode=9 aigc=null]]
00:47:21 [log] [sess-diag] engineFetch GET /session/ses_REDACTED -> HTTP 200 elapsed=209ms responseBytes=29556 engineUrl= http://127.0.0.1:56214 engineId= mimocode
00:47:21 [log] [sess-diag] engineFetch GET /session/ses_REDACTED/recovery -> HTTP 200 elapsed=210ms responseBytes=2 engineUrl= http://127.0.0.1:56214 engineId= mimocode
00:47:21 [info] [content-review] app=mimo_pc_output_text source=conversation why=flush batch=d1d2249895bdcbd9 api=/api/audit/check len=46 images=0 sha=240a845ed8a2 session=ses_REDACTED elapsed=146ms verdict=pass reviewId=mimo-mimo_pc_output_text-194faf7f889042e08a36b4a0b472f8fc detail=[serverVerdict=pass resultCode=1 subCode=9 aigc=- hints=0 detailsLen=0 resp=[passed=pass resultCode=1 reviewId=mimo-mimo_pc_output_text-194faf7f889042e08a36b4a0b472f8fc offlineReason= offlineDetails=[0 chars] hint=[0 items] subCode=9 aigc=null]]
00:47:21 [info] [content-review] app=mimo_pc_output_text source=conversation why=flush batch=bb7b2431519bead9 api=/api/audit/check len=7 images=0 sha=6a4bd69f3624 session=ses_REDACTED elapsed=126ms verdict=pass reviewId=mimo-mimo_pc_output_text-f7346fbe2d5140ae81b1896bc8fd24fb detail=[serverVerdict=pass resultCode=1 subCode=9 aigc=- hints=0 detailsLen=0 resp=[passed=pass resultCode=1 reviewId=mimo-mimo_pc_output_text-f7346fbe2d5140ae81b1896bc8fd24fb offlineReason= offlineDetails=[0 chars] hint=[0 items] subCode=9 aigc=null]]
00:47:35 [info] [experiment] key=feature_gates id=101197 type=string value={\n    "domestic": { "show_mcp_entry": false, "show_custom_model_button": true, "loop_streak_recovery": true, "show_evolve_entry": true,"show_computeruse": false, "show_browseruse": false, "show_pay": … elapsed=2ms
00:47:35 [info] [feature-gates] refresh: ok (elapsed=44ms)
00:47:42 [log] [sess-diag] engineFetch GET /experimental/session?roots=true&limit=2000 -> HTTP 200 elapsed=30ms responseBytes=38752 engineUrl= http://127.0.0.1:56214 engineId= (default)
00:47:42 [log] [sess-diag] loadEngineSessions: 原始条数 = 18
00:47:42 [log] [sess-diag] loadEngineSessions: reconcile 后 convos = 18 order = 18
00:47:42 [log] [sess-diag] loadEngineSessions: 耗时(ms) fetch = 35 repoRoots = 2 build+reconcile = 6 set = 1 total = 45
00:47:45 [info] [config] loading from: https://cdn-exp-sg-recommend.pt.xiaomi.com/service/getClientBitMapExpConf/mimoDesktop(%E6%96%B0%E5%8A%A0%E5%9D%A1)
00:47:45 [info] [config] loaded tree for mimoDesktop(新加坡): children=2, upRuleIds=0
00:47:45 [info] [config] remote config loaded: 1 apps
00:47:45 [info] [config] loaded successfully: 1 apps
00:48:03 [info] [intervention] {"stage":"query","at":1790354883462,"requestId":"38884d8fa3a2106f","origin":"b5094fe8d78e452f","elapsedMs":117,"textChars":19,"queryChars":19,"truncated":false,"result":"miss","reviewId":"mimo-intv-mimo_pc_input_text-802491d7ce544718b4b37f0ac83e1226"}
00:48:03 [info] [content-review] app=mimo_pc_input_text source=input why=oneshot batch=1ed0d3c8cb49dcde api=/api/audit/check len=19 images=0 sha=e928c63ae767 session=ses_REDACTED elapsed=137ms verdict=pass reviewId=mimo-mimo_pc_input_text-7e5385fe68664ec3af324aa0183b66a2 detail=[serverVerdict=pass resultCode=1 subCode=9 aigc=- hints=0 detailsLen=0 resp=[passed=pass resultCode=1 reviewId=mimo-mimo_pc_input_text-7e5385fe68664ec3af324aa0183b66a2 offlineReason= offlineDetails=[0 chars] hint=[0 items] subCode=9 aigc=null]]
00:48:03 [info] [intervention] {"stage":"prepared","at":1790354883601,"requestId":"38884d8fa3a2106f","origin":"b5094fe8d78e452f","elapsedMs":256,"textChars":19,"result":"ready","reviewId":"mimo-intv-mimo_pc_input_text-802491d7ce544718b4b37f0ac83e1226"}
00:48:03 [info] [intervention] {"stage":"claim","at":1790354883614,"requestId":"38884d8fa3a2106f","origin":"b5094fe8d78e452f","sessionId":"b5094fe8d78e452f","elapsedMs":269,"textChars":19,"reviewId":"mimo-intv-mimo_pc_input_text-802491d7ce544718b4b37f0ac83e1226"}
00:48:03 [info] [smart-router] {"origin":"ses_REDACTED","model":"mimo-pro"}
00:48:03 [info] [harness] session origin=ses_REDACTED sid=ses_REDACTED source=user msgLen=19
00:48:03 [info] [turn-power-save] acquired sysId=2 mode=prevent-app-suspension first=run:ses_REDACTED
00:48:03 [info] [intervention] {"stage":"dispatch","at":1790354883711,"requestId":"38884d8fa3a2106f","origin":"b5094fe8d78e452f","runId":"a319728f67c16d64","sessionId":"b5094fe8d78e452f","elapsedMs":366,"textChars":19,"reviewId":"mimo-intv-mimo_pc_input_text-802491d7ce544718b4b37f0ac83e1226"}
00:48:03 [info] [intervention] {"stage":"user-bound","at":1790354883819,"requestId":"38884d8fa3a2106f","origin":"b5094fe8d78e452f","runId":"a319728f67c16d64","sessionId":"b5094fe8d78e452f","userId":"190f2be2ab7b5990","elapsedMs":474,"textChars":19,"reviewId":"mimo-intv-mimo_pc_input_text-802491d7ce544718b4b37f0ac83e1226"}
00:48:04 [info] [intervention] {"stage":"model.start","at":1790354884168,"requestId":"38884d8fa3a2106f","origin":"b5094fe8d78e452f","runId":"a319728f67c16d64","sessionId":"b5094fe8d78e452f","userId":"190f2be2ab7b5990","assistantId":"87b2c2c39ec5c8ff","ephemeral":false,"hasScope":true,"route":"upstream"}
00:48:04 [info] [intervention] {"stage":"fetch.start","at":1790354884193,"requestId":"38884d8fa3a2106f","origin":"b5094fe8d78e452f","runId":"a319728f67c16d64","sessionId":"b5094fe8d78e452f","userId":"190f2be2ab7b5990","assistantId":"87b2c2c39ec5c8ff","ephemeral":false,"hasScope":true,"protocol":"chat-completions","route":"upstream"}
00:48:08 [info] [intervention] {"stage":"fetch.response","at":1790354888757,"requestId":"38884d8fa3a2106f","origin":"b5094fe8d78e452f","runId":"a319728f67c16d64","sessionId":"b5094fe8d78e452f","userId":"190f2be2ab7b5990","assistantId":"87b2c2c39ec5c8ff","elapsedMs":4564,"status":200,"ephemeral":false,"hasScope":true,"protocol":"chat-completions","route":"upstream"}
00:48:12 [info] [content-review/turn-binding] note-no-slot key=ses_REDACTED anchor=msg:msg_g001a0d9778543001YjoN1DU9v
00:48:12 [info] [intervention] {"stage":"output","at":1790354892116,"runId":"a319728f67c16d64","sessionId":"b5094fe8d78e452f","assistantId":"87b2c2c39ec5c8ff","textChars":3,"reviewSkipped":false}
00:48:12 [log] [sess-diag] engineFetch GET /experimental/session?roots=true&limit=2000 -> HTTP 200 elapsed=14ms responseBytes=38752 engineUrl= http://127.0.0.1:56214 engineId= (default)
00:48:12 [log] [sess-diag] loadEngineSessions: 原始条数 = 18
00:48:12 [log] [sess-diag] loadEngineSessions: reconcile 后 convos = 18 order = 18
00:48:12 [log] [sess-diag] loadEngineSessions: 耗时(ms) fetch = 17 repoRoots = 21 build+reconcile = 3 set = 1 total = 41
00:48:19 [info] [intervention] {"stage":"model.start","at":1790354899530,"requestId":"38884d8fa3a2106f","origin":"b5094fe8d78e452f","runId":"a319728f67c16d64","sessionId":"b5094fe8d78e452f","userId":"190f2be2ab7b5990","assistantId":"70f4fb000af9f2c3","ephemeral":false,"hasScope":true,"route":"upstream"}
00:48:19 [info] [intervention] {"stage":"fetch.start","at":1790354899555,"requestId":"38884d8fa3a2106f","origin":"b5094fe8d78e452f","runId":"a319728f67c16d64","sessionId":"b5094fe8d78e452f","userId":"190f2be2ab7b5990","assistantId":"70f4fb000af9f2c3","ephemeral":false,"hasScope":true,"protocol":"chat-completions","route":"upstream"}
00:48:24 [info] [intervention] {"stage":"fetch.response","at":1790354904205,"requestId":"38884d8fa3a2106f","origin":"b5094fe8d78e452f","runId":"a319728f67c16d64","sessionId":"b5094fe8d78e452f","userId":"190f2be2ab7b5990","assistantId":"70f4fb000af9f2c3","elapsedMs":4650,"status":200,"ephemeral":false,"hasScope":true,"protocol":"chat-completions","route":"upstream"}
00:48:29 [info] [intervention] {"stage":"model.start","at":1790354909780,"requestId":"38884d8fa3a2106f","origin":"b5094fe8d78e452f","runId":"a319728f67c16d64","sessionId":"b5094fe8d78e452f","userId":"190f2be2ab7b5990","assistantId":"d3afd6666dc4d1f9","ephemeral":false,"hasScope":true,"route":"upstream"}
00:48:29 [info] [intervention] {"stage":"fetch.start","at":1790354909804,"requestId":"38884d8fa3a2106f","origin":"b5094fe8d78e452f","runId":"a319728f67c16d64","sessionId":"b5094fe8d78e452f","userId":"190f2be2ab7b5990","assistantId":"d3afd6666dc4d1f9","ephemeral":false,"hasScope":true,"protocol":"chat-completions","route":"upstream"}
00:48:42 [log] [sess-diag] engineFetch GET /experimental/session?roots=true&limit=2000 -> HTTP 200 elapsed=37ms responseBytes=38752 engineUrl= http://127.0.0.1:56214 engineId= (default)
00:48:42 [log] [sess-diag] loadEngineSessions: 原始条数 = 18
00:48:42 [log] [sess-diag] loadEngineSessions: reconcile 后 convos = 18 order = 18
00:48:42 [log] [sess-diag] loadEngineSessions: 耗时(ms) fetch = 103 repoRoots = 3 build+reconcile = 3 set = 1 total = 109
00:48:43 [info] [intervention] {"stage":"fetch.response","at":1790354923558,"requestId":"38884d8fa3a2106f","origin":"b5094fe8d78e452f","runId":"a319728f67c16d64","sessionId":"b5094fe8d78e452f","userId":"190f2be2ab7b5990","assistantId":"d3afd6666dc4d1f9","elapsedMs":13754,"status":200,"ephemeral":false,"hasScope":true,"protocol":"chat-completions","route":"upstream"}
00:48:50 [info] [intervention] {"stage":"model.start","at":1790354930396,"requestId":"38884d8fa3a2106f","origin":"b5094fe8d78e452f","runId":"a319728f67c16d64","sessionId":"b5094fe8d78e452f","userId":"190f2be2ab7b5990","assistantId":"1ed17b913616abd3","ephemeral":false,"hasScope":true,"route":"upstream"}
00:48:50 [info] [intervention] {"stage":"fetch.start","at":1790354930421,"requestId":"38884d8fa3a2106f","origin":"b5094fe8d78e452f","runId":"a319728f67c16d64","sessionId":"b5094fe8d78e452f","userId":"190f2be2ab7b5990","assistantId":"1ed17b913616abd3","ephemeral":false,"hasScope":true,"protocol":"chat-completions","route":"upstream"}
00:48:56 [info] [intervention] {"stage":"fetch.response","at":1790354936256,"requestId":"38884d8fa3a2106f","origin":"b5094fe8d78e452f","runId":"a319728f67c16d64","sessionId":"b5094fe8d78e452f","userId":"190f2be2ab7b5990","assistantId":"1ed17b913616abd3","elapsedMs":5835,"status":200,"ephemeral":false,"hasScope":true,"protocol":"chat-completions","route":"upstream"}
00:49:00 [info] [intervention] {"stage":"model.start","at":1790354940488,"requestId":"38884d8fa3a2106f","origin":"b5094fe8d78e452f","runId":"a319728f67c16d64","sessionId":"b5094fe8d78e452f","userId":"190f2be2ab7b5990","assistantId":"9d22da6652e78615","ephemeral":false,"hasScope":true,"route":"upstream"}
00:49:00 [info] [intervention] {"stage":"fetch.start","at":1790354940513,"requestId":"38884d8fa3a2106f","origin":"b5094fe8d78e452f","runId":"a319728f67c16d64","sessionId":"b5094fe8d78e452f","userId":"190f2be2ab7b5990","assistantId":"9d22da6652e78615","ephemeral":false,"hasScope":true,"protocol":"chat-completions","route":"upstream"}
00:49:06 [info] [intervention] {"stage":"fetch.response","at":1790354946704,"requestId":"38884d8fa3a2106f","origin":"b5094fe8d78e452f","runId":"a319728f67c16d64","sessionId":"b5094fe8d78e452f","userId":"190f2be2ab7b5990","assistantId":"9d22da6652e78615","elapsedMs":6191,"status":200,"ephemeral":false,"hasScope":true,"protocol":"chat-completions","route":"upstream"}
00:49:08 [info] [intervention] {"stage":"output","at":1790354948102,"runId":"a319728f67c16d64","sessionId":"b5094fe8d78e452f","assistantId":"9d22da6652e78615","textChars":4,"reviewSkipped":false}
00:49:09 [info] [intervention] {"stage":"model.start","at":1790354949919,"requestId":"38884d8fa3a2106f","origin":"b5094fe8d78e452f","runId":"a319728f67c16d64","sessionId":"b5094fe8d78e452f","userId":"190f2be2ab7b5990","assistantId":"19d07cca46d52ecb","ephemeral":false,"hasScope":true,"route":"upstream"}
00:49:09 [info] [intervention] {"stage":"fetch.start","at":1790354949944,"requestId":"38884d8fa3a2106f","origin":"b5094fe8d78e452f","runId":"a319728f67c16d64","sessionId":"b5094fe8d78e452f","userId":"190f2be2ab7b5990","assistantId":"19d07cca46d52ecb","ephemeral":false,"hasScope":true,"protocol":"chat-completions","route":"upstream"}
00:49:10 [info] [content-review] app=mimo_pc_output_text source=artifact why=oneshot batch=24856d31ef179c9b api=/api/audit/check len=391 images=0 sha=e4a883f493b0 session=ses_REDACTED file=[index.html] elapsed=221ms verdict=pass reviewId=mimo-mimo_pc_output_text-1f9a4801ef464bd598da12d8114e9491 detail=[serverVerdict=pass resultCode=1 subCode=9 aigc=- hints=0 detailsLen=0 resp=[passed=pass resultCode=1 reviewId=mimo-mimo_pc_output_text-1f9a4801ef464bd598da12d8114e9491 offlineReason= offlineDetails=[0 chars] hint=[0 items] subCode=9 aigc=null]]
00:49:10 [info] [content-review] app=mimo_pc_output_text source=artifact why=oneshot batch=24856d31ef179c9b api=/api/audit/check len=399 images=0 sha=07da41e6e0ca session=ses_REDACTED file=[index.html] elapsed=262ms verdict=pass reviewId=mimo-mimo_pc_output_text-581f6e33317b431f93198d02d73a5e14 detail=[serverVerdict=pass resultCode=1 subCode=9 aigc=- hints=0 detailsLen=0 resp=[passed=pass resultCode=1 reviewId=mimo-mimo_pc_output_text-581f6e33317b431f93198d02d73a5e14 offlineReason= offlineDetails=[0 chars] hint=[0 items] subCode=9 aigc=null]]
00:49:10 [info] [content-review] app=mimo_pc_output_text source=artifact why=oneshot batch=24856d31ef179c9b api=/api/audit/check len=383 images=0 sha=21293d588b1f session=ses_REDACTED file=[index.html] elapsed=163ms verdict=pass reviewId=mimo-mimo_pc_output_text-3c31a8cb86bc48cbbe858e1903fd9a13 detail=[serverVerdict=pass resultCode=1 subCode=9 aigc=- hints=0 detailsLen=0 resp=[passed=pass resultCode=1 reviewId=mimo-mimo_pc_output_text-3c31a8cb86bc48cbbe858e1903fd9a13 offlineReason= offlineDetails=[0 chars] hint=[0 items] subCode=9 aigc=null]]
00:49:10 [info] [content-review] app=mimo_pc_output_text source=artifact why=oneshot batch=24856d31ef179c9b api=/api/audit/check len=263 images=0 sha=79297cd39743 session=ses_REDACTED file=[index.html] elapsed=179ms verdict=pass reviewId=mimo-mimo_pc_output_text-0d25d854109d49308d76b40d14b4daf4 detail=[serverVerdict=pass resultCode=1 subCode=9 aigc=- hints=0 detailsLen=0 resp=[passed=pass resultCode=1 reviewId=mimo-mimo_pc_output_text-0d25d854109d49308d76b40d14b4daf4 offlineReason= offlineDetails=[0 chars] hint=[0 items] subCode=9 aigc=null]]
00:49:12 [log] [sess-diag] engineFetch GET /experimental/session?roots=true&limit=2000 -> HTTP 200 elapsed=17ms responseBytes=38752 engineUrl= http://127.0.0.1:56214 engineId= (default)
00:49:12 [log] [sess-diag] loadEngineSessions: 原始条数 = 18
00:49:12 [log] [sess-diag] loadEngineSessions: reconcile 后 convos = 18 order = 18
00:49:12 [log] [sess-diag] loadEngineSessions: 耗时(ms) fetch = 23 repoRoots = 61 build+reconcile = 3 set = 1 total = 88
00:49:14 [info] [intervention] {"stage":"fetch.response","at":1790354954378,"requestId":"38884d8fa3a2106f","origin":"b5094fe8d78e452f","runId":"a319728f67c16d64","sessionId":"b5094fe8d78e452f","userId":"190f2be2ab7b5990","assistantId":"19d07cca46d52ecb","elapsedMs":4434,"status":200,"ephemeral":false,"hasScope":true,"protocol":"chat-completions","route":"upstream"}
00:49:16 [info] [intervention] {"stage":"output","at":1790354956675,"runId":"a319728f67c16d64","sessionId":"b5094fe8d78e452f","assistantId":"19d07cca46d52ecb","textChars":1,"reviewSkipped":false}
00:49:18 [info] [intervention] {"stage":"closed","at":1790354958633,"requestId":"38884d8fa3a2106f","origin":"b5094fe8d78e452f","runId":"a319728f67c16d64","sessionId":"b5094fe8d78e452f","userId":"190f2be2ab7b5990","elapsedMs":75288,"textChars":19,"reviewId":"mimo-intv-mimo_pc_input_text-802491d7ce544718b4b37f0ac83e1226"}
00:49:18 [info] [turn-power-save] released sysId=2 last=run:ses_REDACTED
00:49:18 [log] [sess-diag] engineFetch GET /session/ses_REDACTED/task -> HTTP 200 elapsed=153ms responseBytes=2346 engineUrl= http://127.0.0.1:56214 engineId= mimocode
00:49:18 [log] [sess-diag] engineFetch GET /session/ses_REDACTED -> HTTP 200 elapsed=152ms responseBytes=29556 engineUrl= http://127.0.0.1:56214 engineId= mimocode
00:49:18 [log] [sess-diag] engineFetch GET /session/ses_REDACTED/recovery -> HTTP 200 elapsed=168ms responseBytes=2 engineUrl= http://127.0.0.1:56214 engineId= mimocode
00:49:18 [info] [content-review] app=mimo_pc_output_text source=conversation why=flush batch=10b5eee8f0df9ead api=/api/audit/check len=174 images=0 sha=b8dc5c92e3ad session=ses_REDACTED elapsed=246ms verdict=pass reviewId=mimo-mimo_pc_output_text-411c98ea55a747a3b04900ae82a7af04 detail=[serverVerdict=pass resultCode=1 subCode=9 aigc=- hints=0 detailsLen=0 resp=[passed=pass resultCode=1 reviewId=mimo-mimo_pc_output_text-411c98ea55a747a3b04900ae82a7af04 offlineReason= offlineDetails=[0 chars] hint=[0 items] subCode=9 aigc=null]]
00:49:19 [info] [content-review] app=mimo_pc_output_text source=conversation why=flush batch=6863fc94437b1769 api=/api/audit/check len=44 images=0 sha=246870f8db6b session=ses_REDACTED elapsed=160ms verdict=pass reviewId=mimo-mimo_pc_output_text-8d93906691924e29b439f66ba4e8030b detail=[serverVerdict=pass resultCode=1 subCode=9 aigc=- hints=0 detailsLen=0 resp=[passed=pass resultCode=1 reviewId=mimo-mimo_pc_output_text-8d93906691924e29b439f66ba4e8030b offlineReason= offlineDetails=[0 chars] hint=[0 items] subCode=9 aigc=null]]
00:49:19 [info] [content-review] app=mimo_pc_output_text source=conversation why=flush batch=4a60acd5562f338a api=/api/audit/check len=166 images=0 sha=1223a7cd72b2 session=ses_REDACTED elapsed=176ms verdict=pass reviewId=mimo-mimo_pc_output_text-cf8833a0c5f44b9e84b5f116b317c5e1 detail=[serverVerdict=pass resultCode=1 subCode=9 aigc=- hints=0 detailsLen=0 resp=[passed=pass resultCode=1 reviewId=mimo-mimo_pc_output_text-cf8833a0c5f44b9e84b5f116b317c5e1 offlineReason= offlineDetails=[0 chars] hint=[0 items] subCode=9 aigc=null]]
00:49:42 [log] [sess-diag] engineFetch GET /experimental/session?roots=true&limit=2000 -> HTTP 200 elapsed=27ms responseBytes=38752 engineUrl= http://127.0.0.1:56214 engineId= (default)
00:49:42 [log] [sess-diag] loadEngineSessions: 原始条数 = 18
00:49:42 [log] [sess-diag] loadEngineSessions: reconcile 后 convos = 18 order = 18
00:49:42 [log] [sess-diag] loadEngineSessions: 耗时(ms) fetch = 32 repoRoots = 3 build+reconcile = 4 set = 1 total = 39
01:11:09 [info] [experiment] key=feature_gates id=101197 type=string value={\n    "domestic": { "show_mcp_entry": false, "show_custom_model_button": true, "loop_streak_recovery": true, "show_evolve_entry": true,"show_computeruse": false, "show_browseruse": false, "show_pay": … elapsed=1ms
01:11:09 [info] [feature-gates] refresh: ok (elapsed=53ms)
01:11:09 [info] [config] loading from: https://cdn-exp-sg-recommend.pt.xiaomi.com/service/getClientBitMapExpConf/mimoDesktop(%E6%96%B0%E5%8A%A0%E5%9D%A1)
01:11:09 [info] [config] loaded tree for mimoDesktop(新加坡): children=2, upRuleIds=0
01:11:09 [info] [config] remote config loaded: 1 apps
01:11:09 [info] [config] loaded successfully: 1 apps
01:21:09 [info] [experiment] key=feature_gates id=101197 type=string value={\n    "domestic": { "show_mcp_entry": false, "show_custom_model_button": true, "loop_streak_recovery": true, "show_evolve_entry": true,"show_computeruse": false, "show_browseruse": false, "show_pay": … elapsed=0ms
01:21:09 [info] [feature-gates] refresh: ok (elapsed=9ms)
01:21:09 [info] [config] loading from: https://cdn-exp-sg-recommend.pt.xiaomi.com/service/getClientBitMapExpConf/mimoDesktop(%E6%96%B0%E5%8A%A0%E5%9D%A1)
01:21:09 [info] [config] loaded tree for mimoDesktop(新加坡): children=2, upRuleIds=0
01:21:09 [info] [config] remote config loaded: 1 apps
01:21:09 [info] [config] loaded successfully: 1 apps
01:31:09 [info] [experiment] key=feature_gates id=101197 type=string value={\n    "domestic": { "show_mcp_entry": false, "show_custom_model_button": true, "loop_streak_recovery": true, "show_evolve_entry": true,"show_computeruse": false, "show_browseruse": false, "show_pay": … elapsed=0ms
01:31:09 [info] [feature-gates] refresh: ok (elapsed=9ms)
01:31:09 [info] [config] loading from: https://cdn-exp-sg-recommend.pt.xiaomi.com/service/getClientBitMapExpConf/mimoDesktop(%E6%96%B0%E5%8A%A0%E5%9D%A1)
01:31:09 [info] [config] loaded tree for mimoDesktop(新加坡): children=2, upRuleIds=0
01:31:09 [info] [config] remote config loaded: 1 apps
01:31:09 [info] [config] loaded successfully: 1 apps
01:41:22 [info] [experiment] key=feature_gates id=101197 type=string value={\n    "domestic": { "show_mcp_entry": false, "show_custom_model_button": true, "loop_streak_recovery": true, "show_evolve_entry": true,"show_computeruse": false, "show_browseruse": false, "show_pay": … elapsed=0ms
01:41:22 [info] [feature-gates] refresh: ok (elapsed=9ms)
01:41:22 [info] [config] loading from: https://cdn-exp-sg-recommend.pt.xiaomi.com/service/getClientBitMapExpConf/mimoDesktop(%E6%96%B0%E5%8A%A0%E5%9D%A1)
01:41:22 [info] [config] loaded tree for mimoDesktop(新加坡): children=2, upRuleIds=0
01:41:22 [info] [config] remote config loaded: 1 apps
01:41:22 [info] [config] loaded successfully: 1 apps
01:51:22 [info] [experiment] key=feature_gates id=101197 type=string value={\n    "domestic": { "show_mcp_entry": false, "show_custom_model_button": true, "loop_streak_recovery": true, "show_evolve_entry": true,"show_computeruse": false, "show_browseruse": false, "show_pay": … elapsed=0ms
01:51:22 [info] [feature-gates] refresh: ok (elapsed=8ms)
01:51:22 [info] [config] loading from: https://cdn-exp-sg-recommend.pt.xiaomi.com/service/getClientBitMapExpConf/mimoDesktop(%E6%96%B0%E5%8A%A0%E5%9D%A1)
01:51:22 [info] [config] loaded tree for mimoDesktop(新加坡): children=2, upRuleIds=0
01:51:22 [info] [config] remote config loaded: 1 apps
01:51:22 [info] [config] loaded successfully: 1 apps
11:11:11 [info] [experiment] key=feature_gates id=101197 type=string value={\n    "domestic": { "show_mcp_entry": false, "show_custom_model_button": true, "loop_streak_recovery": true, "show_evolve_entry": true,"show_computeruse": false, "show_browseruse": false, "show_pay": … elapsed=0ms
11:11:11 [info] [feature-gates] refresh: ok (elapsed=47ms)
11:11:11 [info] [config] loading from: https://cdn-exp-sg-recommend.pt.xiaomi.com/service/getClientBitMapExpConf/mimoDesktop(%E6%96%B0%E5%8A%A0%E5%9D%A1)
11:11:12 [info] [config] loaded tree for mimoDesktop(新加坡): children=2, upRuleIds=0
11:11:12 [info] [config] remote config loaded: 1 apps
11:11:12 [info] [config] loaded successfully: 1 apps
11:11:14 [info] Checking for update
11:11:14 [info] Update for version 26.923.232338 is not available (latest version: 26.923.232338, downgrade is disallowed).
11:11:15 [log] [sess-diag] engineFetch GET /experimental/session?roots=true&limit=2000 -> HTTP 200 elapsed=372ms responseBytes=38752 engineUrl= http://127.0.0.1:56214 engineId= (default)
11:11:15 [log] [sess-diag] loadEngineSessions: 原始条数 = 18
11:11:15 [log] [sess-diag] loadEngineSessions: reconcile 后 convos = 18 order = 18
11:11:15 [log] [sess-diag] loadEngineSessions: 耗时(ms) fetch = 414 repoRoots = 45 build+reconcile = 10 set = 2 total = 471
11:11:24 [log] [sess-diag] engineFetch GET /experimental/session?roots=true&limit=2000 -> HTTP 200 elapsed=11ms responseBytes=38752 engineUrl= http://127.0.0.1:56214 engineId= (default)
11:11:24 [log] [sess-diag] loadEngineSessions: 原始条数 = 18
11:11:24 [log] [sess-diag] loadEngineSessions: reconcile 后 convos = 18 order = 18
11:11:24 [log] [sess-diag] loadEngineSessions: 耗时(ms) fetch = 14 repoRoots = 1 build+reconcile = 3 set = 1 total = 19
11:11:54 [log] [sess-diag] engineFetch GET /experimental/session?roots=true&limit=2000 -> HTTP 200 elapsed=14ms responseBytes=38752 engineUrl= http://127.0.0.1:56214 engineId= (default)
11:11:54 [log] [sess-diag] loadEngineSessions: 原始条数 = 18
11:11:54 [log] [sess-diag] loadEngineSessions: reconcile 后 convos = 18 order = 18
11:11:54 [log] [sess-diag] loadEngineSessions: 耗时(ms) fetch = 18 repoRoots = 4 build+reconcile = 4 set = 1 total = 26
11:12:24 [log] [sess-diag] engineFetch GET /experimental/session?roots=true&limit=2000 -> HTTP 200 elapsed=11ms responseBytes=38752 engineUrl= http://127.0.0.1:56214 engineId= (default)
11:12:24 [log] [sess-diag] loadEngineSessions: 原始条数 = 18
11:12:24 [log] [sess-diag] loadEngineSessions: reconcile 后 convos = 18 order = 18
11:12:24 [log] [sess-diag] loadEngineSessions: 耗时(ms) fetch = 13 repoRoots = 1 build+reconcile = 2 set = 1 total = 18
11:12:40 [info] [intervention] {"stage":"query","at":1790392360231,"requestId":"e0f306c056554fdc","origin":"b5094fe8d78e452f","elapsedMs":110,"textChars":28,"queryChars":28,"truncated":false,"result":"miss","reviewId":"mimo-intv-mimo_pc_input_text-042edbc6bcf14df885ef092884396f03"}
11:12:40 [info] [content-review] app=mimo_pc_input_text source=input why=oneshot batch=dcb6e16cd0ab5d1a api=/api/audit/check len=28 images=0 sha=47945a88936e session=ses_REDACTED elapsed=151ms verdict=pass reviewId=mimo-mimo_pc_input_text-c027ccc55bd240abbf7beb49f60b9511 detail=[serverVerdict=pass resultCode=1 subCode=9 aigc=- hints=0 detailsLen=0 resp=[passed=pass resultCode=1 reviewId=mimo-mimo_pc_input_text-c027ccc55bd240abbf7beb49f60b9511 offlineReason= offlineDetails=[0 chars] hint=[0 items] subCode=9 aigc=null]]
11:12:40 [info] [intervention] {"stage":"prepared","at":1790392360383,"requestId":"e0f306c056554fdc","origin":"b5094fe8d78e452f","elapsedMs":262,"textChars":28,"result":"ready","reviewId":"mimo-intv-mimo_pc_input_text-042edbc6bcf14df885ef092884396f03"}
11:12:40 [info] [intervention] {"stage":"claim","at":1790392360407,"requestId":"e0f306c056554fdc","origin":"b5094fe8d78e452f","sessionId":"b5094fe8d78e452f","elapsedMs":286,"textChars":28,"reviewId":"mimo-intv-mimo_pc_input_text-042edbc6bcf14df885ef092884396f03"}
11:12:40 [info] [smart-router] {"origin":"ses_REDACTED","model":"mimo-pro"}
11:12:40 [info] [harness] session origin=ses_REDACTED sid=ses_REDACTED source=user msgLen=28
11:12:40 [info] [turn-power-save] acquired sysId=3 mode=prevent-app-suspension first=run:ses_REDACTED
11:12:40 [info] [intervention] {"stage":"dispatch","at":1790392360528,"requestId":"e0f306c056554fdc","origin":"b5094fe8d78e452f","runId":"1b2c380a16d2c99c","sessionId":"b5094fe8d78e452f","elapsedMs":407,"textChars":28,"reviewId":"mimo-intv-mimo_pc_input_text-042edbc6bcf14df885ef092884396f03"}
11:12:40 [info] [intervention] {"stage":"user-bound","at":1790392360646,"requestId":"e0f306c056554fdc","origin":"b5094fe8d78e452f","runId":"1b2c380a16d2c99c","sessionId":"b5094fe8d78e452f","userId":"fab4e6678589e380","elapsedMs":525,"textChars":28,"reviewId":"mimo-intv-mimo_pc_input_text-042edbc6bcf14df885ef092884396f03"}
11:12:41 [info] [intervention] {"stage":"model.start","at":1790392361141,"requestId":"e0f306c056554fdc","origin":"b5094fe8d78e452f","runId":"1b2c380a16d2c99c","sessionId":"b5094fe8d78e452f","userId":"fab4e6678589e380","assistantId":"7b72a68805983a63","ephemeral":false,"hasScope":true,"route":"upstream"}
11:12:41 [info] [intervention] {"stage":"fetch.start","at":1790392361170,"requestId":"e0f306c056554fdc","origin":"b5094fe8d78e452f","runId":"1b2c380a16d2c99c","sessionId":"b5094fe8d78e452f","userId":"fab4e6678589e380","assistantId":"7b72a68805983a63","ephemeral":false,"hasScope":true,"protocol":"chat-completions","route":"upstream"}
11:12:54 [log] [sess-diag] engineFetch GET /experimental/session?roots=true&limit=2000 -> HTTP 200 elapsed=17ms responseBytes=38752 engineUrl= http://127.0.0.1:56214 engineId= (default)
11:12:54 [log] [sess-diag] loadEngineSessions: 原始条数 = 18
11:12:54 [log] [sess-diag] loadEngineSessions: reconcile 后 convos = 18 order = 18
11:12:54 [log] [sess-diag] loadEngineSessions: 耗时(ms) fetch = 21 repoRoots = 5 build+reconcile = 3 set = 1 total = 31
11:13:07 [info] [intervention] {"stage":"fetch.response","at":1790392387559,"requestId":"e0f306c056554fdc","origin":"b5094fe8d78e452f","runId":"1b2c380a16d2c99c","sessionId":"b5094fe8d78e452f","userId":"fab4e6678589e380","assistantId":"7b72a68805983a63","elapsedMs":26389,"status":200,"ephemeral":false,"hasScope":true,"protocol":"chat-completions","route":"upstream"}
11:13:24 [log] [sess-diag] engineFetch GET /experimental/session?roots=true&limit=2000 -> HTTP 200 elapsed=18ms responseBytes=38752 engineUrl= http://127.0.0.1:56214 engineId= (default)
11:13:24 [log] [sess-diag] loadEngineSessions: 原始条数 = 18
11:13:24 [log] [sess-diag] loadEngineSessions: reconcile 后 convos = 18 order = 18
11:13:24 [log] [sess-diag] loadEngineSessions: 耗时(ms) fetch = 21 repoRoots = 2 build+reconcile = 5 set = 1 total = 29
11:13:54 [log] [sess-diag] engineFetch GET /experimental/session?roots=true&limit=2000 -> HTTP 200 elapsed=16ms responseBytes=38752 engineUrl= http://127.0.0.1:56214 engineId= (default)
11:13:54 [log] [sess-diag] loadEngineSessions: 原始条数 = 18
11:13:54 [log] [sess-diag] loadEngineSessions: reconcile 后 convos = 18 order = 18
11:13:54 [log] [sess-diag] loadEngineSessions: 耗时(ms) fetch = 21 repoRoots = 6 build+reconcile = 5 set = 1 total = 33
11:14:24 [info] [content-review/turn-binding] note-no-slot key=ses_REDACTED anchor=msg:msg_g001a0dbb36013001JH8637z1b
11:14:24 [info] [intervention] {"stage":"output","at":1790392464072,"runId":"1b2c380a16d2c99c","sessionId":"b5094fe8d78e452f","assistantId":"7b72a68805983a63","textChars":9,"reviewSkipped":false}
11:14:24 [log] [sess-diag] engineFetch GET /experimental/session?roots=true&limit=2000 -> HTTP 200 elapsed=11ms responseBytes=38752 engineUrl= http://127.0.0.1:56214 engineId= (default)
11:14:24 [log] [sess-diag] loadEngineSessions: 原始条数 = 18
11:14:24 [log] [sess-diag] loadEngineSessions: reconcile 后 convos = 18 order = 18
11:14:24 [log] [sess-diag] loadEngineSessions: 耗时(ms) fetch = 13 repoRoots = 1 build+reconcile = 3 set = 1 total = 18
11:14:39 [info] [intervention] {"stage":"model.start","at":1790392479627,"requestId":"e0f306c056554fdc","origin":"b5094fe8d78e452f","runId":"1b2c380a16d2c99c","sessionId":"b5094fe8d78e452f","userId":"fab4e6678589e380","assistantId":"4e90ae2819aa3fa8","ephemeral":false,"hasScope":true,"route":"upstream"}
11:14:39 [info] [intervention] {"stage":"fetch.start","at":1790392479654,"requestId":"e0f306c056554fdc","origin":"b5094fe8d78e452f","runId":"1b2c380a16d2c99c","sessionId":"b5094fe8d78e452f","userId":"fab4e6678589e380","assistantId":"4e90ae2819aa3fa8","ephemeral":false,"hasScope":true,"protocol":"chat-completions","route":"upstream"}
11:14:54 [log] [sess-diag] engineFetch GET /experimental/session?roots=true&limit=2000 -> HTTP 200 elapsed=19ms responseBytes=38752 engineUrl= http://127.0.0.1:56214 engineId= (default)
11:14:54 [log] [sess-diag] loadEngineSessions: 原始条数 = 18
11:14:54 [log] [sess-diag] loadEngineSessions: reconcile 后 convos = 18 order = 18
11:14:54 [log] [sess-diag] loadEngineSessions: 耗时(ms) fetch = 29 repoRoots = 2 build+reconcile = 4 set = 1 total = 36
11:15:06 [info] [intervention] {"stage":"fetch.response","at":1790392506145,"requestId":"e0f306c056554fdc","origin":"b5094fe8d78e452f","runId":"1b2c380a16d2c99c","sessionId":"b5094fe8d78e452f","userId":"fab4e6678589e380","assistantId":"4e90ae2819aa3fa8","elapsedMs":26491,"status":200,"ephemeral":false,"hasScope":true,"protocol":"chat-completions","route":"upstream"}
11:15:24 [log] [sess-diag] engineFetch GET /experimental/session?roots=true&limit=2000 -> HTTP 200 elapsed=19ms responseBytes=38752 engineUrl= http://127.0.0.1:56214 engineId= (default)
11:15:24 [log] [sess-diag] loadEngineSessions: 原始条数 = 18
11:15:24 [log] [sess-diag] loadEngineSessions: reconcile 后 convos = 18 order = 18
11:15:24 [log] [sess-diag] loadEngineSessions: 耗时(ms) fetch = 27 repoRoots = 2 build+reconcile = 4 set = 1 total = 33
11:15:54 [log] [sess-diag] engineFetch GET /experimental/session?roots=true&limit=2000 -> HTTP 200 elapsed=18ms responseBytes=38752 engineUrl= http://127.0.0.1:56214 engineId= (default)
11:15:54 [log] [sess-diag] loadEngineSessions: 原始条数 = 18
11:15:54 [log] [sess-diag] loadEngineSessions: reconcile 后 convos = 18 order = 18
11:15:54 [log] [sess-diag] loadEngineSessions: 耗时(ms) fetch = 22 repoRoots = 2 build+reconcile = 5 set = 1 total = 29
11:16:16 [info] [intervention] {"stage":"output","at":1790392576217,"runId":"1b2c380a16d2c99c","sessionId":"b5094fe8d78e452f","assistantId":"4e90ae2819aa3fa8","textChars":1,"reviewSkipped":false}
11:16:19 [log] [perm-autopass] allow permission=bash
11:16:20 [info] [intervention] {"stage":"model.start","at":1790392580403,"requestId":"e0f306c056554fdc","origin":"b5094fe8d78e452f","runId":"1b2c380a16d2c99c","sessionId":"b5094fe8d78e452f","userId":"fab4e6678589e380","assistantId":"dfc8f122bbe41207","ephemeral":false,"hasScope":true,"route":"upstream"}
11:16:20 [info] [intervention] {"stage":"fetch.start","at":1790392580427,"requestId":"e0f306c056554fdc","origin":"b5094fe8d78e452f","runId":"1b2c380a16d2c99c","sessionId":"b5094fe8d78e452f","userId":"fab4e6678589e380","assistantId":"dfc8f122bbe41207","ephemeral":false,"hasScope":true,"protocol":"chat-completions","route":"upstream"}
11:16:24 [log] [sess-diag] engineFetch GET /experimental/session?roots=true&limit=2000 -> HTTP 200 elapsed=34ms responseBytes=38752 engineUrl= http://127.0.0.1:56214 engineId= (default)
11:16:24 [log] [sess-diag] loadEngineSessions: 原始条数 = 18
11:16:24 [log] [sess-diag] loadEngineSessions: reconcile 后 convos = 18 order = 18
11:16:24 [log] [sess-diag] loadEngineSessions: 耗时(ms) fetch = 90 repoRoots = 36 build+reconcile = 3 set = 1 total = 129
11:16:26 [info] [intervention] {"stage":"query","at":1790392586812,"requestId":"1def9ef732984387","origin":"b5094fe8d78e452f","elapsedMs":67,"textChars":28,"queryChars":28,"truncated":false,"result":"miss","reviewId":"mimo-intv-mimo_pc_input_text-b2d561835bf64991b67e600353496d7e"}
11:16:26 [info] [content-review] app=mimo_pc_input_text source=input why=oneshot batch=2e48a552d68fbe80 api=/api/audit/check len=28 images=0 sha=bdbef58c4400 session=ses_REDACTED elapsed=156ms verdict=pass reviewId=mimo-mimo_pc_input_text-2a01d69448d94cf0b9062250aef94542 detail=[serverVerdict=pass resultCode=1 subCode=9 aigc=- hints=0 detailsLen=0 resp=[passed=pass resultCode=1 reviewId=mimo-mimo_pc_input_text-2a01d69448d94cf0b9062250aef94542 offlineReason= offlineDetails=[0 chars] hint=[0 items] subCode=9 aigc=null]]
11:16:26 [info] [intervention] {"stage":"prepared","at":1790392586969,"requestId":"1def9ef732984387","origin":"b5094fe8d78e452f","elapsedMs":225,"textChars":28,"result":"ready","reviewId":"mimo-intv-mimo_pc_input_text-b2d561835bf64991b67e600353496d7e"}
11:16:26 [info] [intervention] {"stage":"claim","at":1790392586978,"requestId":"1def9ef732984387","origin":"b5094fe8d78e452f","sessionId":"b5094fe8d78e452f","elapsedMs":234,"textChars":28,"reviewId":"mimo-intv-mimo_pc_input_text-b2d561835bf64991b67e600353496d7e"}
11:16:27 [info] [intervention] {"stage":"dispatch","at":1790392587014,"requestId":"1def9ef732984387","origin":"b5094fe8d78e452f","runId":"1b2c380a16d2c99c","sessionId":"b5094fe8d78e452f","elapsedMs":270,"textChars":28,"reviewId":"mimo-intv-mimo_pc_input_text-b2d561835bf64991b67e600353496d7e"}
11:16:27 [info] [intervention] {"stage":"user-bound","at":1790392587066,"requestId":"1def9ef732984387","origin":"b5094fe8d78e452f","runId":"1b2c380a16d2c99c","sessionId":"b5094fe8d78e452f","userId":"b1de2a9f3114f2ef","elapsedMs":322,"textChars":28,"reviewId":"mimo-intv-mimo_pc_input_text-b2d561835bf64991b67e600353496d7e"}
11:16:47 [info] [intervention] {"stage":"fetch.response","at":1790392607179,"requestId":"e0f306c056554fdc","origin":"b5094fe8d78e452f","runId":"1b2c380a16d2c99c","sessionId":"b5094fe8d78e452f","userId":"fab4e6678589e380","assistantId":"dfc8f122bbe41207","elapsedMs":26752,"status":200,"ephemeral":false,"hasScope":true,"protocol":"chat-completions","route":"upstream"}
11:16:54 [log] [sess-diag] engineFetch GET /experimental/session?roots=true&limit=2000 -> HTTP 200 elapsed=14ms responseBytes=38752 engineUrl= http://127.0.0.1:56214 engineId= (default)
11:16:54 [log] [sess-diag] loadEngineSessions: 原始条数 = 18
11:16:54 [log] [sess-diag] loadEngineSessions: reconcile 后 convos = 18 order = 18
11:16:54 [log] [sess-diag] loadEngineSessions: 耗时(ms) fetch = 19 repoRoots = 1 build+reconcile = 4 set = 1 total = 24
11:17:07 [info] [intervention] {"stage":"output","at":1790392627733,"runId":"1b2c380a16d2c99c","sessionId":"b5094fe8d78e452f","assistantId":"dfc8f122bbe41207","textChars":2,"reviewSkipped":false}
11:17:24 [log] [sess-diag] engineFetch GET /experimental/session?roots=true&limit=2000 -> HTTP 200 elapsed=18ms responseBytes=38752 engineUrl= http://127.0.0.1:56214 engineId= (default)
11:17:24 [log] [sess-diag] loadEngineSessions: 原始条数 = 18
11:17:24 [log] [sess-diag] loadEngineSessions: reconcile 后 convos = 18 order = 18
11:17:24 [log] [sess-diag] loadEngineSessions: 耗时(ms) fetch = 29 repoRoots = 2 build+reconcile = 5 set = 1 total = 36
11:17:31 [info] [intervention] {"stage":"model.start","at":1790392651773,"requestId":"1def9ef732984387","origin":"b5094fe8d78e452f","runId":"1b2c380a16d2c99c","sessionId":"b5094fe8d78e452f","userId":"b1de2a9f3114f2ef","assistantId":"5dd45c5170a49079","ephemeral":false,"hasScope":true,"route":"upstream"}
11:17:31 [info] [intervention] {"stage":"fetch.start","at":1790392651798,"requestId":"1def9ef732984387","origin":"b5094fe8d78e452f","runId":"1b2c380a16d2c99c","sessionId":"b5094fe8d78e452f","userId":"b1de2a9f3114f2ef","assistantId":"5dd45c5170a49079","ephemeral":false,"hasScope":true,"protocol":"chat-completions","route":"upstream"}
11:17:37 [info] [intervention] {"stage":"fetch.response","at":1790392657511,"requestId":"1def9ef732984387","origin":"b5094fe8d78e452f","runId":"1b2c380a16d2c99c","sessionId":"b5094fe8d78e452f","userId":"b1de2a9f3114f2ef","assistantId":"5dd45c5170a49079","elapsedMs":5713,"status":200,"ephemeral":false,"hasScope":true,"protocol":"chat-completions","route":"upstream"}
11:17:54 [info] [intervention] {"stage":"output","at":1790392674212,"runId":"1b2c380a16d2c99c","sessionId":"b5094fe8d78e452f","assistantId":"5dd45c5170a49079","textChars":3,"reviewSkipped":false}
11:17:54 [log] [sess-diag] engineFetch GET /experimental/session?roots=true&limit=2000 -> HTTP 200 elapsed=18ms responseBytes=38752 engineUrl= http://127.0.0.1:56214 engineId= (default)
11:17:54 [log] [sess-diag] loadEngineSessions: 原始条数 = 18
11:17:54 [log] [sess-diag] loadEngineSessions: reconcile 后 convos = 18 order = 18
11:17:54 [log] [sess-diag] loadEngineSessions: 耗时(ms) fetch = 22 repoRoots = 2 build+reconcile = 5 set = 2 total = 30
11:17:58 [log] [perm-autopass] allow permission=bash
11:17:59 [log] [perm-model-approve] start permission=bash model=mimo-pro
11:18:02 [log] [perm-model-approve] http candidate=session:mimo-pro protocol=openai model=mimo-pro host=mimo-server-cn.xiaomimimo.com probe=true status=200
11:18:02 [log] [perm-model-approve] probe candidate=session model=mimo-pro ok=true
11:18:08 [log] [perm-model-approve] http candidate=session:mimo-pro protocol=openai model=mimo-pro host=mimo-server-cn.xiaomimimo.com probe=false status=200
11:18:08 [log] [perm-model-approve] judge permission=bash candidate=session model=mimo-pro queries=3 decision=ask
11:18:24 [log] [sess-diag] engineFetch GET /experimental/session?roots=true&limit=2000 -> HTTP 200 elapsed=24ms responseBytes=38752 engineUrl= http://127.0.0.1:56214 engineId= (default)
11:18:24 [log] [sess-diag] loadEngineSessions: 原始条数 = 18
11:18:24 [log] [sess-diag] loadEngineSessions: reconcile 后 convos = 18 order = 18
11:18:24 [log] [sess-diag] loadEngineSessions: 耗时(ms) fetch = 27 repoRoots = 2 build+reconcile = 5 set = 2 total = 36
11:18:54 [log] [sess-diag] engineFetch GET /experimental/session?roots=true&limit=2000 -> HTTP 200 elapsed=17ms responseBytes=38752 engineUrl= http://127.0.0.1:56214 engineId= (default)
11:18:54 [log] [sess-diag] loadEngineSessions: 原始条数 = 18
11:18:54 [log] [sess-diag] loadEngineSessions: reconcile 后 convos = 18 order = 18
11:18:54 [log] [sess-diag] loadEngineSessions: 耗时(ms) fetch = 22 repoRoots = 5 build+reconcile = 4 set = 1 total = 32
11:19:22 [info] [intervention] {"stage":"model.start","at":1790392762974,"requestId":"1def9ef732984387","origin":"b5094fe8d78e452f","runId":"1b2c380a16d2c99c","sessionId":"b5094fe8d78e452f","userId":"b1de2a9f3114f2ef","assistantId":"c5a10ac353f059e6","ephemeral":false,"hasScope":true,"route":"upstream"}
11:19:23 [info] [intervention] {"stage":"fetch.start","at":1790392763000,"requestId":"1def9ef732984387","origin":"b5094fe8d78e452f","runId":"1b2c380a16d2c99c","sessionId":"b5094fe8d78e452f","userId":"b1de2a9f3114f2ef","assistantId":"c5a10ac353f059e6","ephemeral":false,"hasScope":true,"protocol":"chat-completions","route":"upstream"}
11:19:24 [log] [sess-diag] engineFetch GET /experimental/session?roots=true&limit=2000 -> HTTP 200 elapsed=18ms responseBytes=38752 engineUrl= http://127.0.0.1:56214 engineId= (default)
11:19:24 [log] [sess-diag] loadEngineSessions: 原始条数 = 18
11:19:24 [log] [sess-diag] loadEngineSessions: reconcile 后 convos = 18 order = 18
11:19:24 [log] [sess-diag] loadEngineSessions: 耗时(ms) fetch = 22 repoRoots = 4 build+reconcile = 2 set = 1 total = 29
11:19:28 [info] [intervention] {"stage":"fetch.response","at":1790392768926,"requestId":"1def9ef732984387","origin":"b5094fe8d78e452f","runId":"1b2c380a16d2c99c","sessionId":"b5094fe8d78e452f","userId":"b1de2a9f3114f2ef","assistantId":"c5a10ac353f059e6","elapsedMs":5926,"status":200,"ephemeral":false,"hasScope":true,"protocol":"chat-completions","route":"upstream"}
11:19:46 [info] [intervention] {"stage":"output","at":1790392786061,"runId":"1b2c380a16d2c99c","sessionId":"b5094fe8d78e452f","assistantId":"c5a10ac353f059e6","textChars":6,"reviewSkipped":false}
11:19:52 [log] [perm-autopass] allow permission=bash
11:19:53 [info] [intervention] {"stage":"model.start","at":1790392793386,"requestId":"1def9ef732984387","origin":"b5094fe8d78e452f","runId":"1b2c380a16d2c99c","sessionId":"b5094fe8d78e452f","userId":"b1de2a9f3114f2ef","assistantId":"773a8a2cbdfc0486","ephemeral":false,"hasScope":true,"route":"upstream"}
11:19:53 [info] [intervention] {"stage":"fetch.start","at":1790392793413,"requestId":"1def9ef732984387","origin":"b5094fe8d78e452f","runId":"1b2c380a16d2c99c","sessionId":"b5094fe8d78e452f","userId":"b1de2a9f3114f2ef","assistantId":"773a8a2cbdfc0486","ephemeral":false,"hasScope":true,"protocol":"chat-completions","route":"upstream"}
11:19:54 [log] [sess-diag] engineFetch GET /experimental/session?roots=true&limit=2000 -> HTTP 200 elapsed=17ms responseBytes=38752 engineUrl= http://127.0.0.1:56214 engineId= (default)
11:19:54 [log] [sess-diag] loadEngineSessions: 原始条数 = 18
11:19:54 [log] [sess-diag] loadEngineSessions: reconcile 后 convos = 18 order = 18
11:19:54 [log] [sess-diag] loadEngineSessions: 耗时(ms) fetch = 27 repoRoots = 2 build+reconcile = 4 set = 1 total = 34
11:19:56 [info] [intervention] {"stage":"fetch.response","at":1790392796968,"requestId":"1def9ef732984387","origin":"b5094fe8d78e452f","runId":"1b2c380a16d2c99c","sessionId":"b5094fe8d78e452f","userId":"b1de2a9f3114f2ef","assistantId":"773a8a2cbdfc0486","elapsedMs":3555,"status":200,"ephemeral":false,"hasScope":true,"protocol":"chat-completions","route":"upstream"}
11:19:58 [log] [perm-autopass] allow permission=bash
11:19:59 [info] [intervention] {"stage":"model.start","at":1790392799205,"requestId":"1def9ef732984387","origin":"b5094fe8d78e452f","runId":"1b2c380a16d2c99c","sessionId":"b5094fe8d78e452f","userId":"b1de2a9f3114f2ef","assistantId":"02e273eeabfd1547","ephemeral":false,"hasScope":true,"route":"upstream"}
11:19:59 [info] [intervention] {"stage":"fetch.start","at":1790392799232,"requestId":"1def9ef732984387","origin":"b5094fe8d78e452f","runId":"1b2c380a16d2c99c","sessionId":"b5094fe8d78e452f","userId":"b1de2a9f3114f2ef","assistantId":"02e273eeabfd1547","ephemeral":false,"hasScope":true,"protocol":"chat-completions","route":"upstream"}
11:20:03 [info] [intervention] {"stage":"fetch.response","at":1790392803205,"requestId":"1def9ef732984387","origin":"b5094fe8d78e452f","runId":"1b2c380a16d2c99c","sessionId":"b5094fe8d78e452f","userId":"b1de2a9f3114f2ef","assistantId":"02e273eeabfd1547","elapsedMs":3973,"status":200,"ephemeral":false,"hasScope":true,"protocol":"chat-completions","route":"upstream"}
11:20:17 [info] [intervention] {"stage":"output","at":1790392817248,"runId":"1b2c380a16d2c99c","sessionId":"b5094fe8d78e452f","assistantId":"02e273eeabfd1547","textChars":10,"reviewSkipped":false}
11:20:22 [log] [perm-autopass] allow permission=bash
11:20:23 [info] [intervention] {"stage":"model.start","at":1790392823417,"requestId":"1def9ef732984387","origin":"b5094fe8d78e452f","runId":"1b2c380a16d2c99c","sessionId":"b5094fe8d78e452f","userId":"b1de2a9f3114f2ef","assistantId":"0dbcc8f14af3e6e4","ephemeral":false,"hasScope":true,"route":"upstream"}
11:20:23 [info] [intervention] {"stage":"fetch.start","at":1790392823442,"requestId":"1def9ef732984387","origin":"b5094fe8d78e452f","runId":"1b2c380a16d2c99c","sessionId":"b5094fe8d78e452f","userId":"b1de2a9f3114f2ef","assistantId":"0dbcc8f14af3e6e4","ephemeral":false,"hasScope":true,"protocol":"chat-completions","route":"upstream"}
11:20:24 [log] [sess-diag] engineFetch GET /experimental/session?roots=true&limit=2000 -> HTTP 200 elapsed=17ms responseBytes=38752 engineUrl= http://127.0.0.1:56214 engineId= (default)
11:20:24 [log] [sess-diag] loadEngineSessions: 原始条数 = 18
11:20:24 [log] [sess-diag] loadEngineSessions: reconcile 后 convos = 18 order = 18
11:20:24 [log] [sess-diag] loadEngineSessions: 耗时(ms) fetch = 22 repoRoots = 6 build+reconcile = 4 set = 1 total = 34
11:20:29 [info] [intervention] {"stage":"fetch.response","at":1790392829229,"requestId":"1def9ef732984387","origin":"b5094fe8d78e452f","runId":"1b2c380a16d2c99c","sessionId":"b5094fe8d78e452f","userId":"b1de2a9f3114f2ef","assistantId":"0dbcc8f14af3e6e4","elapsedMs":5787,"status":200,"ephemeral":false,"hasScope":true,"protocol":"chat-completions","route":"upstream"}
11:20:29 [info] [intervention] {"stage":"output","at":1790392829778,"runId":"1b2c380a16d2c99c","sessionId":"b5094fe8d78e452f","assistantId":"0dbcc8f14af3e6e4","textChars":2,"reviewSkipped":false}
11:20:34 [log] [perm-autopass] allow permission=external_directory
11:20:34 [info] [intervention] {"stage":"model.start","at":1790392834412,"requestId":"1def9ef732984387","origin":"b5094fe8d78e452f","runId":"1b2c380a16d2c99c","sessionId":"b5094fe8d78e452f","userId":"b1de2a9f3114f2ef","assistantId":"591b171f6bde0149","ephemeral":false,"hasScope":true,"route":"upstream"}
11:20:34 [info] [intervention] {"stage":"fetch.start","at":1790392834439,"requestId":"1def9ef732984387","origin":"b5094fe8d78e452f","runId":"1b2c380a16d2c99c","sessionId":"b5094fe8d78e452f","userId":"b1de2a9f3114f2ef","assistantId":"591b171f6bde0149","ephemeral":false,"hasScope":true,"protocol":"chat-completions","route":"upstream"}
11:20:38 [info] [intervention] {"stage":"fetch.response","at":1790392838655,"requestId":"1def9ef732984387","origin":"b5094fe8d78e452f","runId":"1b2c380a16d2c99c","sessionId":"b5094fe8d78e452f","userId":"b1de2a9f3114f2ef","assistantId":"591b171f6bde0149","elapsedMs":4216,"status":200,"ephemeral":false,"hasScope":true,"protocol":"chat-completions","route":"upstream"}
11:20:39 [info] [intervention] {"stage":"output","at":1790392839574,"runId":"1b2c380a16d2c99c","sessionId":"b5094fe8d78e452f","assistantId":"591b171f6bde0149","textChars":2,"reviewSkipped":false}
11:20:41 [log] [perm-autopass] allow permission=bash
11:20:42 [info] [intervention] {"stage":"model.start","at":1790392842652,"requestId":"1def9ef732984387","origin":"b5094fe8d78e452f","runId":"1b2c380a16d2c99c","sessionId":"b5094fe8d78e452f","userId":"b1de2a9f3114f2ef","assistantId":"fdfab3c423195640","ephemeral":false,"hasScope":true,"route":"upstream"}
11:20:42 [info] [intervention] {"stage":"fetch.start","at":1790392842679,"requestId":"1def9ef732984387","origin":"b5094fe8d78e452f","runId":"1b2c380a16d2c99c","sessionId":"b5094fe8d78e452f","userId":"b1de2a9f3114f2ef","assistantId":"fdfab3c423195640","ephemeral":false,"hasScope":true,"protocol":"chat-completions","route":"upstream"}
11:20:47 [info] [intervention] {"stage":"fetch.response","at":1790392847136,"requestId":"1def9ef732984387","origin":"b5094fe8d78e452f","runId":"1b2c380a16d2c99c","sessionId":"b5094fe8d78e452f","userId":"b1de2a9f3114f2ef","assistantId":"fdfab3c423195640","elapsedMs":4457,"status":200,"ephemeral":false,"hasScope":true,"protocol":"chat-completions","route":"upstream"}
11:20:53 [log] [perm-autopass] allow permission=external_directory
11:20:53 [info] [intervention] {"stage":"model.start","at":1790392853538,"requestId":"1def9ef732984387","origin":"b5094fe8d78e452f","runId":"1b2c380a16d2c99c","sessionId":"b5094fe8d78e452f","userId":"b1de2a9f3114f2ef","assistantId":"19aa13c948f92b99","ephemeral":false,"hasScope":true,"route":"upstream"}
11:20:53 [info] [intervention] {"stage":"fetch.start","at":1790392853568,"requestId":"1def9ef732984387","origin":"b5094fe8d78e452f","runId":"1b2c380a16d2c99c","sessionId":"b5094fe8d78e452f","userId":"b1de2a9f3114f2ef","assistantId":"19aa13c948f92b99","ephemeral":false,"hasScope":true,"protocol":"chat-completions","route":"upstream"}
11:20:54 [log] [sess-diag] engineFetch GET /experimental/session?roots=true&limit=2000 -> HTTP 200 elapsed=14ms responseBytes=38752 engineUrl= http://127.0.0.1:56214 engineId= (default)
11:20:54 [log] [sess-diag] loadEngineSessions: 原始条数 = 18
11:20:54 [log] [sess-diag] loadEngineSessions: reconcile 后 convos = 18 order = 18
11:20:54 [log] [sess-diag] loadEngineSessions: 耗时(ms) fetch = 18 repoRoots = 2 build+reconcile = 5 set = 1 total = 25
11:20:58 [info] [intervention] {"stage":"fetch.response","at":1790392858042,"requestId":"1def9ef732984387","origin":"b5094fe8d78e452f","runId":"1b2c380a16d2c99c","sessionId":"b5094fe8d78e452f","userId":"b1de2a9f3114f2ef","assistantId":"19aa13c948f92b99","elapsedMs":4474,"status":200,"ephemeral":false,"hasScope":true,"protocol":"chat-completions","route":"upstream"}
11:20:58 [info] [intervention] {"stage":"output","at":1790392858779,"runId":"1b2c380a16d2c99c","sessionId":"b5094fe8d78e452f","assistantId":"19aa13c948f92b99","textChars":2,"reviewSkipped":false}
11:21:00 [log] [perm-autopass] allow permission=bash
11:21:01 [info] [intervention] {"stage":"model.start","at":1790392861701,"requestId":"1def9ef732984387","origin":"b5094fe8d78e452f","runId":"1b2c380a16d2c99c","sessionId":"b5094fe8d78e452f","userId":"b1de2a9f3114f2ef","assistantId":"baa0618bea1fa829","ephemeral":false,"hasScope":true,"route":"upstream"}
11:21:01 [info] [intervention] {"stage":"fetch.start","at":1790392861726,"requestId":"1def9ef732984387","origin":"b5094fe8d78e452f","runId":"1b2c380a16d2c99c","sessionId":"b5094fe8d78e452f","userId":"b1de2a9f3114f2ef","assistantId":"baa0618bea1fa829","ephemeral":false,"hasScope":true,"protocol":"chat-completions","route":"upstream"}
11:21:11 [info] [experiment] key=feature_gates id=101197 type=string value={\n    "domestic": { "show_mcp_entry": false, "show_custom_model_button": true, "loop_streak_recovery": true, "show_evolve_entry": true,"show_computeruse": false, "show_browseruse": false, "show_pay": … elapsed=1ms
11:21:11 [info] [feature-gates] refresh: ok (elapsed=30ms)
11:21:11 [info] [config] loading from: https://cdn-exp-sg-recommend.pt.xiaomi.com/service/getClientBitMapExpConf/mimoDesktop(%E6%96%B0%E5%8A%A0%E5%9D%A1)
11:21:11 [info] [config] loaded tree for mimoDesktop(新加坡): children=2, upRuleIds=0
11:21:11 [info] [config] remote config loaded: 1 apps
11:21:11 [info] [config] loaded successfully: 1 apps
11:21:24 [log] [sess-diag] engineFetch GET /experimental/session?roots=true&limit=2000 -> HTTP 200 elapsed=20ms responseBytes=38752 engineUrl= http://127.0.0.1:56214 engineId= (default)
11:21:24 [log] [sess-diag] loadEngineSessions: 原始条数 = 18
11:21:24 [log] [sess-diag] loadEngineSessions: reconcile 后 convos = 18 order = 18
11:21:24 [log] [sess-diag] loadEngineSessions: 耗时(ms) fetch = 28 repoRoots = 2 build+reconcile = 3 set = 1 total = 33
11:21:28 [info] [intervention] {"stage":"fetch.response","at":1790392888436,"requestId":"1def9ef732984387","origin":"b5094fe8d78e452f","runId":"1b2c380a16d2c99c","sessionId":"b5094fe8d78e452f","userId":"b1de2a9f3114f2ef","assistantId":"baa0618bea1fa829","elapsedMs":26710,"status":200,"ephemeral":false,"hasScope":true,"protocol":"chat-completions","route":"upstream"}
11:21:54 [log] [sess-diag] engineFetch GET /experimental/session?roots=true&limit=2000 -> HTTP 200 elapsed=31ms responseBytes=38752 engineUrl= http://127.0.0.1:56214 engineId= (default)
11:21:54 [log] [sess-diag] loadEngineSessions: 原始条数 = 18
11:21:55 [log] [sess-diag] loadEngineSessions: reconcile 后 convos = 18 order = 18
11:21:55 [log] [sess-diag] loadEngineSessions: 耗时(ms) fetch = 128 repoRoots = 32 build+reconcile = 3 set = 1 total = 163
11:21:57 [log] [perm-autopass] allow permission=external_directory
11:21:57 [info] [intervention] {"stage":"model.start","at":1790392917432,"requestId":"1def9ef732984387","origin":"b5094fe8d78e452f","runId":"1b2c380a16d2c99c","sessionId":"b5094fe8d78e452f","userId":"b1de2a9f3114f2ef","assistantId":"2dcc8ba3ce713b15","ephemeral":false,"hasScope":true,"route":"upstream"}
11:21:57 [info] [intervention] {"stage":"fetch.start","at":1790392917456,"requestId":"1def9ef732984387","origin":"b5094fe8d78e452f","runId":"1b2c380a16d2c99c","sessionId":"b5094fe8d78e452f","userId":"b1de2a9f3114f2ef","assistantId":"2dcc8ba3ce713b15","ephemeral":false,"hasScope":true,"protocol":"chat-completions","route":"upstream"}
11:22:02 [info] [intervention] {"stage":"fetch.response","at":1790392922140,"requestId":"1def9ef732984387","origin":"b5094fe8d78e452f","runId":"1b2c380a16d2c99c","sessionId":"b5094fe8d78e452f","userId":"b1de2a9f3114f2ef","assistantId":"2dcc8ba3ce713b15","elapsedMs":4684,"status":200,"ephemeral":false,"hasScope":true,"protocol":"chat-completions","route":"upstream"}
11:22:02 [info] [intervention] {"stage":"output","at":1790392922612,"runId":"1b2c380a16d2c99c","sessionId":"b5094fe8d78e452f","assistantId":"2dcc8ba3ce713b15","textChars":2,"reviewSkipped":false}
11:22:05 [log] [perm-autopass] allow permission=bash
11:22:06 [info] [intervention] {"stage":"model.start","at":1790392926345,"requestId":"1def9ef732984387","origin":"b5094fe8d78e452f","runId":"1b2c380a16d2c99c","sessionId":"b5094fe8d78e452f","userId":"b1de2a9f3114f2ef","assistantId":"960634e92d7d4aee","ephemeral":false,"hasScope":true,"route":"upstream"}
11:22:06 [info] [intervention] {"stage":"fetch.start","at":1790392926369,"requestId":"1def9ef732984387","origin":"b5094fe8d78e452f","runId":"1b2c380a16d2c99c","sessionId":"b5094fe8d78e452f","userId":"b1de2a9f3114f2ef","assistantId":"960634e92d7d4aee","ephemeral":false,"hasScope":true,"protocol":"chat-completions","route":"upstream"}
11:22:10 [info] [intervention] {"stage":"fetch.response","at":1790392930039,"requestId":"1def9ef732984387","origin":"b5094fe8d78e452f","runId":"1b2c380a16d2c99c","sessionId":"b5094fe8d78e452f","userId":"b1de2a9f3114f2ef","assistantId":"960634e92d7d4aee","elapsedMs":3670,"status":200,"ephemeral":false,"hasScope":true,"protocol":"chat-completions","route":"upstream"}
11:22:10 [info] [intervention] {"stage":"output","at":1790392930340,"runId":"1b2c380a16d2c99c","sessionId":"b5094fe8d78e452f","assistantId":"960634e92d7d4aee","textChars":5,"reviewSkipped":false}
11:22:17 [info] [intervention] {"stage":"model.start","at":1790392937146,"requestId":"1def9ef732984387","origin":"b5094fe8d78e452f","runId":"1b2c380a16d2c99c","sessionId":"b5094fe8d78e452f","userId":"b1de2a9f3114f2ef","assistantId":"051c1e757b9bea4f","ephemeral":false,"hasScope":true,"route":"upstream"}
11:22:17 [info] [intervention] {"stage":"fetch.start","at":1790392937171,"requestId":"1def9ef732984387","origin":"b5094fe8d78e452f","runId":"1b2c380a16d2c99c","sessionId":"b5094fe8d78e452f","userId":"b1de2a9f3114f2ef","assistantId":"051c1e757b9bea4f","ephemeral":false,"hasScope":true,"protocol":"chat-completions","route":"upstream"}
11:22:21 [info] [intervention] {"stage":"fetch.response","at":1790392941148,"requestId":"1def9ef732984387","origin":"b5094fe8d78e452f","runId":"1b2c380a16d2c99c","sessionId":"b5094fe8d78e452f","userId":"b1de2a9f3114f2ef","assistantId":"051c1e757b9bea4f","elapsedMs":3977,"status":200,"ephemeral":false,"hasScope":true,"protocol":"chat-completions","route":"upstream"}
11:22:21 [info] [intervention] {"stage":"output","at":1790392941524,"runId":"1b2c380a16d2c99c","sessionId":"b5094fe8d78e452f","assistantId":"051c1e757b9bea4f","textChars":2,"reviewSkipped":false}
11:22:23 [info] [content-review] app=mimo_pc_output_text source=conversation why=limit batch=9eaeb4a3c61ae8f3 api=/api/audit/check len=306 images=0 sha=4f2aed0f42c4 session=ses_REDACTED elapsed=238ms verdict=pass reviewId=mimo-mimo_pc_output_text-2886b93939854d17a90b2cbd8eb65564 detail=[serverVerdict=pass resultCode=1 subCode=9 aigc=- hints=0 detailsLen=0 resp=[passed=pass resultCode=1 reviewId=mimo-mimo_pc_output_text-2886b93939854d17a90b2cbd8eb65564 offlineReason= offlineDetails=[0 chars] hint=[0 items] subCode=9 aigc=null]]
11:22:25 [info] [intervention] {"stage":"closed","at":1790392945044,"requestId":"e0f306c056554fdc","origin":"b5094fe8d78e452f","runId":"1b2c380a16d2c99c","sessionId":"b5094fe8d78e452f","userId":"fab4e6678589e380","elapsedMs":584923,"textChars":28,"reviewId":"mimo-intv-mimo_pc_input_text-042edbc6bcf14df885ef092884396f03"}
11:22:25 [info] [intervention] {"stage":"closed","at":1790392945044,"requestId":"1def9ef732984387","origin":"b5094fe8d78e452f","runId":"1b2c380a16d2c99c","sessionId":"b5094fe8d78e452f","userId":"b1de2a9f3114f2ef","elapsedMs":358300,"textChars":28,"reviewId":"mimo-intv-mimo_pc_input_text-b2d561835bf64991b67e600353496d7e"}
11:22:25 [info] [turn-power-save] released sysId=3 last=run:ses_REDACTED
11:22:25 [info] [aigc-explicit] html index.html
11:22:25 [info] [aigc-mark] re-marked deliverable kind=html path=C:\Users\xiaomi\XiaomiMiMoProjects\.mimo-sessions\2026\09\25\new-chat\index.html
11:22:25 [info] [content-review] app=mimo_pc_output_text source=conversation why=flush batch=a72079355614a797 api=/api/audit/check len=128 images=0 sha=c8759579611c session=ses_REDACTED elapsed=189ms verdict=pass reviewId=mimo-mimo_pc_output_text-a8b8ac7299f3494495cbb0871d47ff76 detail=[serverVerdict=pass resultCode=1 subCode=9 aigc=- hints=0 detailsLen=0 resp=[passed=pass resultCode=1 reviewId=mimo-mimo_pc_output_text-a8b8ac7299f3494495cbb0871d47ff76 offlineReason= offlineDetails=[0 chars] hint=[0 items] subCode=9 aigc=null]]
11:22:25 [log] [sess-diag] engineFetch GET /experimental/session?roots=true&limit=2000 -> HTTP 200 elapsed=282ms responseBytes=38752 engineUrl= http://127.0.0.1:56214 engineId= (default)
11:22:25 [log] [sess-diag] loadEngineSessions: 原始条数 = 18
11:22:25 [log] [sess-diag] engineFetch GET /session/ses_REDACTED/task -> HTTP 200 elapsed=87ms responseBytes=2346 engineUrl= http://127.0.0.1:56214 engineId= mimocode
11:22:25 [log] [sess-diag] loadEngineSessions: reconcile 后 convos = 18 order = 18
11:22:25 [log] [sess-diag] loadEngineSessions: 耗时(ms) fetch = 391 repoRoots = 50 build+reconcile = 3 set = 1 total = 444
11:22:25 [log] [sess-diag] engineFetch GET /session/ses_REDACTED -> HTTP 200 elapsed=103ms responseBytes=29556 engineUrl= http://127.0.0.1:56214 engineId= mimocode
11:22:25 [log] [sess-diag] engineFetch GET /session/ses_REDACTED/recovery -> HTTP 200 elapsed=151ms responseBytes=2 engineUrl= http://127.0.0.1:56214 engineId= mimocode
11:22:25 [info] [content-review] app=mimo_pc_output_text source=conversation why=flush batch=d0d5633736933bfd api=/api/audit/check len=13 images=0 sha=513f991a8e27 session=ses_REDACTED elapsed=151ms verdict=pass reviewId=mimo-mimo_pc_output_text-91d276ad0ef64381878c5b0ec93fd991 detail=[serverVerdict=pass resultCode=1 subCode=9 aigc=- hints=0 detailsLen=0 resp=[passed=pass resultCode=1 reviewId=mimo-mimo_pc_output_text-91d276ad0ef64381878c5b0ec93fd991 offlineReason= offlineDetails=[0 chars] hint=[0 items] subCode=9 aigc=null]]
11:22:25 [info] [content-review] app=mimo_pc_output_text source=conversation why=flush batch=4476d0edb3555457 api=/api/audit/check len=35 images=0 sha=81c0b011a8d3 session=ses_REDACTED elapsed=135ms verdict=pass reviewId=mimo-mimo_pc_output_text-2623ba359fa64bae8ff878f75a974dbc detail=[serverVerdict=pass resultCode=1 subCode=9 aigc=- hints=0 detailsLen=0 resp=[passed=pass resultCode=1 reviewId=mimo-mimo_pc_output_text-2623ba359fa64bae8ff878f75a974dbc offlineReason= offlineDetails=[0 chars] hint=[0 items] subCode=9 aigc=null]]
11:22:25 [info] [content-review] app=mimo_pc_output_text source=conversation why=flush batch=2d8cc565e99602f9 api=/api/audit/check len=51 images=0 sha=ae654ce0d311 session=ses_REDACTED elapsed=160ms verdict=pass reviewId=mimo-mimo_pc_output_text-0a96e7cdbac3458c891f554276f735ba detail=[serverVerdict=pass resultCode=1 subCode=9 aigc=- hints=0 detailsLen=0 resp=[passed=pass resultCode=1 reviewId=mimo-mimo_pc_output_text-0a96e7cdbac3458c891f554276f735ba offlineReason= offlineDetails=[0 chars] hint=[0 items] subCode=9 aigc=null]]
11:22:25 [info] [content-review] app=mimo_pc_output_text source=conversation why=flush batch=5f2ded6370fa6217 api=/api/audit/check len=296 images=0 sha=ccd3e4708b1c session=ses_REDACTED elapsed=171ms verdict=pass reviewId=mimo-mimo_pc_output_text-b0c99387b4144898997daf5ca76d62be detail=[serverVerdict=pass resultCode=1 subCode=9 aigc=- hints=0 detailsLen=0 resp=[passed=pass resultCode=1 reviewId=mimo-mimo_pc_output_text-b0c99387b4144898997daf5ca76d62be offlineReason= offlineDetails=[0 chars] hint=[0 items] subCode=9 aigc=null]]
11:22:26 [log] [sess-diag] [white-screen-up] {"id":"ses_REDACTED","upDelta":1906.66796875,"prevTop":19601.333984375,"top":17694.666015625,"clientHeight":883,"prevScrollHeight":20484,"scrollHeight":18577,"following":true,"lastPinSource":"floor","stack":"Error: white-screen-up-scroll\n    at Fn (app://-/renderer/assets/ThreadView-D9cl-a57.js:1:5217)\n    at HTMLDivElement.A (app://-/renderer/assets/ThreadView-D9cl-a57.js:1:24046)"}
11:22:26 [info] [content-review] app=mimo_pc_output_text source=conversation why=flush batch=6014f0439473ce08 api=/api/audit/check len=338 images=0 sha=5fa5141d1f29 session=ses_REDACTED elapsed=197ms verdict=pass reviewId=mimo-mimo_pc_output_text-8bc3f26fc6ca422ca4d50a3fb5f24acd detail=[serverVerdict=pass resultCode=1 subCode=9 aigc=- hints=0 detailsLen=0 resp=[passed=pass resultCode=1 reviewId=mimo-mimo_pc_output_text-8bc3f26fc6ca422ca4d50a3fb5f24acd offlineReason= offlineDetails=[0 chars] hint=[0 items] subCode=9 aigc=null]]
11:22:26 [info] [content-review] app=mimo_pc_output_text source=conversation why=flush batch=39727c437fed3ebb api=/api/audit/check len=26 images=0 sha=79c411360115 session=ses_REDACTED elapsed=140ms verdict=pass reviewId=mimo-mimo_pc_output_text-201f3867dac24fa09934ae5f3be05504 detail=[serverVerdict=pass resultCode=1 subCode=9 aigc=- hints=0 detailsLen=0 resp=[passed=pass resultCode=1 reviewId=mimo-mimo_pc_output_text-201f3867dac24fa09934ae5f3be05504 offlineReason= offlineDetails=[0 chars] hint=[0 items] subCode=9 aigc=null]]
11:22:26 [info] [content-review] app=mimo_pc_output_text source=conversation why=flush batch=cbe21d5f76e2c007 api=/api/audit/check len=15 images=0 sha=843471c8af69 session=ses_REDACTED elapsed=139ms verdict=pass reviewId=mimo-mimo_pc_output_text-e12af8a1ce684ec8921b7b1331c81f11 detail=[serverVerdict=pass resultCode=1 subCode=9 aigc=- hints=0 detailsLen=0 resp=[passed=pass resultCode=1 reviewId=mimo-mimo_pc_output_text-e12af8a1ce684ec8921b7b1331c81f11 offlineReason= offlineDetails=[0 chars] hint=[0 items] subCode=9 aigc=null]]
11:22:26 [info] [content-review] app=mimo_pc_output_text source=conversation why=flush batch=4894eba04e94763d api=/api/audit/check len=45 images=0 sha=20a269770278 session=ses_REDACTED elapsed=170ms verdict=pass reviewId=mimo-mimo_pc_output_text-0db6c0343f7e46a59ef850bece2ee0b2 detail=[serverVerdict=pass resultCode=1 subCode=9 aigc=- hints=0 detailsLen=0 resp=[passed=pass resultCode=1 reviewId=mimo-mimo_pc_output_text-0db6c0343f7e46a59ef850bece2ee0b2 offlineReason= offlineDetails=[0 chars] hint=[0 items] subCode=9 aigc=null]]
11:22:26 [info] [content-review] app=mimo_pc_output_text source=conversation why=flush batch=b5de69a0950af497 api=/api/audit/check len=8 images=0 sha=e4e8cc04d582 session=ses_REDACTED elapsed=138ms verdict=pass reviewId=mimo-mimo_pc_output_text-cb97c9a8c8224b1985f21d6df40e2e9f detail=[serverVerdict=pass resultCode=1 subCode=9 aigc=- hints=0 detailsLen=0 resp=[passed=pass resultCode=1 reviewId=mimo-mimo_pc_output_text-cb97c9a8c8224b1985f21d6df40e2e9f offlineReason= offlineDetails=[0 chars] hint=[0 items] subCode=9 aigc=null]]
11:22:26 [info] [content-review] app=mimo_pc_output_text source=conversation why=flush batch=91b236bab72990e4 api=/api/audit/check len=11 images=0 sha=1aa9641c4e8e session=ses_REDACTED elapsed=114ms verdict=pass reviewId=mimo-mimo_pc_output_text-c2a7b81993af41fa8e6df77a3b4782fe detail=[serverVerdict=pass resultCode=1 subCode=9 aigc=- hints=0 detailsLen=0 resp=[passed=pass resultCode=1 reviewId=mimo-mimo_pc_output_text-c2a7b81993af41fa8e6df77a3b4782fe offlineReason= offlineDetails=[0 chars] hint=[0 items] subCode=9 aigc=null]]
11:22:26 [info] [content-review] app=mimo_pc_output_text source=conversation why=flush batch=9eaeb4a3c61ae8f3 api=/api/audit/check len=315 images=0 sha=ce18877a4319 session=ses_REDACTED elapsed=212ms verdict=pass reviewId=mimo-mimo_pc_output_text-1d9c6cc682f546b888ff3c4b8be01747 detail=[serverVerdict=pass resultCode=1 subCode=9 aigc=- hints=0 detailsLen=0 resp=[passed=pass resultCode=1 reviewId=mimo-mimo_pc_output_text-1d9c6cc682f546b888ff3c4b8be01747 offlineReason= offlineDetails=[0 chars] hint=[0 items] subCode=9 aigc=null]]
11:22:32 [info] [exit-app] quit via tray menu
11:22:32 [info] [exit-app] before-quit
11:22:32 [info] [window] window closed
11:22:32 [info] [exit-app] window-all-closed platform=win32 appQuitting=true willQuit=false
11:24:50 [info] [boot] MiMo Desktop version=26.923.232338 platform=win32 arch=x64 os=Windows_NT/10.0.26200 sysver=10.0.26200 mem=7.7GB(free 2.1GB) edition=domestic packaged=true theme=system e2e=false authBypass=false logs=C:\Users\xiaomi\AppData\Roaming\Xiaomi MiMo\logs
11:24:51 [info] [terminal-env] snapshot source: win-registry
11:24:51 [info] [runtimes] injected env: MIMO_NODE,MIMO_NPM,MIMO_PYTHON,MIMO_QPDF,MIMO_GITHUB_MCP_SERVER,MIMO_NODE_MODULES,MIMO_RIPGREP_PATH,MIMO_ELECTRON_NODE_HOST,PYTHONDONTWRITEBYTECODE
11:24:51 [log] [api-base] cached-region reader injected after settle -> ignored
11:24:51 [log] [api-base] system-country reader injected after settle -> ignored
11:24:51 [info] [user-auth] init ok requiresCnAccount=true cachedRegion=CN localeCountry=CN
11:24:51 [info] [libreoffice-runtime] setup ready key=win32-x64 version=25.8.7 archive=160665171 bytes
11:24:51 [info] [on-demand-assets] setup ready descriptors=soundfont(1f),query-classifier(4f) not-configured=none
11:24:51 [info] [engine] reloadConfigOnNextSession (plugin change)
11:24:51 [error] [plugins] registry corrupt/unreadable at startup seed; closing automation HostMcp gate
11:24:51 [info] [engine] reloadConfigOnNextSession (plugin change)
11:24:51 [info] [plugins] setup ok count=0
11:24:51 [info] [apm] region=CN source=cache
11:24:51 [log] [evolve-observatory] evolve observatory server listening on 127.0.0.1:60844
11:24:51 [log] [mimo][api] listening on 127.0.0.1:60845
11:24:51 [info] [boot] app ready in 2538.6630859375ms
11:24:51 [error] [plugins] registry corrupt/unreadable at readiness settle; keeping automation HostMcp gate closed
11:24:51 [info] [engine] reloadConfigOnNextSession (plugin change)
11:24:51 [info] [presentation-host] started socket=C:\Users\xiaomi\AppData\Roaming\Xiaomi MiMo\presentation-host\2dc3601ca3bd.sock
11:24:52 [info] [application] activated (main window created)
11:24:52 [info] [tray] enabled=true
11:24:52 [info] [updater] setup begin
11:24:52 [info] [updater] setup platform=win32 packaged=true version=26.923.232338 e2e=false
11:24:52 [info] [updater/win] transaction reconcile kind=none
11:24:52 [info] [updater/win] auto-updater path feed=https://mimocode-cdn.xiaomimimo.com/mimocode/mimodesktop/manifest.json
11:24:52 [info] [engine] prewarm startEngine
11:24:52 [info] [plugins] automation background startup settled {"elapsedMs":1709}
11:24:56 [info] [db] prewarm ok in 4547ms
11:24:56 [info] [artifacts] reconciliation starting
11:24:56 [log] [xiaomi-auth] probeStatus start (hidden-window path)
11:24:57 [info] [engine] HostMcp runtime available=true
11:24:57 [info] [engine] reloadConfigOnNextSession (plugin change)
11:25:02 [log] [DeviceId] generated:
11:25:02 [info] [query-classification] ready
11:25:08 [info] Checking for update
11:25:08 [log] [mimo] engine in-process server ready http://127.0.0.1:62117
11:25:08 [info] [engine] prewarm ok
11:25:08 [info] [mimo] loop_streak_recovery=on · experimental crop enabled for next requests
11:25:08 [info] Update for version 26.923.232338 is not available (latest version: 26.923.232338, downgrade is disallowed).
11:25:08 [log] [xiaomi-auth] probeStatus done kind=indeterminate
11:25:08 [info] [user-auth] initialize done xiaomi-logged-in=false
11:25:08 [error] [xiaomi-auth] hidden session preparation failed Error: ERR_FAILED (-2) loading 'https://mimo-server-cn.xiaomimimo.com/api/user/xiaomi/me'\n    at rejectAndCleanup (node:electron/js2c/browser_init:2:89772)\n    at finishListener (node:electron/js2c/browser_init:2:89934)\n    at WebContents.stopLoadingListener (node:electron/js2c/browser_init:2:90321)\n    at WebContents.emit (node:events:521:24)
11:25:08 [info] [libreoffice-runtime] prefetch start key=win32-x64 version=25.8.7
11:25:09 [info] [on-demand-assets] prefetch start queue=[soundfont,query-classifier]
11:25:09 [info] [on-demand-assets] soundfont cache-hit (1 files);skip download
11:25:09 [info] [on-demand-assets] query-classifier cache-hit (4 files);skip download
11:25:09 [info] [libreoffice-runtime] cache-hit exact (version=25.8.7);skip download
11:25:09 [log] [xiaomi-auth] probeStatus start (hidden-window path)
11:25:09 [log] [model-catalog] xiaomi login not confirmed -> skip fetch, keep cache
11:25:12 [log] [xiaomi-auth] probeStatus done kind=authenticated userId=REDACTED
11:25:14 [info] [experiment] initializing app=mimoDesktop(新加坡) env=ksmoscloudsrv service=<sdk-default>
11:25:14 [info] [config] loading from: https://cdn-exp-sg-recommend.pt.xiaomi.com/service/getClientBitMapExpConf/mimoDesktop(%E6%96%B0%E5%8A%A0%E5%9D%A1)
11:25:17 [info] [config] loaded tree for mimoDesktop(新加坡): children=2, upRuleIds=0
11:25:17 [info] [config] remote config loaded: 1 apps
11:25:17 [info] [config] loaded successfully: 1 apps
11:25:17 [info] [experiment] key=feature_gates id=101197 type=string value={\n    "domestic": { "show_mcp_entry": false, "show_custom_model_button": true, "loop_streak_recovery": true, "show_evolve_entry": true,"show_computeruse": false, "show_browseruse": false, "show_pay": … elapsed=2667ms
11:25:17 [info] [feature-gates] refresh: ok (elapsed=2680ms)
11:25:17 [error] (node:7132) [DEP0180] DeprecationWarning: fs.Stats constructor is deprecated.\n(Use `Xiaomi MiMo --trace-deprecation ...` to show where the warning was created)
11:25:17 [log] [sess-diag] engineFetch GET /experimental/session?roots=true&limit=2000 -> HTTP 200 elapsed=8734ms responseBytes=38752 engineUrl= http://127.0.0.1:62117 engineId= (default)
11:25:17 [log] [sess-diag] loadEngineSessions: 原始条数 = 18
11:25:17 [log] [sess-diag] loadEngineSessions: reconcile 后 convos = 18 order = 18
11:25:18 [log] [sess-diag] loadEngineSessions: 耗时(ms) fetch = 8830 repoRoots = 32 build+reconcile = 28 set = 4 total = 8894
11:25:20 [info] [artifacts] reconciliation started
11:25:27 [info] [exit-app] quit via tray menu
11:25:27 [info] [exit-app] before-quit
11:25:27 [info] [window] window closed
11:25:27 [info] [exit-app] window-all-closed platform=win32 appQuitting=true willQuit=false
11:26:11 [info] [boot] MiMo Desktop version=26.923.232338 platform=win32 arch=arm64 os=Windows_NT/10.0.26200 sysver=10.0.26200 mem=7.7GB(free 2.3GB) edition=domestic packaged=true theme=system e2e=false authBypass=false logs=C:\Users\xiaomi\AppData\Roaming\Xiaomi MiMo\logs
11:26:12 [info] [terminal-env] snapshot source: win-registry
11:26:12 [info] [runtimes] injected env: MIMO_NODE,MIMO_PYTHON,MIMO_QPDF,MIMO_GITHUB_MCP_SERVER,MIMO_NODE_MODULES,MIMO_RIPGREP_PATH,MIMO_ELECTRON_NODE_HOST,PYTHONDONTWRITEBYTECODE
11:26:12 [log] [api-base] cached-region reader injected after settle -> ignored
11:26:12 [log] [api-base] system-country reader injected after settle -> ignored
11:26:12 [info] [user-auth] init ok requiresCnAccount=true cachedRegion=CN localeCountry=CN
11:26:12 [warn] [libreoffice-runtime] setup not-configured key=win32-arm64 (manifest 缺项或未发布;静默降级)
11:26:12 [info] [on-demand-assets] setup ready descriptors=soundfont(1f),query-classifier(4f) not-configured=none
11:26:12 [info] [engine] reloadConfigOnNextSession (plugin change)
11:26:12 [error] [plugins] registry corrupt/unreadable at startup seed; closing automation HostMcp gate
11:26:12 [info] [engine] reloadConfigOnNextSession (plugin change)
11:26:12 [info] [plugins] setup ok count=0
11:26:12 [info] [apm] region=CN source=cache
11:26:12 [log] [evolve-observatory] evolve observatory server listening on 127.0.0.1:64818
11:26:12 [log] [mimo][api] listening on 127.0.0.1:64819
11:26:12 [info] [boot] app ready in 975.39794921875ms
11:26:12 [error] [plugins] registry corrupt/unreadable at readiness settle; keeping automation HostMcp gate closed
11:26:12 [info] [engine] reloadConfigOnNextSession (plugin change)
11:26:12 [info] [presentation-host] started socket=C:\Users\xiaomi\AppData\Roaming\Xiaomi MiMo\presentation-host\babbb4f950c2.sock
11:26:12 [info] [application] activated (main window created)
11:26:12 [info] [tray] enabled=true
11:26:12 [info] [updater] setup begin
11:26:12 [info] [updater] setup platform=win32 packaged=true version=26.923.232338 e2e=false
11:26:12 [info] [updater/win] transaction reconcile kind=none
11:26:12 [info] [updater/win] auto-updater path feed=https://mimocode-cdn.xiaomimimo.com/mimocode/mimodesktop/manifest.json
11:26:12 [info] [engine] prewarm startEngine
11:26:13 [info] [plugins] automation background startup settled {"elapsedMs":839}
11:26:14 [info] [db] prewarm ok in 2170ms
11:26:14 [info] [artifacts] reconciliation starting
11:26:14 [log] [xiaomi-auth] probeStatus start (hidden-window path)
11:26:15 [info] [engine] HostMcp runtime available=true
11:26:15 [info] [engine] reloadConfigOnNextSession (plugin change)
11:26:15 [warn] [query-classification] warmup-unavailable {"code":"inference-failed"}
11:26:16 [log] [DeviceId] generated:
11:26:18 [log] [mimo] engine in-process server ready http://127.0.0.1:60168
11:26:18 [info] [engine] prewarm ok
11:26:18 [info] [mimo] loop_streak_recovery=on · experimental crop enabled for next requests
11:26:18 [info] [libreoffice-runtime] prefetch skipped (not-configured)
11:26:18 [info] [on-demand-assets] prefetch start queue=[soundfont,query-classifier]
11:26:18 [info] [on-demand-assets] soundfont cache-hit (1 files);skip download
11:26:18 [info] [on-demand-assets] query-classifier cache-hit (4 files);skip download
11:26:19 [info] [artifacts] reconciliation started
11:26:19 [log] [model-catalog] xiaomi login not confirmed -> skip fetch, keep cache
11:26:19 [log] [xiaomi-auth] probeStatus done kind=authenticated userId=REDACTED
11:26:20 [info] [experiment] initializing app=mimoDesktop(新加坡) env=ksmoscloudsrv service=<sdk-default>
11:26:20 [info] [config] loading from: https://cdn-exp-sg-recommend.pt.xiaomi.com/service/getClientBitMapExpConf/mimoDesktop(%E6%96%B0%E5%8A%A0%E5%9D%A1)
11:26:20 [info] [user-auth] initialize done xiaomi-logged-in=true
11:26:20 [info] Checking for update
11:26:21 [error] (node:4296) [DEP0180] DeprecationWarning: fs.Stats constructor is deprecated.\n(Use `Xiaomi MiMo --trace-deprecation ...` to show where the warning was created)
11:26:21 [log] [sess-diag] engineFetch GET /experimental/session?roots=true&limit=2000 -> HTTP 200 elapsed=2783ms responseBytes=38752 engineUrl= http://127.0.0.1:60168 engineId= (default)
11:26:21 [log] [sess-diag] loadEngineSessions: 原始条数 = 18
11:26:21 [info] Update for version 26.923.232338 is not available (latest version: 26.923.232338, downgrade is disallowed).
11:26:21 [log] [sess-diag] loadEngineSessions: reconcile 后 convos = 18 order = 18
11:26:21 [log] [sess-diag] loadEngineSessions: 耗时(ms) fetch = 2813 repoRoots = 18 build+reconcile = 6 set = 1 total = 2837
11:26:22 [info] [config] loaded tree for mimoDesktop(新加坡): children=2, upRuleIds=0
11:26:22 [info] [config] remote config loaded: 1 apps
11:26:22 [info] [config] loaded successfully: 1 apps
11:26:22 [info] [experiment] key=feature_gates id=101197 type=string value={\n    "domestic": { "show_mcp_entry": false, "show_custom_model_button": true, "loop_streak_recovery": true, "show_evolve_entry": true,"show_computeruse": false, "show_browseruse": false, "show_pay": … elapsed=1664ms
11:26:22 [info] [feature-gates] refresh: ok (elapsed=1683ms)
11:26:27 [info] [exit-app] quit via tray menu
11:26:27 [info] [exit-app] before-quit
11:26:27 [info] [window] window closed
11:26:27 [info] [exit-app] window-all-closed platform=win32 appQuitting=true willQuit=false
11:26:35 [info] [boot] MiMo Desktop version=26.923.232338 platform=win32 arch=arm64 os=Windows_NT/10.0.26200 sysver=10.0.26200 mem=7.7GB(free 2.3GB) edition=domestic packaged=true theme=system e2e=false authBypass=false logs=C:\Users\xiaomi\AppData\Roaming\Xiaomi MiMo\logs
11:26:36 [info] [terminal-env] snapshot source: win-registry
11:26:36 [info] [runtimes] injected env: MIMO_NODE,MIMO_PYTHON,MIMO_QPDF,MIMO_GITHUB_MCP_SERVER,MIMO_NODE_MODULES,MIMO_RIPGREP_PATH,MIMO_ELECTRON_NODE_HOST,PYTHONDONTWRITEBYTECODE
11:26:36 [log] [api-base] cached-region reader injected after settle -> ignored
11:26:36 [log] [api-base] system-country reader injected after settle -> ignored
11:26:36 [info] [user-auth] init ok requiresCnAccount=true cachedRegion=CN localeCountry=CN
11:26:36 [warn] [libreoffice-runtime] setup not-configured key=win32-arm64 (manifest 缺项或未发布;静默降级)
11:26:36 [info] [on-demand-assets] setup ready descriptors=soundfont(1f),query-classifier(4f) not-configured=none
11:26:36 [info] [engine] reloadConfigOnNextSession (plugin change)
11:26:36 [error] [plugins] registry corrupt/unreadable at startup seed; closing automation HostMcp gate
11:26:36 [info] [engine] reloadConfigOnNextSession (plugin change)
11:26:36 [info] [plugins] setup ok count=0
11:26:36 [info] [apm] region=CN source=cache
11:26:36 [log] [evolve-observatory] evolve observatory server listening on 127.0.0.1:51605
11:26:36 [log] [mimo][api] listening on 127.0.0.1:51606
11:26:36 [info] [boot] app ready in 864.93701171875ms
11:26:36 [error] [plugins] registry corrupt/unreadable at readiness settle; keeping automation HostMcp gate closed
11:26:36 [info] [engine] reloadConfigOnNextSession (plugin change)
11:26:36 [info] [presentation-host] started socket=C:\Users\xiaomi\AppData\Roaming\Xiaomi MiMo\presentation-host\f57e03e9a6e9.sock
11:26:36 [info] [application] activated (main window created)
11:26:36 [info] [tray] enabled=true
11:26:36 [info] [updater] setup begin
11:26:36 [info] [updater] setup platform=win32 packaged=true version=26.923.232338 e2e=false
11:26:36 [info] [updater/win] transaction reconcile kind=none
11:26:36 [info] [updater/win] auto-updater path feed=https://mimocode-cdn.xiaomimimo.com/mimocode/mimodesktop/manifest.json
11:26:36 [info] [engine] prewarm startEngine
11:26:36 [info] [plugins] automation background startup settled {"elapsedMs":733}
11:26:38 [info] [db] prewarm ok in 1879ms
11:26:38 [info] [artifacts] reconciliation starting
11:26:38 [log] [xiaomi-auth] probeStatus start (hidden-window path)
11:26:38 [info] [engine] HostMcp runtime available=true
11:26:38 [info] [engine] reloadConfigOnNextSession (plugin change)
11:26:39 [warn] [query-classification] warmup-unavailable {"code":"inference-failed"}
11:26:39 [log] [DeviceId] generated:
11:26:41 [log] [mimo] engine in-process server ready http://127.0.0.1:53139
11:26:41 [info] [engine] prewarm ok
11:26:41 [info] [mimo] loop_streak_recovery=on · experimental crop enabled for next requests
11:26:41 [info] [libreoffice-runtime] prefetch skipped (not-configured)
11:26:41 [info] [on-demand-assets] prefetch start queue=[soundfont,query-classifier]
11:26:41 [info] [on-demand-assets] soundfont cache-hit (1 files);skip download
11:26:41 [info] [on-demand-assets] query-classifier cache-hit (4 files);skip download
11:26:41 [log] [model-catalog] xiaomi login not confirmed -> skip fetch, keep cache
11:26:42 [info] [artifacts] reconciliation started
11:26:42 [log] [xiaomi-auth] probeStatus done kind=authenticated userId=REDACTED
11:26:43 [info] [experiment] initializing app=mimoDesktop(新加坡) env=ksmoscloudsrv service=<sdk-default>
11:26:43 [info] [config] loading from: https://cdn-exp-sg-recommend.pt.xiaomi.com/service/getClientBitMapExpConf/mimoDesktop(%E6%96%B0%E5%8A%A0%E5%9D%A1)
11:26:43 [info] [user-auth] initialize done xiaomi-logged-in=true
11:26:43 [error] (node:11420) [DEP0180] DeprecationWarning: fs.Stats constructor is deprecated.\n(Use `Xiaomi MiMo --trace-deprecation ...` to show where the warning was created)
11:26:44 [info] Checking for update
11:26:44 [info] [config] loaded tree for mimoDesktop(新加坡): children=2, upRuleIds=0
11:26:44 [info] [config] remote config loaded: 1 apps
11:26:44 [info] [config] loaded successfully: 1 apps
11:26:44 [info] [experiment] key=feature_gates id=101197 type=string value={\n    "domestic": { "show_mcp_entry": false, "show_custom_model_button": true, "loop_streak_recovery": true, "show_evolve_entry": true,"show_computeruse": false, "show_browseruse": false, "show_pay": … elapsed=1104ms
11:26:44 [info] [feature-gates] refresh: ok (elapsed=1113ms)
11:26:44 [log] [sess-diag] engineFetch GET /experimental/session?roots=true&limit=2000 -> HTTP 200 elapsed=1731ms responseBytes=38752 engineUrl= http://127.0.0.1:53139 engineId= (default)
11:26:44 [log] [sess-diag] loadEngineSessions: 原始条数 = 18
11:26:44 [log] [sess-diag] loadEngineSessions: reconcile 后 convos = 18 order = 18
11:26:44 [log] [sess-diag] loadEngineSessions: 耗时(ms) fetch = 2592 repoRoots = 11 build+reconcile = 6 set = 1 total = 2611
11:26:44 [info] Update for version 26.923.232338 is not available (latest version: 26.923.232338, downgrade is disallowed).
11:26:46 [log] [sess-diag] engineFetch GET /session/ses_REDACTED/task -> HTTP 200 elapsed=381ms responseBytes=2346 engineUrl= http://127.0.0.1:53139 engineId= (default)
11:26:46 [log] [sess-diag] engineFetch GET /session/ses_REDACTED/recovery -> HTTP 200 elapsed=182ms responseBytes=2 engineUrl= http://127.0.0.1:53139 engineId= (default)
11:26:46 [log] [sess-diag] engineFetch GET /session/ses_REDACTED/message -> HTTP 200 elapsed=135ms responseBytes=5220106 engineUrl= http://127.0.0.1:53139 engineId= (default)
11:26:47 [log] [sess-diag] engineFetch GET /session/ses_REDACTED/actors -> HTTP 200 elapsed=272ms responseBytes=579 engineUrl= http://127.0.0.1:53139 engineId= (default)
11:27:11 [log] [sess-diag] engineFetch GET /experimental/session?roots=true&limit=2000 -> HTTP 200 elapsed=12ms responseBytes=38752 engineUrl= http://127.0.0.1:53139 engineId= (default)
11:27:11 [log] [sess-diag] loadEngineSessions: 原始条数 = 18
11:27:11 [log] [sess-diag] loadEngineSessions: reconcile 后 convos = 18 order = 18
11:27:11 [log] [sess-diag] loadEngineSessions: 耗时(ms) fetch = 14 repoRoots = 43 build+reconcile = 3 set = 1 total = 61
11:27:18 [info] [intervention] {"stage":"query","at":1790393238922,"requestId":"630aa1e715265ed8","origin":"b5094fe8d78e452f","elapsedMs":74,"textChars":16,"queryChars":16,"truncated":false,"result":"miss","reviewId":"mimo-intv-mimo_pc_input_text-d595c9d84c4c4df5b72ed5833771f128"}
11:27:19 [info] [content-review] app=mimo_pc_input_text source=input why=oneshot batch=deaccd6c1e6d8710 api=/api/audit/check len=16 images=0 sha=580366a00420 session=ses_REDACTED elapsed=171ms verdict=pass reviewId=mimo-mimo_pc_input_text-cdfb7dd9796c407cb99ccf767e799a1b detail=[serverVerdict=pass resultCode=1 subCode=9 aigc=- hints=0 detailsLen=0 resp=[passed=pass resultCode=1 reviewId=mimo-mimo_pc_input_text-cdfb7dd9796c407cb99ccf767e799a1b offlineReason= offlineDetails=[0 chars] hint=[0 items] subCode=9 aigc=null]]
11:27:19 [info] [intervention] {"stage":"prepared","at":1790393239095,"requestId":"630aa1e715265ed8","origin":"b5094fe8d78e452f","elapsedMs":248,"textChars":16,"result":"ready","reviewId":"mimo-intv-mimo_pc_input_text-d595c9d84c4c4df5b72ed5833771f128"}
11:27:19 [info] [intervention] {"stage":"claim","at":1790393239115,"requestId":"630aa1e715265ed8","origin":"b5094fe8d78e452f","sessionId":"b5094fe8d78e452f","elapsedMs":268,"textChars":16,"reviewId":"mimo-intv-mimo_pc_input_text-d595c9d84c4c4df5b72ed5833771f128"}
11:27:19 [info] [smart-router] {"origin":"ses_REDACTED","model":"mimo-pro"}
11:27:19 [log] [sess-diag] engineFetch GET /session/ses_REDACTED/task -> HTTP 200 elapsed=48ms responseBytes=2346 engineUrl= http://127.0.0.1:53139 engineId= mimocode
11:27:19 [info] [harness] session origin=ses_REDACTED sid=ses_REDACTED source=user msgLen=16
11:27:19 [info] [turn-power-save] acquired sysId=0 mode=prevent-app-suspension first=run:ses_REDACTED
11:27:19 [info] [intervention] {"stage":"dispatch","at":1790393239650,"requestId":"630aa1e715265ed8","origin":"b5094fe8d78e452f","runId":"eaeb27ed2fd8c8ad","sessionId":"b5094fe8d78e452f","elapsedMs":803,"textChars":16,"reviewId":"mimo-intv-mimo_pc_input_text-d595c9d84c4c4df5b72ed5833771f128"}
11:27:19 [info] [intervention] {"stage":"user-bound","at":1790393239795,"requestId":"630aa1e715265ed8","origin":"b5094fe8d78e452f","runId":"eaeb27ed2fd8c8ad","sessionId":"b5094fe8d78e452f","userId":"2c98f8c5cdd957bf","elapsedMs":948,"textChars":16,"reviewId":"mimo-intv-mimo_pc_input_text-d595c9d84c4c4df5b72ed5833771f128"}
11:27:20 [info] [intervention] {"stage":"model.start","at":1790393240274,"requestId":"630aa1e715265ed8","origin":"b5094fe8d78e452f","runId":"eaeb27ed2fd8c8ad","sessionId":"b5094fe8d78e452f","userId":"2c98f8c5cdd957bf","assistantId":"ff989f4d51ab5c8a","ephemeral":false,"hasScope":true,"route":"upstream"}
11:27:20 [info] [intervention] {"stage":"fetch.start","at":1790393240302,"requestId":"630aa1e715265ed8","origin":"b5094fe8d78e452f","runId":"eaeb27ed2fd8c8ad","sessionId":"b5094fe8d78e452f","userId":"2c98f8c5cdd957bf","assistantId":"ff989f4d51ab5c8a","ephemeral":false,"hasScope":true,"protocol":"chat-completions","route":"upstream"}
11:27:26 [info] [intervention] {"stage":"fetch.response","at":1790393246560,"requestId":"630aa1e715265ed8","origin":"b5094fe8d78e452f","runId":"eaeb27ed2fd8c8ad","sessionId":"b5094fe8d78e452f","userId":"2c98f8c5cdd957bf","assistantId":"ff989f4d51ab5c8a","elapsedMs":6258,"status":200,"ephemeral":false,"hasScope":true,"protocol":"chat-completions","route":"upstream"}
11:27:26 [info] [content-review/turn-binding] note-no-slot key=ses_REDACTED anchor=msg:msg_g001a0dbc0c9eb001pp5mlQsPj
11:27:26 [info] [intervention] {"stage":"output","at":1790393246970,"runId":"eaeb27ed2fd8c8ad","sessionId":"b5094fe8d78e452f","assistantId":"ff989f4d51ab5c8a","textChars":3,"reviewSkipped":false}
11:27:30 [log] [perm-autopass] allow permission=bash
11:27:31 [info] [intervention] {"stage":"model.start","at":1790393251500,"requestId":"630aa1e715265ed8","origin":"b5094fe8d78e452f","runId":"eaeb27ed2fd8c8ad","sessionId":"b5094fe8d78e452f","userId":"2c98f8c5cdd957bf","assistantId":"f8de4067c530b1f3","ephemeral":false,"hasScope":true,"route":"upstream"}
11:27:31 [info] [intervention] {"stage":"fetch.start","at":1790393251527,"requestId":"630aa1e715265ed8","origin":"b5094fe8d78e452f","runId":"eaeb27ed2fd8c8ad","sessionId":"b5094fe8d78e452f","userId":"2c98f8c5cdd957bf","assistantId":"f8de4067c530b1f3","ephemeral":false,"hasScope":true,"protocol":"chat-completions","route":"upstream"}
11:27:41 [log] [sess-diag] engineFetch GET /experimental/session?roots=true&limit=2000 -> HTTP 200 elapsed=10ms responseBytes=38752 engineUrl= http://127.0.0.1:53139 engineId= (default)
11:27:41 [log] [sess-diag] loadEngineSessions: 原始条数 = 18
11:27:41 [log] [sess-diag] loadEngineSessions: reconcile 后 convos = 18 order = 18
11:27:41 [log] [sess-diag] loadEngineSessions: 耗时(ms) fetch = 12 repoRoots = 1 build+reconcile = 2 set = 1 total = 16
11:27:57 [info] [intervention] {"stage":"fetch.response","at":1790393277882,"requestId":"630aa1e715265ed8","origin":"b5094fe8d78e452f","runId":"eaeb27ed2fd8c8ad","sessionId":"b5094fe8d78e452f","userId":"2c98f8c5cdd957bf","assistantId":"f8de4067c530b1f3","elapsedMs":26355,"status":200,"ephemeral":false,"hasScope":true,"protocol":"chat-completions","route":"upstream"}
11:28:03 [info] [intervention] {"stage":"output","at":1790393283004,"runId":"eaeb27ed2fd8c8ad","sessionId":"b5094fe8d78e452f","assistantId":"f8de4067c530b1f3","textChars":2,"reviewSkipped":false}
11:28:07 [log] [perm-autopass] allow permission=bash
11:28:10 [info] [intervention] {"stage":"model.start","at":1790393290264,"requestId":"630aa1e715265ed8","origin":"b5094fe8d78e452f","runId":"eaeb27ed2fd8c8ad","sessionId":"b5094fe8d78e452f","userId":"2c98f8c5cdd957bf","assistantId":"8fa575f1c334787e","ephemeral":false,"hasScope":true,"route":"upstream"}
11:28:10 [info] [intervention] {"stage":"fetch.start","at":1790393290291,"requestId":"630aa1e715265ed8","origin":"b5094fe8d78e452f","runId":"eaeb27ed2fd8c8ad","sessionId":"b5094fe8d78e452f","userId":"2c98f8c5cdd957bf","assistantId":"8fa575f1c334787e","ephemeral":false,"hasScope":true,"protocol":"chat-completions","route":"upstream"}
11:28:11 [log] [sess-diag] engineFetch GET /experimental/session?roots=true&limit=2000 -> HTTP 200 elapsed=18ms responseBytes=38752 engineUrl= http://127.0.0.1:53139 engineId= (default)
11:28:11 [log] [sess-diag] loadEngineSessions: 原始条数 = 18
11:28:11 [log] [sess-diag] loadEngineSessions: reconcile 后 convos = 18 order = 18
11:28:11 [log] [sess-diag] loadEngineSessions: 耗时(ms) fetch = 22 repoRoots = 2 build+reconcile = 5 set = 1 total = 29
11:28:16 [info] [intervention] {"stage":"fetch.response","at":1790393296909,"requestId":"630aa1e715265ed8","origin":"b5094fe8d78e452f","runId":"eaeb27ed2fd8c8ad","sessionId":"b5094fe8d78e452f","userId":"2c98f8c5cdd957bf","assistantId":"8fa575f1c334787e","elapsedMs":6618,"status":200,"ephemeral":false,"hasScope":true,"protocol":"chat-completions","route":"upstream"}
11:28:21 [info] [intervention] {"stage":"output","at":1790393301104,"runId":"eaeb27ed2fd8c8ad","sessionId":"b5094fe8d78e452f","assistantId":"8fa575f1c334787e","textChars":3,"reviewSkipped":false}
11:28:25 [log] [perm-autopass] allow permission=external_directory
11:28:26 [info] [intervention] {"stage":"model.start","at":1790393306322,"requestId":"630aa1e715265ed8","origin":"b5094fe8d78e452f","runId":"eaeb27ed2fd8c8ad","sessionId":"b5094fe8d78e452f","userId":"2c98f8c5cdd957bf","assistantId":"71eddeea11d995b2","ephemeral":false,"hasScope":true,"route":"upstream"}
11:28:26 [info] [intervention] {"stage":"fetch.start","at":1790393306352,"requestId":"630aa1e715265ed8","origin":"b5094fe8d78e452f","runId":"eaeb27ed2fd8c8ad","sessionId":"b5094fe8d78e452f","userId":"2c98f8c5cdd957bf","assistantId":"71eddeea11d995b2","ephemeral":false,"hasScope":true,"protocol":"chat-completions","route":"upstream"}
11:28:34 [info] [intervention] {"stage":"fetch.response","at":1790393314613,"requestId":"630aa1e715265ed8","origin":"b5094fe8d78e452f","runId":"eaeb27ed2fd8c8ad","sessionId":"b5094fe8d78e452f","userId":"2c98f8c5cdd957bf","assistantId":"71eddeea11d995b2","elapsedMs":8261,"status":200,"ephemeral":false,"hasScope":true,"protocol":"chat-completions","route":"upstream"}
11:28:41 [log] [sess-diag] engineFetch GET /experimental/session?roots=true&limit=2000 -> HTTP 200 elapsed=19ms responseBytes=38752 engineUrl= http://127.0.0.1:53139 engineId= (default)
11:28:41 [log] [sess-diag] loadEngineSessions: 原始条数 = 18
11:28:41 [log] [sess-diag] loadEngineSessions: reconcile 后 convos = 18 order = 18
11:28:41 [log] [sess-diag] loadEngineSessions: 耗时(ms) fetch = 24 repoRoots = 2 build+reconcile = 4 set = 1 total = 31
11:29:11 [log] [sess-diag] engineFetch GET /experimental/session?roots=true&limit=2000 -> HTTP 200 elapsed=19ms responseBytes=38752 engineUrl= http://127.0.0.1:53139 engineId= (default)
11:29:11 [log] [sess-diag] loadEngineSessions: 原始条数 = 18
11:29:11 [log] [sess-diag] loadEngineSessions: reconcile 后 convos = 18 order = 18
11:29:11 [log] [sess-diag] loadEngineSessions: 耗时(ms) fetch = 22 repoRoots = 2 build+reconcile = 4 set = 1 total = 29
11:29:41 [log] [sess-diag] engineFetch GET /experimental/session?roots=true&limit=2000 -> HTTP 200 elapsed=18ms responseBytes=38752 engineUrl= http://127.0.0.1:53139 engineId= (default)
11:29:41 [log] [sess-diag] loadEngineSessions: 原始条数 = 18
11:29:41 [log] [sess-diag] loadEngineSessions: reconcile 后 convos = 18 order = 18
11:29:41 [log] [sess-diag] loadEngineSessions: 耗时(ms) fetch = 22 repoRoots = 2 build+reconcile = 4 set = 1 total = 28
11:30:11 [log] [sess-diag] engineFetch GET /experimental/session?roots=true&limit=2000 -> HTTP 200 elapsed=18ms responseBytes=38752 engineUrl= http://127.0.0.1:53139 engineId= (default)
11:30:11 [log] [sess-diag] loadEngineSessions: 原始条数 = 18
11:30:11 [log] [sess-diag] loadEngineSessions: reconcile 后 convos = 18 order = 18
11:30:11 [log] [sess-diag] loadEngineSessions: 耗时(ms) fetch = 22 repoRoots = 2 build+reconcile = 4 set = 1 total = 28
11:30:35 [info] [intervention] {"stage":"model.start","at":1790393435029,"requestId":"630aa1e715265ed8","origin":"b5094fe8d78e452f","runId":"eaeb27ed2fd8c8ad","sessionId":"b5094fe8d78e452f","userId":"2c98f8c5cdd957bf","assistantId":"b1a97d3b80521df2","ephemeral":false,"hasScope":true,"route":"upstream"}
11:30:35 [info] [intervention] {"stage":"fetch.start","at":1790393435055,"requestId":"630aa1e715265ed8","origin":"b5094fe8d78e452f","runId":"eaeb27ed2fd8c8ad","sessionId":"b5094fe8d78e452f","userId":"2c98f8c5cdd957bf","assistantId":"b1a97d3b80521df2","ephemeral":false,"hasScope":true,"protocol":"chat-completions","route":"upstream"}
11:30:41 [info] [intervention] {"stage":"fetch.response","at":1790393441018,"requestId":"630aa1e715265ed8","origin":"b5094fe8d78e452f","runId":"eaeb27ed2fd8c8ad","sessionId":"b5094fe8d78e452f","userId":"2c98f8c5cdd957bf","assistantId":"b1a97d3b80521df2","elapsedMs":5963,"status":200,"ephemeral":false,"hasScope":true,"protocol":"chat-completions","route":"upstream"}
11:30:41 [log] [sess-diag] engineFetch GET /experimental/session?roots=true&limit=2000 -> HTTP 200 elapsed=17ms responseBytes=38752 engineUrl= http://127.0.0.1:53139 engineId= (default)
11:30:41 [log] [sess-diag] loadEngineSessions: 原始条数 = 18
11:30:41 [log] [sess-diag] loadEngineSessions: reconcile 后 convos = 18 order = 18
11:30:41 [log] [sess-diag] loadEngineSessions: 耗时(ms) fetch = 22 repoRoots = 2 build+reconcile = 4 set = 1 total = 29
11:30:43 [info] [intervention] {"stage":"output","at":1790393443157,"runId":"eaeb27ed2fd8c8ad","sessionId":"b5094fe8d78e452f","assistantId":"b1a97d3b80521df2","textChars":10,"reviewSkipped":false}
11:30:46 [info] [content-review] app=mimo_pc_output_text source=conversation why=limit batch=088a5ba624fdffc0 api=/api/audit/check len=299 images=0 sha=cfd67066d405 session=ses_REDACTED elapsed=189ms verdict=pass reviewId=mimo-mimo_pc_output_text-6ccfcfdb81b24dc88815382733ff9618 detail=[serverVerdict=pass resultCode=1 subCode=9 aigc=- hints=0 detailsLen=0 resp=[passed=pass resultCode=1 reviewId=mimo-mimo_pc_output_text-6ccfcfdb81b24dc88815382733ff9618 offlineReason= offlineDetails=[0 chars] hint=[0 items] subCode=9 aigc=null]]
11:30:47 [info] [intervention] {"stage":"closed","at":1790393447007,"requestId":"630aa1e715265ed8","origin":"b5094fe8d78e452f","runId":"eaeb27ed2fd8c8ad","sessionId":"b5094fe8d78e452f","userId":"2c98f8c5cdd957bf","elapsedMs":208160,"textChars":16,"reviewId":"mimo-intv-mimo_pc_input_text-d595c9d84c4c4df5b72ed5833771f128"}
11:30:47 [info] [turn-power-save] released sysId=0 last=run:ses_REDACTED
11:30:47 [log] [sess-diag] engineFetch GET /session/ses_REDACTED/task -> HTTP 200 elapsed=52ms responseBytes=2346 engineUrl= http://127.0.0.1:53139 engineId= mimocode
11:30:47 [log] [sess-diag] engineFetch GET /session/ses_REDACTED/recovery -> HTTP 200 elapsed=120ms responseBytes=2 engineUrl= http://127.0.0.1:53139 engineId= mimocode
11:30:47 [log] [sess-diag] engineFetch GET /session/ses_REDACTED -> HTTP 200 elapsed=125ms responseBytes=29556 engineUrl= http://127.0.0.1:53139 engineId= mimocode
11:30:47 [info] [content-review] app=mimo_pc_output_text source=conversation why=flush batch=9bb3758431fd3bc1 api=/api/audit/check len=6 images=0 sha=d1f1247e20e1 session=ses_REDACTED elapsed=217ms verdict=pass reviewId=mimo-mimo_pc_output_text-679fa919b65843f685a50cd766d8d69f detail=[serverVerdict=pass resultCode=1 subCode=9 aigc=- hints=0 detailsLen=0 resp=[passed=pass resultCode=1 reviewId=mimo-mimo_pc_output_text-679fa919b65843f685a50cd766d8d69f offlineReason= offlineDetails=[0 chars] hint=[0 items] subCode=9 aigc=null]]
11:30:47 [info] [content-review] app=mimo_pc_output_text source=conversation why=flush batch=fe9eea06245de391 api=/api/audit/check len=325 images=0 sha=9763c12d20a6 session=ses_REDACTED elapsed=216ms verdict=pass reviewId=mimo-mimo_pc_output_text-fa6844b32a5d43b6add3157a5f199496 detail=[serverVerdict=pass resultCode=1 subCode=9 aigc=- hints=0 detailsLen=0 resp=[passed=pass resultCode=1 reviewId=mimo-mimo_pc_output_text-fa6844b32a5d43b6add3157a5f199496 offlineReason= offlineDetails=[0 chars] hint=[0 items] subCode=9 aigc=null]]
11:30:47 [info] [content-review] app=mimo_pc_output_text source=conversation why=flush batch=41f8cab25b6ad7a0 api=/api/audit/check len=81 images=0 sha=469159e9c235 session=ses_REDACTED elapsed=176ms verdict=pass reviewId=mimo-mimo_pc_output_text-e25da933a6ad475b88fddd8775d2bd25 detail=[serverVerdict=pass resultCode=1 subCode=9 aigc=- hints=0 detailsLen=0 resp=[passed=pass resultCode=1 reviewId=mimo-mimo_pc_output_text-e25da933a6ad475b88fddd8775d2bd25 offlineReason= offlineDetails=[0 chars] hint=[0 items] subCode=9 aigc=null]]
11:30:47 [info] [content-review] app=mimo_pc_output_text source=conversation why=flush batch=088a5ba624fdffc0 api=/api/audit/check len=271 images=0 sha=2a1014bf9423 session=ses_REDACTED elapsed=187ms verdict=pass reviewId=mimo-mimo_pc_output_text-55b0512e370b46608e08b5ffa730c56c detail=[serverVerdict=pass resultCode=1 subCode=9 aigc=- hints=0 detailsLen=0 resp=[passed=pass resultCode=1 reviewId=mimo-mimo_pc_output_text-55b0512e370b46608e08b5ffa730c56c offlineReason= offlineDetails=[0 chars] hint=[0 items] subCode=9 aigc=null]]
11:31:11 [log] [sess-diag] engineFetch GET /experimental/session?roots=true&limit=2000 -> HTTP 200 elapsed=32ms responseBytes=38752 engineUrl= http://127.0.0.1:53139 engineId= (default)
11:31:11 [log] [sess-diag] loadEngineSessions: 原始条数 = 18
11:31:11 [log] [sess-diag] loadEngineSessions: reconcile 后 convos = 18 order = 18
11:31:11 [log] [sess-diag] loadEngineSessions: 耗时(ms) fetch = 36 repoRoots = 2 build+reconcile = 5 set = 1 total = 44
11:31:41 [log] [sess-diag] engineFetch GET /experimental/session?roots=true&limit=2000 -> HTTP 200 elapsed=31ms responseBytes=38752 engineUrl= http://127.0.0.1:53139 engineId= (default)
11:31:41 [log] [sess-diag] loadEngineSessions: 原始条数 = 18
11:31:41 [log] [sess-diag] loadEngineSessions: reconcile 后 convos = 18 order = 18
11:31:41 [log] [sess-diag] loadEngineSessions: 耗时(ms) fetch = 36 repoRoots = 2 build+reconcile = 4 set = 1 total = 44
11:32:11 [log] [sess-diag] engineFetch GET /experimental/session?roots=true&limit=2000 -> HTTP 200 elapsed=43ms responseBytes=38752 engineUrl= http://127.0.0.1:53139 engineId= (default)
11:32:12 [log] [sess-diag] loadEngineSessions: 原始条数 = 18
11:32:12 [log] [sess-diag] loadEngineSessions: reconcile 后 convos = 18 order = 18
11:32:12 [log] [sess-diag] loadEngineSessions: 耗时(ms) fetch = 145 repoRoots = 1 build+reconcile = 2 set = 1 total = 148
11:32:42 [log] [sess-diag] engineFetch GET /experimental/session?roots=true&limit=2000 -> HTTP 200 elapsed=116ms responseBytes=38752 engineUrl= http://127.0.0.1:53139 engineId= (default)
11:32:42 [log] [sess-diag] loadEngineSessions: 原始条数 = 18
11:32:42 [log] [sess-diag] loadEngineSessions: reconcile 后 convos = 18 order = 18
11:32:42 [log] [sess-diag] loadEngineSessions: 耗时(ms) fetch = 123 repoRoots = 42 build+reconcile = 2 set = 1 total = 168
11:33:11 [log] [sess-diag] engineFetch GET /experimental/session?roots=true&limit=2000 -> HTTP 200 elapsed=31ms responseBytes=38752 engineUrl= http://127.0.0.1:53139 engineId= (default)
11:33:11 [log] [sess-diag] loadEngineSessions: 原始条数 = 18
11:33:11 [log] [sess-diag] loadEngineSessions: reconcile 后 convos = 18 order = 18
11:33:11 [log] [sess-diag] loadEngineSessions: 耗时(ms) fetch = 35 repoRoots = 2 build+reconcile = 4 set = 1 total = 43
11:33:41 [log] [sess-diag] engineFetch GET /experimental/session?roots=true&limit=2000 -> HTTP 200 elapsed=32ms responseBytes=38752 engineUrl= http://127.0.0.1:53139 engineId= (default)
11:33:41 [log] [sess-diag] loadEngineSessions: 原始条数 = 18
11:33:41 [log] [sess-diag] loadEngineSessions: reconcile 后 convos = 18 order = 18
11:33:41 [log] [sess-diag] loadEngineSessions: 耗时(ms) fetch = 38 repoRoots = 2 build+reconcile = 4 set = 1 total = 45
11:34:11 [log] [sess-diag] engineFetch GET /experimental/session?roots=true&limit=2000 -> HTTP 200 elapsed=22ms responseBytes=38752 engineUrl= http://127.0.0.1:53139 engineId= (default)
11:34:11 [log] [sess-diag] loadEngineSessions: 原始条数 = 18
11:34:11 [log] [sess-diag] loadEngineSessions: reconcile 后 convos = 18 order = 18
11:34:11 [log] [sess-diag] loadEngineSessions: 耗时(ms) fetch = 25 repoRoots = 2 build+reconcile = 2 set = 1 total = 29
11:34:41 [log] [sess-diag] engineFetch GET /experimental/session?roots=true&limit=2000 -> HTTP 200 elapsed=29ms responseBytes=38752 engineUrl= http://127.0.0.1:53139 engineId= (default)
11:34:41 [log] [sess-diag] loadEngineSessions: 原始条数 = 18
11:34:41 [log] [sess-diag] loadEngineSessions: reconcile 后 convos = 18 order = 18
11:34:41 [log] [sess-diag] loadEngineSessions: 耗时(ms) fetch = 35 repoRoots = 2 build+reconcile = 4 set = 1 total = 41
11:35:11 [log] [sess-diag] engineFetch GET /experimental/session?roots=true&limit=2000 -> HTTP 200 elapsed=11ms responseBytes=38752 engineUrl= http://127.0.0.1:53139 engineId= (default)
11:35:11 [log] [sess-diag] loadEngineSessions: 原始条数 = 18
11:35:11 [log] [sess-diag] loadEngineSessions: reconcile 后 convos = 18 order = 18
11:35:11 [log] [sess-diag] loadEngineSessions: 耗时(ms) fetch = 12 repoRoots = 1 build+reconcile = 2 set = 1 total = 16
11:35:41 [log] [sess-diag] engineFetch GET /experimental/session?roots=true&limit=2000 -> HTTP 200 elapsed=10ms responseBytes=38752 engineUrl= http://127.0.0.1:53139 engineId= (default)
11:35:41 [log] [sess-diag] loadEngineSessions: 原始条数 = 18
11:35:41 [log] [sess-diag] loadEngineSessions: reconcile 后 convos = 18 order = 18
11:35:41 [log] [sess-diag] loadEngineSessions: 耗时(ms) fetch = 11 repoRoots = 1 build+reconcile = 2 set = 0 total = 14
11:36:36 [info] [experiment] key=feature_gates id=101197 type=string value={\n    "domestic": { "show_mcp_entry": false, "show_custom_model_button": true, "loop_streak_recovery": true, "show_evolve_entry": true,"show_computeruse": false, "show_browseruse": false, "show_pay": … elapsed=1ms
11:36:36 [info] [feature-gates] refresh: ok (elapsed=55ms)
11:36:44 [info] [config] loading from: https://cdn-exp-sg-recommend.pt.xiaomi.com/service/getClientBitMapExpConf/mimoDesktop(%E6%96%B0%E5%8A%A0%E5%9D%A1)
11:36:44 [info] [config] loaded tree for mimoDesktop(新加坡): children=2, upRuleIds=0
11:36:44 [info] [config] remote config loaded: 1 apps
11:36:44 [info] [config] loaded successfully: 1 apps
11:40:51 [log] [sess-diag] engineFetch GET /experimental/session?roots=true&limit=2000 -> HTTP 200 elapsed=133ms responseBytes=38752 engineUrl= http://127.0.0.1:53139 engineId= (default)
11:40:51 [log] [sess-diag] loadEngineSessions: 原始条数 = 18
11:40:52 [log] [sess-diag] loadEngineSessions: reconcile 后 convos = 18 order = 18
11:40:52 [log] [sess-diag] loadEngineSessions: 耗时(ms) fetch = 198 repoRoots = 70 build+reconcile = 2 set = 1 total = 270
11:41:11 [log] [sess-diag] engineFetch GET /experimental/session?roots=true&limit=2000 -> HTTP 200 elapsed=34ms responseBytes=38752 engineUrl= http://127.0.0.1:53139 engineId= (default)
11:41:11 [log] [sess-diag] loadEngineSessions: 原始条数 = 18
11:41:11 [log] [sess-diag] loadEngineSessions: reconcile 后 convos = 18 order = 18
11:41:11 [log] [sess-diag] loadEngineSessions: 耗时(ms) fetch = 38 repoRoots = 2 build+reconcile = 4 set = 1 total = 45
11:41:41 [log] [sess-diag] engineFetch GET /experimental/session?roots=true&limit=2000 -> HTTP 200 elapsed=35ms responseBytes=38752 engineUrl= http://127.0.0.1:53139 engineId= (default)
11:41:41 [log] [sess-diag] loadEngineSessions: 原始条数 = 18
11:41:41 [log] [sess-diag] loadEngineSessions: reconcile 后 convos = 18 order = 18
11:41:41 [log] [sess-diag] loadEngineSessions: 耗时(ms) fetch = 40 repoRoots = 2 build+reconcile = 4 set = 1 total = 47
11:42:12 [info] [exit-app] quit via tray menu
11:42:12 [info] [exit-app] before-quit
11:42:12 [info] [window] window closed
11:42:12 [info] [exit-app] window-all-closed platform=win32 appQuitting=true willQuit=false
11:45:39 [info] [boot] MiMo Desktop version=26.923.232338 platform=win32 arch=x64 os=Windows_NT/10.0.26200 sysver=10.0.26200 mem=7.7GB(free 2.5GB) edition=domestic packaged=true theme=system e2e=false authBypass=false logs=C:\Users\xiaomi\AppData\Roaming\Xiaomi MiMo\logs
11:45:39 [info] [terminal-env] snapshot source: win-registry
11:45:39 [info] [runtimes] injected env: MIMO_NODE,MIMO_NPM,MIMO_PYTHON,MIMO_QPDF,MIMO_GITHUB_MCP_SERVER,MIMO_NODE_MODULES,MIMO_RIPGREP_PATH,MIMO_ELECTRON_NODE_HOST,PYTHONDONTWRITEBYTECODE
11:45:39 [log] [api-base] cached-region reader injected after settle -> ignored
11:45:39 [log] [api-base] system-country reader injected after settle -> ignored
11:45:39 [info] [user-auth] init ok requiresCnAccount=true cachedRegion=CN localeCountry=CN
11:45:39 [info] [libreoffice-runtime] setup ready key=win32-x64 version=25.8.7 archive=160665171 bytes
11:45:39 [info] [on-demand-assets] setup ready descriptors=soundfont(1f),query-classifier(4f) not-configured=none
11:45:40 [info] [engine] reloadConfigOnNextSession (plugin change)
11:45:40 [error] [plugins] registry corrupt/unreadable at startup seed; closing automation HostMcp gate
11:45:40 [info] [engine] reloadConfigOnNextSession (plugin change)
11:45:40 [info] [plugins] setup ok count=0
11:45:40 [info] [apm] region=CN source=cache
11:45:41 [log] [evolve-observatory] evolve observatory server listening on 127.0.0.1:53036
11:45:41 [log] [mimo][api] listening on 127.0.0.1:53037
11:45:41 [info] [boot] app ready in 4931.656005859375ms
11:45:41 [error] [plugins] registry corrupt/unreadable at readiness settle; keeping automation HostMcp gate closed
11:45:41 [info] [engine] reloadConfigOnNextSession (plugin change)
11:45:41 [info] [presentation-host] started socket=C:\Users\xiaomi\AppData\Roaming\Xiaomi MiMo\presentation-host\f1c7ef4fa0ae.sock
11:45:41 [info] [application] activated (main window created)
11:45:41 [info] [tray] enabled=true
11:45:41 [info] [updater] setup begin
11:45:41 [info] [updater] setup platform=win32 packaged=true version=26.923.232338 e2e=false
11:45:41 [info] [updater/win] transaction reconcile kind=none
11:45:41 [info] [updater/win] auto-updater path feed=https://mimocode-cdn.xiaomimimo.com/mimocode/mimodesktop/manifest.json
11:45:41 [info] [engine] prewarm startEngine
11:45:42 [info] [plugins] automation background startup settled {"elapsedMs":1908}
11:45:46 [info] [db] prewarm ok in 4788ms
11:45:46 [info] [artifacts] reconciliation starting
11:45:46 [log] [xiaomi-auth] probeStatus start (hidden-window path)
11:45:47 [info] [engine] HostMcp runtime available=true
11:45:47 [info] [engine] reloadConfigOnNextSession (plugin change)
11:45:52 [log] [DeviceId] generated:
11:45:52 [info] [query-classification] ready
11:45:57 [info] Checking for update
11:45:58 [log] [mimo] engine in-process server ready http://127.0.0.1:52829
11:45:58 [info] [engine] prewarm ok
11:45:58 [info] [mimo] loop_streak_recovery=on · experimental crop enabled for next requests
11:45:58 [info] [libreoffice-runtime] prefetch start key=win32-x64 version=25.8.7
11:45:59 [info] [on-demand-assets] prefetch start queue=[soundfont,query-classifier]
11:45:59 [info] [on-demand-assets] soundfont cache-hit (1 files);skip download
11:45:59 [info] [on-demand-assets] query-classifier cache-hit (4 files);skip download
11:45:59 [info] [libreoffice-runtime] cache-hit exact (version=25.8.7);skip download
11:45:59 [log] [xiaomi-auth] probeStatus done kind=indeterminate
11:45:59 [info] [user-auth] initialize done xiaomi-logged-in=false
11:45:59 [info] Update for version 26.923.232338 is not available (latest version: 26.923.232338, downgrade is disallowed).
11:45:59 [log] [xiaomi-auth] probeStatus start (hidden-window path)
11:45:59 [log] [model-catalog] xiaomi login not confirmed -> skip fetch, keep cache
11:46:01 [log] [xiaomi-auth] probeStatus done kind=authenticated userId=REDACTED
11:46:04 [info] [experiment] initializing app=mimoDesktop(新加坡) env=ksmoscloudsrv service=<sdk-default>
11:46:04 [info] [config] loading from: https://cdn-exp-sg-recommend.pt.xiaomi.com/service/getClientBitMapExpConf/mimoDesktop(%E6%96%B0%E5%8A%A0%E5%9D%A1)
11:46:06 [info] [config] loaded tree for mimoDesktop(新加坡): children=2, upRuleIds=0
11:46:06 [info] [config] remote config loaded: 1 apps
11:46:06 [info] [config] loaded successfully: 1 apps
11:46:06 [info] [experiment] key=feature_gates id=101197 type=string value={\n    "domestic": { "show_mcp_entry": false, "show_custom_model_button": true, "loop_streak_recovery": true, "show_evolve_entry": true,"show_computeruse": false, "show_browseruse": false, "show_pay": … elapsed=2713ms
11:46:06 [info] [feature-gates] refresh: ok (elapsed=2726ms)
11:46:06 [error] (node:13820) [DEP0180] DeprecationWarning: fs.Stats constructor is deprecated.\n(Use `Xiaomi MiMo --trace-deprecation ...` to show where the warning was created)
11:46:07 [log] [sess-diag] engineFetch GET /experimental/session?roots=true&limit=2000 -> HTTP 200 elapsed=8517ms responseBytes=38752 engineUrl= http://127.0.0.1:52829 engineId= (default)
11:46:07 [log] [sess-diag] loadEngineSessions: 原始条数 = 18
11:46:07 [log] [sess-diag] loadEngineSessions: reconcile 后 convos = 18 order = 18
11:46:07 [log] [sess-diag] loadEngineSessions: 耗时(ms) fetch = 8650 repoRoots = 86 build+reconcile = 38 set = 7 total = 8781
11:46:10 [info] [artifacts] reconciliation started
11:46:10 [log] [sess-diag] engineFetch GET /experimental/session?roots=true&limit=2000 -> HTTP 200 elapsed=75ms responseBytes=38752 engineUrl= http://127.0.0.1:52829 engineId= (default)
11:46:10 [log] [sess-diag] loadEngineSessions: 原始条数 = 18
11:46:10 [log] [sess-diag] loadEngineSessions: reconcile 后 convos = 18 order = 18
11:46:10 [log] [sess-diag] loadEngineSessions: 耗时(ms) fetch = 85 repoRoots = 5 build+reconcile = 26 set = 6 total = 121
11:46:11 [log] [sess-diag] engineFetch GET /experimental/session?roots=true&limit=2000 -> HTTP 200 elapsed=57ms responseBytes=38752 engineUrl= http://127.0.0.1:52829 engineId= (default)
11:46:11 [log] [sess-diag] loadEngineSessions: 原始条数 = 18
11:46:11 [log] [sess-diag] loadEngineSessions: reconcile 后 convos = 18 order = 18
11:46:11 [log] [sess-diag] loadEngineSessions: 耗时(ms) fetch = 63 repoRoots = 5 build+reconcile = 13 set = 2 total = 83
11:46:14 [info] [exit-app] quit via tray menu
11:46:14 [info] [exit-app] before-quit
11:46:15 [info] [window] window closed
11:46:15 [info] [exit-app] window-all-closed platform=win32 appQuitting=true willQuit=false
11:46:25 [info] [boot] MiMo Desktop version=26.923.232338 platform=win32 arch=arm64 os=Windows_NT/10.0.26200 sysver=10.0.26200 mem=7.7GB(free 2.4GB) edition=domestic packaged=true theme=system e2e=false authBypass=false logs=C:\Users\xiaomi\AppData\Roaming\Xiaomi MiMo\logs
11:46:25 [info] [terminal-env] snapshot source: win-registry
11:46:25 [info] [runtimes] injected env: MIMO_NODE,MIMO_PYTHON,MIMO_QPDF,MIMO_GITHUB_MCP_SERVER,MIMO_NODE_MODULES,MIMO_RIPGREP_PATH,MIMO_ELECTRON_NODE_HOST,PYTHONDONTWRITEBYTECODE
11:46:25 [log] [api-base] cached-region reader injected after settle -> ignored
11:46:25 [log] [api-base] system-country reader injected after settle -> ignored
11:46:25 [info] [user-auth] init ok requiresCnAccount=true cachedRegion=CN localeCountry=CN
11:46:25 [warn] [libreoffice-runtime] setup not-configured key=win32-arm64 (manifest 缺项或未发布;静默降级)
11:46:25 [info] [on-demand-assets] setup ready descriptors=soundfont(1f),query-classifier(4f) not-configured=none
11:46:25 [info] [engine] reloadConfigOnNextSession (plugin change)
11:46:25 [error] [plugins] registry corrupt/unreadable at startup seed; closing automation HostMcp gate
11:46:25 [info] [engine] reloadConfigOnNextSession (plugin change)
11:46:25 [info] [plugins] setup ok count=0
11:46:25 [info] [apm] region=CN source=cache
11:46:25 [log] [evolve-observatory] evolve observatory server listening on 127.0.0.1:62030
11:46:25 [log] [mimo][api] listening on 127.0.0.1:62031
11:46:25 [info] [boot] app ready in 1016.18701171875ms
11:46:25 [error] [plugins] registry corrupt/unreadable at readiness settle; keeping automation HostMcp gate closed
11:46:25 [info] [engine] reloadConfigOnNextSession (plugin change)
11:46:25 [info] [presentation-host] started socket=C:\Users\xiaomi\AppData\Roaming\Xiaomi MiMo\presentation-host\223f3caaa2cd.sock
11:46:25 [info] [application] activated (main window created)
11:46:25 [info] [tray] enabled=true
11:46:25 [info] [updater] setup begin
11:46:25 [info] [updater] setup platform=win32 packaged=true version=26.923.232338 e2e=false
11:46:25 [info] [updater/win] transaction reconcile kind=none
11:46:25 [info] [updater/win] auto-updater path feed=https://mimocode-cdn.xiaomimimo.com/mimocode/mimodesktop/manifest.json
11:46:25 [info] [engine] prewarm startEngine
11:46:26 [info] [plugins] automation background startup settled {"elapsedMs":770}
11:46:27 [info] [db] prewarm ok in 2310ms
11:46:27 [info] [artifacts] reconciliation starting
11:46:27 [log] [xiaomi-auth] probeStatus start (hidden-window path)
11:46:28 [info] [engine] HostMcp runtime available=true
11:46:28 [info] [engine] reloadConfigOnNextSession (plugin change)
11:46:28 [warn] [query-classification] warmup-unavailable {"code":"inference-failed"}
11:46:29 [log] [DeviceId] generated:
11:46:31 [log] [mimo] engine in-process server ready http://127.0.0.1:51006
11:46:31 [info] [engine] prewarm ok
11:46:31 [info] [libreoffice-runtime] prefetch skipped (not-configured)
11:46:31 [info] [on-demand-assets] prefetch start queue=[soundfont,query-classifier]
11:46:31 [info] [on-demand-assets] soundfont cache-hit (1 files);skip download
11:46:31 [info] [on-demand-assets] query-classifier cache-hit (4 files);skip download
11:46:31 [info] [mimo] loop_streak_recovery=on · experimental crop enabled for next requests
11:46:31 [log] [model-catalog] xiaomi login not confirmed -> skip fetch, keep cache
11:46:31 [info] [artifacts] reconciliation started
11:46:32 [log] [xiaomi-auth] probeStatus done kind=authenticated userId=REDACTED
11:46:33 [info] [experiment] initializing app=mimoDesktop(新加坡) env=ksmoscloudsrv service=<sdk-default>
11:46:33 [info] [config] loading from: https://cdn-exp-sg-recommend.pt.xiaomi.com/service/getClientBitMapExpConf/mimoDesktop(%E6%96%B0%E5%8A%A0%E5%9D%A1)
11:46:33 [info] [user-auth] initialize done xiaomi-logged-in=true
11:46:34 [info] Checking for update
11:46:34 [error] (node:11812) [DEP0180] DeprecationWarning: fs.Stats constructor is deprecated.\n(Use `Xiaomi MiMo --trace-deprecation ...` to show where the warning was created)
11:46:34 [info] [config] loaded tree for mimoDesktop(新加坡): children=2, upRuleIds=0
11:46:34 [info] [config] remote config loaded: 1 apps
11:46:34 [info] [config] loaded successfully: 1 apps
11:46:34 [info] [experiment] key=feature_gates id=101197 type=string value={\n    "domestic": { "show_mcp_entry": false, "show_custom_model_button": true, "loop_streak_recovery": true, "show_evolve_entry": true,"show_computeruse": false, "show_browseruse": false, "show_pay": … elapsed=1116ms
11:46:34 [info] [feature-gates] refresh: ok (elapsed=1125ms)
11:46:34 [log] [sess-diag] engineFetch GET /experimental/session?roots=true&limit=2000 -> HTTP 200 elapsed=2955ms responseBytes=38752 engineUrl= http://127.0.0.1:51006 engineId= (default)
11:46:34 [log] [sess-diag] loadEngineSessions: 原始条数 = 18
11:46:34 [log] [sess-diag] loadEngineSessions: reconcile 后 convos = 18 order = 18
11:46:34 [log] [sess-diag] loadEngineSessions: 耗时(ms) fetch = 2998 repoRoots = 13 build+reconcile = 6 set = 1 total = 3018
11:46:34 [info] Update for version 26.923.232338 is not available (latest version: 26.923.232338, downgrade is disallowed).
11:47:01 [log] [sess-diag] engineFetch GET /experimental/session?roots=true&limit=2000 -> HTTP 200 elapsed=34ms responseBytes=38752 engineUrl= http://127.0.0.1:51006 engineId= (default)
11:47:01 [log] [sess-diag] loadEngineSessions: 原始条数 = 18
11:47:01 [log] [sess-diag] loadEngineSessions: reconcile 后 convos = 18 order = 18
11:47:01 [log] [sess-diag] loadEngineSessions: 耗时(ms) fetch = 39 repoRoots = 2 build+reconcile = 6 set = 1 total = 49
11:47:17 [log] [sess-diag] engineFetch GET /session/ses_REDACTED/task -> HTTP 200 elapsed=363ms responseBytes=2346 engineUrl= http://127.0.0.1:51006 engineId= (default)
11:47:17 [log] [sess-diag] engineFetch GET /session/ses_REDACTED/recovery -> HTTP 200 elapsed=155ms responseBytes=2 engineUrl= http://127.0.0.1:51006 engineId= (default)
11:47:17 [log] [sess-diag] engineFetch GET /session/ses_REDACTED/message -> HTTP 200 elapsed=106ms responseBytes=5277932 engineUrl= http://127.0.0.1:51006 engineId= (default)
11:47:18 [log] [sess-diag] engineFetch GET /session/ses_REDACTED/actors -> HTTP 200 elapsed=279ms responseBytes=579 engineUrl= http://127.0.0.1:51006 engineId= (default)
11:47:31 [log] [sess-diag] engineFetch GET /experimental/session?roots=true&limit=2000 -> HTTP 200 elapsed=25ms responseBytes=38752 engineUrl= http://127.0.0.1:51006 engineId= (default)
11:47:31 [log] [sess-diag] loadEngineSessions: 原始条数 = 18
11:47:31 [log] [sess-diag] loadEngineSessions: reconcile 后 convos = 18 order = 18
11:47:31 [log] [sess-diag] loadEngineSessions: 耗时(ms) fetch = 29 repoRoots = 2 build+reconcile = 5 set = 1 total = 37
11:47:58 [log] [sess-diag] engineFetch GET /experimental/session?roots=true&limit=2000 -> HTTP 200 elapsed=67ms responseBytes=38752 engineUrl= http://127.0.0.1:51006 engineId= (default)
11:47:58 [log] [sess-diag] loadEngineSessions: 原始条数 = 18
11:47:58 [log] [sess-diag] loadEngineSessions: reconcile 后 convos = 18 order = 18
11:47:58 [log] [sess-diag] loadEngineSessions: 耗时(ms) fetch = 69 repoRoots = 1 build+reconcile = 2 set = 1 total = 73
11:48:01 [log] [sess-diag] engineFetch GET /experimental/session?roots=true&limit=2000 -> HTTP 200 elapsed=38ms responseBytes=38752 engineUrl= http://127.0.0.1:51006 engineId= (default)
11:48:01 [log] [sess-diag] loadEngineSessions: 原始条数 = 18
11:48:01 [log] [sess-diag] loadEngineSessions: reconcile 后 convos = 18 order = 18
11:48:01 [log] [sess-diag] loadEngineSessions: 耗时(ms) fetch = 43 repoRoots = 3 build+reconcile = 4 set = 1 total = 51
11:48:05 [log] [sess-diag] engineFetch GET /experimental/session?roots=true&limit=2000 -> HTTP 200 elapsed=93ms responseBytes=38752 engineUrl= http://127.0.0.1:51006 engineId= (default)
11:48:05 [log] [sess-diag] loadEngineSessions: 原始条数 = 18
11:48:05 [log] [sess-diag] loadEngineSessions: reconcile 后 convos = 18 order = 18
11:48:05 [log] [sess-diag] loadEngineSessions: 耗时(ms) fetch = 100 repoRoots = 1 build+reconcile = 2 set = 1 total = 104
11:48:17 [log] [sess-diag] engineFetch GET /experimental/session?roots=true&limit=2000 -> HTTP 200 elapsed=82ms responseBytes=38752 engineUrl= http://127.0.0.1:51006 engineId= (default)
11:48:17 [log] [sess-diag] loadEngineSessions: 原始条数 = 18
11:48:17 [log] [sess-diag] loadEngineSessions: reconcile 后 convos = 18 order = 18
11:48:17 [log] [sess-diag] loadEngineSessions: 耗时(ms) fetch = 88 repoRoots = 1 build+reconcile = 2 set = 1 total = 92
11:48:19 [info] [intervention] {"stage":"query","at":1790394499257,"requestId":"bae908d812029730","origin":"b5094fe8d78e452f","elapsedMs":153,"textChars":26,"queryChars":26,"truncated":false,"result":"miss","reviewId":"mimo-intv-mimo_pc_input_text-149da95b08074b8faf69cbd6cc6b0616"}
11:48:19 [info] [content-review] app=mimo_pc_input_text source=input why=oneshot batch=ba22ec6e54296f4c api=/api/audit/check len=26 images=0 sha=7737c0a8594f session=ses_REDACTED elapsed=170ms verdict=pass reviewId=mimo-mimo_pc_input_text-5d70cba22de74cdd8bc3d034b4c1a26e detail=[serverVerdict=pass resultCode=1 subCode=9 aigc=- hints=0 detailsLen=0 resp=[passed=pass resultCode=1 reviewId=mimo-mimo_pc_input_text-5d70cba22de74cdd8bc3d034b4c1a26e offlineReason= offlineDetails=[0 chars] hint=[0 items] subCode=9 aigc=null]]
11:48:19 [info] [content-review] app=mimo_pc_input_image source=input_image why=oneshot batch=54935d350726d1f6 api=/api/audit/check len=0 images=1 sha=d23705809c51 session=ses_REDACTED file=[mimo-paste-1790394498332-frjl39.png] media=[n=1 out=42KB tx=179ms] elapsed=728ms verdict=pass reviewId=mimo-mimo_pc_input_image-54e491f0162b442598581a2c72af8375 detail=[serverVerdict=pass resultCode=1 subCode=9 aigc=- hints=0 detailsLen=0 resp=[passed=pass resultCode=1 reviewId=mimo-mimo_pc_input_image-54e491f0162b442598581a2c72af8375 offlineReason= offlineDetails=[0 chars] hint=[0 items] subCode=9 aigc=null]]
11:48:19 [info] [intervention] {"stage":"prepared","at":1790394499992,"requestId":"bae908d812029730","origin":"b5094fe8d78e452f","elapsedMs":888,"textChars":26,"result":"ready","reviewId":"mimo-intv-mimo_pc_input_text-149da95b08074b8faf69cbd6cc6b0616"}
11:48:20 [info] [intervention] {"stage":"claim","at":1790394500013,"requestId":"bae908d812029730","origin":"b5094fe8d78e452f","sessionId":"b5094fe8d78e452f","elapsedMs":909,"textChars":26,"reviewId":"mimo-intv-mimo_pc_input_text-149da95b08074b8faf69cbd6cc6b0616"}
11:48:20 [info] [smart-router] {"origin":"ses_REDACTED","model":"mimo-pro"}
11:48:20 [log] [sess-diag] engineFetch GET /session/ses_REDACTED/task -> HTTP 200 elapsed=75ms responseBytes=2346 engineUrl= http://127.0.0.1:51006 engineId= mimocode
11:48:20 [info] [harness] session origin=ses_REDACTED sid=ses_REDACTED source=user msgLen=26
11:48:20 [info] [turn-power-save] acquired sysId=0 mode=prevent-app-suspension first=run:ses_REDACTED
11:48:20 [info] [intervention] {"stage":"dispatch","at":1790394500621,"requestId":"bae908d812029730","origin":"b5094fe8d78e452f","runId":"c1529ec7ba69991f","sessionId":"b5094fe8d78e452f","elapsedMs":1517,"textChars":26,"reviewId":"mimo-intv-mimo_pc_input_text-149da95b08074b8faf69cbd6cc6b0616"}
11:48:20 [info] [intervention] {"stage":"user-bound","at":1790394500794,"requestId":"bae908d812029730","origin":"b5094fe8d78e452f","runId":"c1529ec7ba69991f","sessionId":"b5094fe8d78e452f","userId":"ca2f929c0afa7ab2","elapsedMs":1690,"textChars":26,"reviewId":"mimo-intv-mimo_pc_input_text-149da95b08074b8faf69cbd6cc6b0616"}
11:48:21 [info] [intervention] {"stage":"model.start","at":1790394501308,"requestId":"bae908d812029730","origin":"b5094fe8d78e452f","runId":"c1529ec7ba69991f","sessionId":"b5094fe8d78e452f","userId":"ca2f929c0afa7ab2","assistantId":"ae2280a20c26cfd7","ephemeral":false,"hasScope":true,"route":"upstream"}
11:48:21 [info] [intervention] {"stage":"fetch.start","at":1790394501338,"requestId":"bae908d812029730","origin":"b5094fe8d78e452f","runId":"c1529ec7ba69991f","sessionId":"b5094fe8d78e452f","userId":"ca2f929c0afa7ab2","assistantId":"ae2280a20c26cfd7","ephemeral":false,"hasScope":true,"protocol":"chat-completions","route":"upstream"}
11:48:30 [info] [intervention] {"stage":"fetch.response","at":1790394510654,"requestId":"bae908d812029730","origin":"b5094fe8d78e452f","runId":"c1529ec7ba69991f","sessionId":"b5094fe8d78e452f","userId":"ca2f929c0afa7ab2","assistantId":"ae2280a20c26cfd7","elapsedMs":9316,"status":200,"ephemeral":false,"hasScope":true,"protocol":"chat-completions","route":"upstream"}
11:48:31 [log] [sess-diag] engineFetch GET /experimental/session?roots=true&limit=2000 -> HTTP 200 elapsed=19ms responseBytes=38752 engineUrl= http://127.0.0.1:51006 engineId= (default)
11:48:31 [log] [sess-diag] loadEngineSessions: 原始条数 = 18
11:48:31 [log] [sess-diag] loadEngineSessions: reconcile 后 convos = 18 order = 18
11:48:31 [log] [sess-diag] loadEngineSessions: 耗时(ms) fetch = 24 repoRoots = 2 build+reconcile = 5 set = 2 total = 32
11:48:42 [info] [content-review/turn-binding] note-no-slot key=ses_REDACTED anchor=msg:msg_g001a0dbd407cd001iLZOQp9ld
11:48:42 [info] [intervention] {"stage":"output","at":1790394522459,"runId":"c1529ec7ba69991f","sessionId":"b5094fe8d78e452f","assistantId":"ae2280a20c26cfd7","textChars":10,"reviewSkipped":false}
11:48:44 [log] [perm-autopass] allow permission=external_directory
11:48:44 [log] [perm-autopass] allow permission=bash
11:48:45 [info] [intervention] {"stage":"model.start","at":1790394525211,"requestId":"bae908d812029730","origin":"b5094fe8d78e452f","runId":"c1529ec7ba69991f","sessionId":"b5094fe8d78e452f","userId":"ca2f929c0afa7ab2","assistantId":"b39b94bd29861fa7","ephemeral":false,"hasScope":true,"route":"upstream"}
11:48:45 [info] [intervention] {"stage":"fetch.start","at":1790394525238,"requestId":"bae908d812029730","origin":"b5094fe8d78e452f","runId":"c1529ec7ba69991f","sessionId":"b5094fe8d78e452f","userId":"ca2f929c0afa7ab2","assistantId":"b39b94bd29861fa7","ephemeral":false,"hasScope":true,"protocol":"chat-completions","route":"upstream"}
11:48:53 [info] [intervention] {"stage":"fetch.response","at":1790394533467,"requestId":"bae908d812029730","origin":"b5094fe8d78e452f","runId":"c1529ec7ba69991f","sessionId":"b5094fe8d78e452f","userId":"ca2f929c0afa7ab2","assistantId":"b39b94bd29861fa7","elapsedMs":8229,"status":200,"ephemeral":false,"hasScope":true,"protocol":"chat-completions","route":"upstream"}
11:49:00 [log] [perm-autopass] allow permission=external_directory
11:49:01 [info] [intervention] {"stage":"model.start","at":1790394541096,"requestId":"bae908d812029730","origin":"b5094fe8d78e452f","runId":"c1529ec7ba69991f","sessionId":"b5094fe8d78e452f","userId":"ca2f929c0afa7ab2","assistantId":"dde0fd5faab0ed90","ephemeral":false,"hasScope":true,"route":"upstream"}
11:49:01 [info] [intervention] {"stage":"fetch.start","at":1790394541129,"requestId":"bae908d812029730","origin":"b5094fe8d78e452f","runId":"c1529ec7ba69991f","sessionId":"b5094fe8d78e452f","userId":"ca2f929c0afa7ab2","assistantId":"dde0fd5faab0ed90","ephemeral":false,"hasScope":true,"protocol":"chat-completions","route":"upstream"}
11:49:01 [log] [sess-diag] engineFetch GET /experimental/session?roots=true&limit=2000 -> HTTP 200 elapsed=17ms responseBytes=38752 engineUrl= http://127.0.0.1:51006 engineId= (default)
11:49:01 [log] [sess-diag] loadEngineSessions: 原始条数 = 18
11:49:01 [log] [sess-diag] loadEngineSessions: reconcile 后 convos = 18 order = 18
11:49:01 [log] [sess-diag] loadEngineSessions: 耗时(ms) fetch = 22 repoRoots = 2 build+reconcile = 5 set = 2 total = 30
11:49:12 [info] [intervention] {"stage":"fetch.response","at":1790394552590,"requestId":"bae908d812029730","origin":"b5094fe8d78e452f","runId":"c1529ec7ba69991f","sessionId":"b5094fe8d78e452f","userId":"ca2f929c0afa7ab2","assistantId":"dde0fd5faab0ed90","elapsedMs":11461,"status":200,"ephemeral":false,"hasScope":true,"protocol":"chat-completions","route":"upstream"}
11:49:31 [log] [sess-diag] engineFetch GET /experimental/session?roots=true&limit=2000 -> HTTP 200 elapsed=18ms responseBytes=38752 engineUrl= http://127.0.0.1:51006 engineId= (default)
11:49:31 [log] [sess-diag] loadEngineSessions: 原始条数 = 18
11:49:31 [log] [sess-diag] loadEngineSessions: reconcile 后 convos = 18 order = 18
11:49:31 [log] [sess-diag] loadEngineSessions: 耗时(ms) fetch = 22 repoRoots = 2 build+reconcile = 5 set = 1 total = 31
11:50:01 [log] [sess-diag] engineFetch GET /experimental/session?roots=true&limit=2000 -> HTTP 200 elapsed=19ms responseBytes=38752 engineUrl= http://127.0.0.1:51006 engineId= (default)
11:50:01 [log] [sess-diag] loadEngineSessions: 原始条数 = 18
11:50:01 [log] [sess-diag] loadEngineSessions: reconcile 后 convos = 18 order = 18
11:50:01 [log] [sess-diag] loadEngineSessions: 耗时(ms) fetch = 23 repoRoots = 2 build+reconcile = 4 set = 1 total = 30
11:50:31 [log] [sess-diag] engineFetch GET /experimental/session?roots=true&limit=2000 -> HTTP 200 elapsed=18ms responseBytes=38752 engineUrl= http://127.0.0.1:51006 engineId= (default)
11:50:31 [log] [sess-diag] loadEngineSessions: 原始条数 = 18
11:50:31 [log] [sess-diag] loadEngineSessions: reconcile 后 convos = 18 order = 18
11:50:31 [log] [sess-diag] loadEngineSessions: 耗时(ms) fetch = 22 repoRoots = 2 build+reconcile = 4 set = 1 total = 29
11:51:01 [log] [sess-diag] engineFetch GET /experimental/session?roots=true&limit=2000 -> HTTP 200 elapsed=18ms responseBytes=38752 engineUrl= http://127.0.0.1:51006 engineId= (default)
11:51:01 [log] [sess-diag] loadEngineSessions: 原始条数 = 18
11:51:01 [log] [sess-diag] loadEngineSessions: reconcile 后 convos = 18 order = 18
11:51:01 [log] [sess-diag] loadEngineSessions: 耗时(ms) fetch = 22 repoRoots = 2 build+reconcile = 4 set = 1 total = 29
11:51:31 [log] [sess-diag] engineFetch GET /experimental/session?roots=true&limit=2000 -> HTTP 200 elapsed=19ms responseBytes=38752 engineUrl= http://127.0.0.1:51006 engineId= (default)
11:51:31 [log] [sess-diag] loadEngineSessions: 原始条数 = 18
11:51:31 [log] [sess-diag] loadEngineSessions: reconcile 后 convos = 18 order = 18
11:51:31 [log] [sess-diag] loadEngineSessions: 耗时(ms) fetch = 23 repoRoots = 68 build+reconcile = 2 set = 1 total = 94
11:52:01 [log] [sess-diag] engineFetch GET /experimental/session?roots=true&limit=2000 -> HTTP 200 elapsed=36ms responseBytes=38752 engineUrl= http://127.0.0.1:51006 engineId= (default)
11:52:01 [log] [sess-diag] loadEngineSessions: 原始条数 = 18
11:52:01 [log] [sess-diag] loadEngineSessions: reconcile 后 convos = 18 order = 18
11:52:01 [log] [sess-diag] loadEngineSessions: 耗时(ms) fetch = 119 repoRoots = 1 build+reconcile = 2 set = 1 total = 122
11:52:31 [log] [sess-diag] engineFetch GET /experimental/session?roots=true&limit=2000 -> HTTP 200 elapsed=19ms responseBytes=38752 engineUrl= http://127.0.0.1:51006 engineId= (default)
11:52:31 [log] [sess-diag] loadEngineSessions: 原始条数 = 18
11:52:31 [log] [sess-diag] loadEngineSessions: reconcile 后 convos = 18 order = 18
11:52:31 [log] [sess-diag] loadEngineSessions: 耗时(ms) fetch = 22 repoRoots = 2 build+reconcile = 4 set = 1 total = 29
11:53:01 [log] [sess-diag] engineFetch GET /experimental/session?roots=true&limit=2000 -> HTTP 200 elapsed=19ms responseBytes=38752 engineUrl= http://127.0.0.1:51006 engineId= (default)
11:53:01 [log] [sess-diag] loadEngineSessions: 原始条数 = 18
11:53:01 [log] [sess-diag] loadEngineSessions: reconcile 后 convos = 18 order = 18
11:53:01 [log] [sess-diag] loadEngineSessions: 耗时(ms) fetch = 22 repoRoots = 2 build+reconcile = 4 set = 1 total = 29
11:56:19 [log] [sess-diag] engineFetch GET /experimental/session?roots=true&limit=2000 -> HTTP 200 elapsed=79ms responseBytes=38752 engineUrl= http://127.0.0.1:51006 engineId= (default)
11:56:19 [log] [sess-diag] loadEngineSessions: 原始条数 = 18
11:56:19 [log] [sess-diag] loadEngineSessions: reconcile 后 convos = 18 order = 18
11:56:19 [log] [sess-diag] loadEngineSessions: 耗时(ms) fetch = 83 repoRoots = 11 build+reconcile = 10 set = 2 total = 105
11:56:21 [info] [intervention] {"stage":"model.start","at":1790394981685,"requestId":"bae908d812029730","origin":"b5094fe8d78e452f","runId":"c1529ec7ba69991f","sessionId":"b5094fe8d78e452f","userId":"ca2f929c0afa7ab2","assistantId":"d4a4a7d826b10ce5","ephemeral":false,"hasScope":true,"route":"upstream"}
11:56:21 [info] [intervention] {"stage":"fetch.start","at":1790394981713,"requestId":"bae908d812029730","origin":"b5094fe8d78e452f","runId":"c1529ec7ba69991f","sessionId":"b5094fe8d78e452f","userId":"ca2f929c0afa7ab2","assistantId":"d4a4a7d826b10ce5","ephemeral":false,"hasScope":true,"protocol":"chat-completions","route":"upstream"}
11:56:25 [info] [experiment] key=feature_gates id=101197 type=string value={\n    "domestic": { "show_mcp_entry": false, "show_custom_model_button": true, "loop_streak_recovery": true, "show_evolve_entry": true,"show_computeruse": false, "show_browseruse": false, "show_pay": … elapsed=1ms
11:56:25 [info] [feature-gates] refresh: ok (elapsed=32ms)
11:56:27 [info] [intervention] {"stage":"fetch.response","at":1790394987578,"requestId":"bae908d812029730","origin":"b5094fe8d78e452f","runId":"c1529ec7ba69991f","sessionId":"b5094fe8d78e452f","userId":"ca2f929c0afa7ab2","assistantId":"d4a4a7d826b10ce5","elapsedMs":5865,"status":200,"ephemeral":false,"hasScope":true,"protocol":"chat-completions","route":"upstream"}
11:56:28 [info] [intervention] {"stage":"output","at":1790394988705,"runId":"c1529ec7ba69991f","sessionId":"b5094fe8d78e452f","assistantId":"d4a4a7d826b10ce5","textChars":10,"reviewSkipped":false}
11:56:31 [info] [intervention] {"stage":"closed","at":1790394991344,"requestId":"bae908d812029730","origin":"b5094fe8d78e452f","runId":"c1529ec7ba69991f","sessionId":"b5094fe8d78e452f","userId":"ca2f929c0afa7ab2","elapsedMs":492240,"textChars":26,"reviewId":"mimo-intv-mimo_pc_input_text-149da95b08074b8faf69cbd6cc6b0616"}
11:56:31 [info] [turn-power-save] released sysId=0 last=run:ses_REDACTED
11:56:31 [log] [sess-diag] engineFetch GET /session/ses_REDACTED/task -> HTTP 200 elapsed=109ms responseBytes=2346 engineUrl= http://127.0.0.1:51006 engineId= mimocode
11:56:31 [log] [sess-diag] engineFetch GET /session/ses_REDACTED/recovery -> HTTP 200 elapsed=181ms responseBytes=2 engineUrl= http://127.0.0.1:51006 engineId= mimocode
11:56:31 [log] [sess-diag] engineFetch GET /session/ses_REDACTED -> HTTP 200 elapsed=192ms responseBytes=29556 engineUrl= http://127.0.0.1:51006 engineId= mimocode
11:56:31 [info] [content-review] app=mimo_pc_output_text source=conversation why=flush batch=9eba407704d64ee8 api=/api/audit/check len=81 images=0 sha=661087dd9029 session=ses_REDACTED elapsed=295ms verdict=pass reviewId=mimo-mimo_pc_output_text-b275a470c6554f9d8b6e0649a373fff2 detail=[serverVerdict=pass resultCode=1 subCode=9 aigc=- hints=0 detailsLen=0 resp=[passed=pass resultCode=1 reviewId=mimo-mimo_pc_output_text-b275a470c6554f9d8b6e0649a373fff2 offlineReason= offlineDetails=[0 chars] hint=[0 items] subCode=9 aigc=null]]
11:56:31 [log] [sess-diag] engineFetch GET /experimental/session?roots=true&limit=2000 -> HTTP 200 elapsed=11ms responseBytes=38752 engineUrl= http://127.0.0.1:51006 engineId= (default)
11:56:31 [log] [sess-diag] loadEngineSessions: 原始条数 = 18
11:56:31 [log] [sess-diag] loadEngineSessions: reconcile 后 convos = 18 order = 18
11:56:31 [log] [sess-diag] loadEngineSessions: 耗时(ms) fetch = 13 repoRoots = 1 build+reconcile = 3 set = 1 total = 18
11:56:31 [info] [content-review] app=mimo_pc_output_text source=conversation why=flush batch=210b347c0d4b8a3a api=/api/audit/check len=298 images=0 sha=6e6444d81349 session=ses_REDACTED elapsed=188ms verdict=pass reviewId=mimo-mimo_pc_output_text-748ddd7345f04ff0b50224843b6f5a39 detail=[serverVerdict=pass resultCode=1 subCode=9 aigc=- hints=0 detailsLen=0 resp=[passed=pass resultCode=1 reviewId=mimo-mimo_pc_output_text-748ddd7345f04ff0b50224843b6f5a39 offlineReason= offlineDetails=[0 chars] hint=[0 items] subCode=9 aigc=null]]
11:56:34 [info] [config] loading from: https://cdn-exp-sg-recommend.pt.xiaomi.com/service/getClientBitMapExpConf/mimoDesktop(%E6%96%B0%E5%8A%A0%E5%9D%A1)
11:56:34 [info] [config] loaded tree for mimoDesktop(新加坡): children=2, upRuleIds=0
11:56:34 [info] [config] remote config loaded: 1 apps
11:56:34 [info] [config] loaded successfully: 1 apps
11:57:01 [log] [sess-diag] engineFetch GET /experimental/session?roots=true&limit=2000 -> HTTP 200 elapsed=42ms responseBytes=38752 engineUrl= http://127.0.0.1:51006 engineId= (default)
11:57:01 [log] [sess-diag] loadEngineSessions: 原始条数 = 18
11:57:01 [log] [sess-diag] loadEngineSessions: reconcile 后 convos = 18 order = 18
11:57:01 [log] [sess-diag] loadEngineSessions: 耗时(ms) fetch = 47 repoRoots = 54 build+reconcile = 2 set = 1 total = 103
11:57:31 [log] [sess-diag] engineFetch GET /experimental/session?roots=true&limit=2000 -> HTTP 200 elapsed=51ms responseBytes=38752 engineUrl= http://127.0.0.1:51006 engineId= (default)
11:57:31 [log] [sess-diag] loadEngineSessions: 原始条数 = 18
11:57:31 [log] [sess-diag] loadEngineSessions: reconcile 后 convos = 18 order = 18
11:57:31 [log] [sess-diag] loadEngineSessions: 耗时(ms) fetch = 107 repoRoots = 2 build+reconcile = 2 set = 1 total = 112
11:58:01 [log] [sess-diag] engineFetch GET /experimental/session?roots=true&limit=2000 -> HTTP 200 elapsed=21ms responseBytes=38752 engineUrl= http://127.0.0.1:51006 engineId= (default)
11:58:01 [log] [sess-diag] loadEngineSessions: 原始条数 = 18
11:58:01 [log] [sess-diag] loadEngineSessions: reconcile 后 convos = 18 order = 18
11:58:01 [log] [sess-diag] loadEngineSessions: 耗时(ms) fetch = 25 repoRoots = 3 build+reconcile = 4 set = 1 total = 33
11:58:31 [log] [sess-diag] engineFetch GET /experimental/session?roots=true&limit=2000 -> HTTP 200 elapsed=29ms responseBytes=38752 engineUrl= http://127.0.0.1:51006 engineId= (default)
11:58:31 [log] [sess-diag] loadEngineSessions: 原始条数 = 18
11:58:31 [log] [sess-diag] loadEngineSessions: reconcile 后 convos = 18 order = 18
11:58:31 [log] [sess-diag] loadEngineSessions: 耗时(ms) fetch = 33 repoRoots = 2 build+reconcile = 5 set = 1 total = 41
11:59:01 [log] [sess-diag] engineFetch GET /experimental/session?roots=true&limit=2000 -> HTTP 200 elapsed=12ms responseBytes=38752 engineUrl= http://127.0.0.1:51006 engineId= (default)
11:59:01 [log] [sess-diag] loadEngineSessions: 原始条数 = 18
11:59:01 [log] [sess-diag] loadEngineSessions: reconcile 后 convos = 18 order = 18
11:59:01 [log] [sess-diag] loadEngineSessions: 耗时(ms) fetch = 15 repoRoots = 1 build+reconcile = 2 set = 1 total = 19
11:59:31 [log] [sess-diag] engineFetch GET /experimental/session?roots=true&limit=2000 -> HTTP 200 elapsed=63ms responseBytes=38752 engineUrl= http://127.0.0.1:51006 engineId= (default)
11:59:31 [log] [sess-diag] loadEngineSessions: 原始条数 = 18
11:59:31 [log] [sess-diag] loadEngineSessions: reconcile 后 convos = 18 order = 18
11:59:31 [log] [sess-diag] loadEngineSessions: 耗时(ms) fetch = 68 repoRoots = 7 build+reconcile = 6 set = 1 total = 82
12:00:01 [log] [sess-diag] engineFetch GET /experimental/session?roots=true&limit=2000 -> HTTP 200 elapsed=19ms responseBytes=38752 engineUrl= http://127.0.0.1:51006 engineId= (default)
12:00:01 [log] [sess-diag] loadEngineSessions: 原始条数 = 18
12:00:01 [log] [sess-diag] loadEngineSessions: reconcile 后 convos = 18 order = 18
12:00:01 [log] [sess-diag] loadEngineSessions: 耗时(ms) fetch = 23 repoRoots = 2 build+reconcile = 4 set = 1 total = 30
12:00:31 [log] [sess-diag] engineFetch GET /experimental/session?roots=true&limit=2000 -> HTTP 200 elapsed=59ms responseBytes=38752 engineUrl= http://127.0.0.1:51006 engineId= (default)
12:00:31 [log] [sess-diag] loadEngineSessions: 原始条数 = 18
12:00:31 [log] [sess-diag] loadEngineSessions: reconcile 后 convos = 18 order = 18
12:00:31 [log] [sess-diag] loadEngineSessions: 耗时(ms) fetch = 65 repoRoots = 3 build+reconcile = 7 set = 2 total = 77
12:01:01 [log] [sess-diag] engineFetch GET /experimental/session?roots=true&limit=2000 -> HTTP 200 elapsed=10ms responseBytes=38752 engineUrl= http://127.0.0.1:51006 engineId= (default)
12:01:01 [log] [sess-diag] loadEngineSessions: 原始条数 = 18
12:01:01 [log] [sess-diag] loadEngineSessions: reconcile 后 convos = 18 order = 18
12:01:01 [log] [sess-diag] loadEngineSessions: 耗时(ms) fetch = 12 repoRoots = 1 build+reconcile = 2 set = 1 total = 15
12:01:11 [info] [exit-app] quit via tray menu
12:01:11 [info] [exit-app] before-quit
12:01:11 [info] [window] window closed
12:01:11 [info] [exit-app] window-all-closed platform=win32 appQuitting=true willQuit=false
12:01:20 [info] [boot] MiMo Desktop version=26.923.232338 platform=win32 arch=x64 os=Windows_NT/10.0.26200 sysver=10.0.26200 mem=7.7GB(free 2.3GB) edition=domestic packaged=true theme=system e2e=false authBypass=false logs=C:\Users\xiaomi\AppData\Roaming\Xiaomi MiMo\logs
12:01:20 [info] [terminal-env] snapshot source: win-registry
12:01:20 [info] [runtimes] injected env: MIMO_NODE,MIMO_NPM,MIMO_PYTHON,MIMO_QPDF,MIMO_GITHUB_MCP_SERVER,MIMO_NODE_MODULES,MIMO_RIPGREP_PATH,MIMO_ELECTRON_NODE_HOST,PYTHONDONTWRITEBYTECODE
12:01:20 [log] [api-base] cached-region reader injected after settle -> ignored
12:01:20 [log] [api-base] system-country reader injected after settle -> ignored
12:01:20 [info] [user-auth] init ok requiresCnAccount=true cachedRegion=CN localeCountry=CN
12:01:20 [info] [libreoffice-runtime] setup ready key=win32-x64 version=25.8.7 archive=160665171 bytes
12:01:20 [info] [on-demand-assets] setup ready descriptors=soundfont(1f),query-classifier(4f) not-configured=none
12:01:20 [info] [engine] reloadConfigOnNextSession (plugin change)
12:01:20 [error] [plugins] registry corrupt/unreadable at startup seed; closing automation HostMcp gate
12:01:20 [info] [engine] reloadConfigOnNextSession (plugin change)
12:01:20 [info] [plugins] setup ok count=0
12:01:20 [info] [apm] region=CN source=cache
12:01:20 [log] [evolve-observatory] evolve observatory server listening on 127.0.0.1:55644
12:01:20 [log] [mimo][api] listening on 127.0.0.1:55645
12:01:20 [info] [boot] app ready in 2164.8798828125ms
12:01:20 [error] [plugins] registry corrupt/unreadable at readiness settle; keeping automation HostMcp gate closed
12:01:20 [info] [engine] reloadConfigOnNextSession (plugin change)
12:01:20 [info] [presentation-host] started socket=C:\Users\xiaomi\AppData\Roaming\Xiaomi MiMo\presentation-host\e58bba158022.sock
12:01:21 [info] [application] activated (main window created)
12:01:21 [info] [tray] enabled=true
12:01:21 [info] [updater] setup begin
12:01:21 [info] [updater] setup platform=win32 packaged=true version=26.923.232338 e2e=false
12:01:21 [info] [updater/win] transaction reconcile kind=none
12:01:21 [info] [updater/win] auto-updater path feed=https://mimocode-cdn.xiaomimimo.com/mimocode/mimodesktop/manifest.json
12:01:21 [info] [engine] prewarm startEngine
12:01:21 [info] [plugins] automation background startup settled {"elapsedMs":1240}
12:01:25 [info] [db] prewarm ok in 4086ms
12:01:25 [info] [artifacts] reconciliation starting
12:01:25 [log] [xiaomi-auth] probeStatus start (hidden-window path)
12:01:26 [info] [engine] HostMcp runtime available=true
12:01:26 [info] [engine] reloadConfigOnNextSession (plugin change)
12:01:29 [log] [DeviceId] generated:
12:01:35 [warn] [query-classification] warmup-unavailable {"code":"worker-timeout"}
12:01:35 [info] Checking for update
12:01:35 [info] [libreoffice-runtime] prefetch start key=win32-x64 version=25.8.7
12:01:36 [info] [on-demand-assets] prefetch start queue=[soundfont,query-classifier]
12:01:36 [info] [on-demand-assets] soundfont cache-hit (1 files);skip download
12:01:36 [info] [on-demand-assets] query-classifier cache-hit (4 files);skip download
12:01:36 [info] [libreoffice-runtime] cache-hit exact (version=25.8.7);skip download
12:01:36 [log] [mimo] engine in-process server ready http://127.0.0.1:55285
12:01:36 [info] [engine] prewarm ok
12:01:36 [info] [mimo] loop_streak_recovery=on · experimental crop enabled for next requests
12:01:36 [log] [model-catalog] xiaomi login not confirmed -> skip fetch, keep cache
12:01:37 [log] [xiaomi-auth] probeStatus done kind=indeterminate
12:01:37 [info] [user-auth] initialize done xiaomi-logged-in=false
12:01:38 [info] Update for version 26.923.232338 is not available (latest version: 26.923.232338, downgrade is disallowed).
12:01:39 [error] (node:12376) [DEP0180] DeprecationWarning: fs.Stats constructor is deprecated.\n(Use `Xiaomi MiMo --trace-deprecation ...` to show where the warning was created)
12:01:40 [log] [sess-diag] engineFetch GET /experimental/session?roots=true&limit=2000 -> HTTP 200 elapsed=4333ms responseBytes=38752 engineUrl= http://127.0.0.1:55285 engineId= (default)
12:01:40 [log] [sess-diag] loadEngineSessions: 原始条数 = 18
12:01:40 [log] [sess-diag] loadEngineSessions: reconcile 后 convos = 18 order = 18
12:01:40 [log] [sess-diag] loadEngineSessions: 耗时(ms) fetch = 4491 repoRoots = 21 build+reconcile = 30 set = 5 total = 4547
12:01:42 [log] [xiaomi-auth] probeStatus start (hidden-window path)
12:01:42 [info] [artifacts] reconciliation started
12:01:43 [log] [xiaomi-auth] probeStatus done kind=authenticated userId=REDACTED
12:01:45 [info] [experiment] initializing app=mimoDesktop(新加坡) env=ksmoscloudsrv service=<sdk-default>
12:01:45 [info] [config] loading from: https://cdn-exp-sg-recommend.pt.xiaomi.com/service/getClientBitMapExpConf/mimoDesktop(%E6%96%B0%E5%8A%A0%E5%9D%A1)
12:01:48 [info] [config] loaded tree for mimoDesktop(新加坡): children=2, upRuleIds=0
12:01:48 [info] [config] remote config loaded: 1 apps
12:01:48 [info] [config] loaded successfully: 1 apps
12:01:48 [info] [experiment] key=feature_gates id=101197 type=string value={\n    "domestic": { "show_mcp_entry": false, "show_custom_model_button": true, "loop_streak_recovery": true, "show_evolve_entry": true,"show_computeruse": false, "show_browseruse": false, "show_pay": … elapsed=2972ms
12:01:48 [info] [feature-gates] refresh: ok (elapsed=2985ms)
12:01:50 [info] [exit-app] quit via tray menu
12:01:50 [info] [exit-app] before-quit
12:01:50 [info] [window] window closed
12:01:50 [info] [exit-app] window-all-closed platform=win32 appQuitting=true willQuit=false
12:04:08 [info] [boot] MiMo Desktop version=26.923.232338 platform=win32 arch=x64 os=Windows_NT/10.0.26200 sysver=10.0.26200 mem=7.7GB(free 2.4GB) edition=domestic packaged=true theme=system e2e=false authBypass=false logs=C:\Users\xiaomi\AppData\Roaming\Xiaomi MiMo\logs
12:04:09 [info] [terminal-env] snapshot source: win-registry
12:04:09 [info] [runtimes] injected env: MIMO_NODE,MIMO_NPM,MIMO_PYTHON,MIMO_QPDF,MIMO_GITHUB_MCP_SERVER,MIMO_NODE_MODULES,MIMO_RIPGREP_PATH,MIMO_ELECTRON_NODE_HOST,PYTHONDONTWRITEBYTECODE
12:04:09 [log] [api-base] cached-region reader injected after settle -> ignored
12:04:09 [log] [api-base] system-country reader injected after settle -> ignored
12:04:09 [info] [user-auth] init ok requiresCnAccount=true cachedRegion=CN localeCountry=CN
12:04:09 [info] [libreoffice-runtime] setup ready key=win32-x64 version=25.8.7 archive=160665171 bytes
12:04:09 [info] [on-demand-assets] setup ready descriptors=soundfont(1f),query-classifier(4f) not-configured=none
12:04:09 [info] [engine] reloadConfigOnNextSession (plugin change)
12:04:09 [error] [plugins] registry corrupt/unreadable at startup seed; closing automation HostMcp gate
12:04:09 [info] [engine] reloadConfigOnNextSession (plugin change)
12:04:09 [info] [plugins] setup ok count=0
12:04:09 [info] [apm] region=CN source=cache
12:04:09 [log] [evolve-observatory] evolve observatory server listening on 127.0.0.1:55240
12:04:09 [log] [mimo][api] listening on 127.0.0.1:55241
12:04:09 [info] [boot] app ready in 2131.91796875ms
12:04:09 [error] [plugins] registry corrupt/unreadable at readiness settle; keeping automation HostMcp gate closed
12:04:09 [info] [engine] reloadConfigOnNextSession (plugin change)
12:04:09 [info] [presentation-host] started socket=C:\Users\xiaomi\AppData\Roaming\Xiaomi MiMo\presentation-host\cd84e23a0e57.sock
12:04:09 [info] [application] activated (main window created)
12:04:09 [info] [tray] enabled=true
12:04:09 [info] [updater] setup begin
12:04:09 [info] [updater] setup platform=win32 packaged=true version=26.923.232338 e2e=false
12:04:09 [info] [updater/win] transaction reconcile kind=none
12:04:09 [info] [updater/win] auto-updater path feed=https://mimocode-cdn.xiaomimimo.com/mimocode/mimodesktop/manifest.json
12:04:09 [info] [engine] prewarm startEngine
12:04:10 [info] [plugins] automation background startup settled {"elapsedMs":1208}
12:04:13 [info] [db] prewarm ok in 4033ms
12:04:13 [info] [artifacts] reconciliation starting
12:04:14 [log] [xiaomi-auth] probeStatus start (hidden-window path)
12:04:15 [info] [engine] HostMcp runtime available=true
12:04:15 [info] [engine] reloadConfigOnNextSession (plugin change)
12:04:18 [log] [DeviceId] generated:
12:04:23 [warn] [query-classification] warmup-unavailable {"code":"worker-timeout"}
12:04:24 [info] [libreoffice-runtime] prefetch start key=win32-x64 version=25.8.7
12:04:24 [info] [on-demand-assets] prefetch start queue=[soundfont,query-classifier]
12:04:24 [info] [on-demand-assets] soundfont cache-hit (1 files);skip download
12:04:24 [info] [on-demand-assets] query-classifier cache-hit (4 files);skip download
12:04:24 [info] [libreoffice-runtime] cache-hit exact (version=25.8.7);skip download
12:04:24 [info] Checking for update
12:04:24 [log] [mimo] engine in-process server ready http://127.0.0.1:52648
12:04:24 [info] [engine] prewarm ok
12:04:24 [info] [mimo] loop_streak_recovery=on · experimental crop enabled for next requests
12:04:24 [log] [model-catalog] xiaomi login not confirmed -> skip fetch, keep cache
12:04:25 [info] [artifacts] reconciliation started
12:04:26 [log] [xiaomi-auth] probeStatus done kind=indeterminate
12:04:26 [info] [user-auth] initialize done xiaomi-logged-in=false
12:04:27 [info] Update for version 26.923.232338 is not available (latest version: 26.923.232338, downgrade is disallowed).
12:04:27 [error] (node:8748) [DEP0180] DeprecationWarning: fs.Stats constructor is deprecated.\n(Use `Xiaomi MiMo --trace-deprecation ...` to show where the warning was created)
12:04:28 [log] [sess-diag] engineFetch GET /experimental/session?roots=true&limit=2000 -> HTTP 200 elapsed=4104ms responseBytes=38752 engineUrl= http://127.0.0.1:52648 engineId= (default)
12:04:28 [log] [sess-diag] loadEngineSessions: 原始条数 = 18
12:04:28 [log] [sess-diag] loadEngineSessions: reconcile 后 convos = 18 order = 18
12:04:28 [log] [sess-diag] loadEngineSessions: 耗时(ms) fetch = 4226 repoRoots = 68 build+reconcile = 39 set = 6 total = 4339
12:04:31 [log] [xiaomi-auth] probeStatus start (hidden-window path)
12:04:31 [log] [xiaomi-auth] probeStatus done kind=authenticated userId=REDACTED
12:04:34 [info] [experiment] initializing app=mimoDesktop(新加坡) env=ksmoscloudsrv service=<sdk-default>
12:04:34 [info] [config] loading from: https://cdn-exp-sg-recommend.pt.xiaomi.com/service/getClientBitMapExpConf/mimoDesktop(%E6%96%B0%E5%8A%A0%E5%9D%A1)
12:04:37 [info] [config] loaded tree for mimoDesktop(新加坡): children=2, upRuleIds=0
12:04:37 [info] [config] remote config loaded: 1 apps
12:04:37 [info] [config] loaded successfully: 1 apps
12:04:37 [info] [experiment] key=feature_gates id=101197 type=string value={\n    "domestic": { "show_mcp_entry": false, "show_custom_model_button": true, "loop_streak_recovery": true, "show_evolve_entry": true,"show_computeruse": false, "show_browseruse": false, "show_pay": … elapsed=2976ms
12:04:37 [info] [feature-gates] refresh: ok (elapsed=3006ms)
12:04:37 [log] [sess-diag] engineFetch GET /experimental/session?roots=true&limit=2000 -> HTTP 200 elapsed=3037ms responseBytes=38752 engineUrl= http://127.0.0.1:52648 engineId= (default)
12:04:37 [log] [sess-diag] loadEngineSessions: 原始条数 = 18
12:04:37 [log] [sess-diag] loadEngineSessions: reconcile 后 convos = 18 order = 18
12:04:37 [log] [sess-diag] loadEngineSessions: 耗时(ms) fetch = 3073 repoRoots = 13 build+reconcile = 15 set = 3 total = 3105
12:04:38 [info] [exit-app] quit via tray menu
12:04:38 [info] [exit-app] before-quit
12:04:38 [info] [window] window closed
12:04:38 [info] [exit-app] window-all-closed platform=win32 appQuitting=true willQuit=false
