10:52:19 [info] [boot] MiMo Desktop version=26.923.232338 platform=win32 arch=x64 os=Windows_NT/10.0.26200 sysver=10.0.26200 mem=7.7GB(free 2.4GB) edition=domestic packaged=true theme=system e2e=false authBypass=false logs=C:\Users\xiaomi\AppData\Roaming\Xiaomi MiMo\logs
10:52:19 [info] [terminal-env] snapshot source: win-registry
10:52:19 [info] [runtimes] injected env: MIMO_NODE,MIMO_NPM,MIMO_PYTHON,MIMO_QPDF,MIMO_GITHUB_MCP_SERVER,MIMO_NODE_MODULES,MIMO_RIPGREP_PATH,MIMO_ELECTRON_NODE_HOST,PYTHONDONTWRITEBYTECODE
10:52:19 [log] [api-base] cached-region reader injected after settle -> ignored
10:52:19 [log] [api-base] system-country reader injected after settle -> ignored
10:52:19 [info] [user-auth] init ok requiresCnAccount=true cachedRegion=CN localeCountry=CN
10:52:19 [info] [libreoffice-runtime] setup ready key=win32-x64 version=25.8.7 archive=160665171 bytes
10:52:19 [info] [on-demand-assets] setup ready descriptors=soundfont(1f),query-classifier(4f) not-configured=none
10:52:20 [info] [engine] reloadConfigOnNextSession (plugin change)
10:52:20 [error] [plugins] registry corrupt/unreadable at startup seed; closing automation HostMcp gate
10:52:20 [info] [engine] reloadConfigOnNextSession (plugin change)
10:52:21 [info] [plugins] setup ok count=0
10:52:21 [info] [apm] region=CN source=cache
10:52:21 [log] [evolve-observatory] evolve observatory server listening on 127.0.0.1:51770
10:52:21 [log] [mimo][api] listening on 127.0.0.1:51771
10:52:21 [info] [boot] app ready in 7727.427001953125ms
10:52:21 [error] [plugins] registry corrupt/unreadable at readiness settle; keeping automation HostMcp gate closed
10:52:21 [info] [engine] reloadConfigOnNextSession (plugin change)
10:52:21 [info] [presentation-host] started socket=C:\Users\xiaomi\AppData\Roaming\Xiaomi MiMo\presentation-host\aeb412774870.sock
10:52:22 [info] [application] activated (main window created)
10:52:22 [info] [tray] enabled=true
10:52:22 [info] [updater] setup begin
10:52:22 [info] [updater] setup platform=win32 packaged=true version=26.923.232338 e2e=false
10:52:22 [info] [updater/win] transaction reconcile kind=none
10:52:22 [info] [updater/win] auto-updater path feed=https://mimocode-cdn.xiaomimimo.com/mimocode/mimodesktop/manifest.json
10:52:22 [info] [engine] prewarm startEngine
10:52:23 [info] [plugins] automation background startup settled {"elapsedMs":2624}
10:52:37 [info] [db] prewarm ok in 15032ms
10:52:37 [info] [artifacts] reconciliation starting
10:52:37 [warn] [query-classification] warmup-unavailable {"code":"worker-timeout"}
10:52:38 [info] [engine] HostMcp runtime available=true
10:52:38 [info] [engine] reloadConfigOnNextSession (plugin change)
10:53:15 [info] [boot] MiMo Desktop version=26.923.232338 platform=win32 arch=x64 os=Windows_NT/10.0.26200 sysver=10.0.26200 mem=7.7GB(free 2.2GB) edition=domestic packaged=true theme=system e2e=false authBypass=false logs=C:\Users\xiaomi\AppData\Roaming\Xiaomi MiMo\logs
10:53:15 [info] [terminal-env] snapshot source: win-registry
10:53:15 [info] [runtimes] injected env: MIMO_NODE,MIMO_NPM,MIMO_PYTHON,MIMO_QPDF,MIMO_GITHUB_MCP_SERVER,MIMO_NODE_MODULES,MIMO_RIPGREP_PATH,MIMO_ELECTRON_NODE_HOST,PYTHONDONTWRITEBYTECODE
10:53:15 [log] [api-base] cached-region reader injected after settle -> ignored
10:53:15 [log] [api-base] system-country reader injected after settle -> ignored
10:53:15 [info] [user-auth] init ok requiresCnAccount=true cachedRegion=CN localeCountry=CN
10:53:15 [info] [libreoffice-runtime] setup ready key=win32-x64 version=25.8.7 archive=160665171 bytes
10:53:15 [info] [on-demand-assets] setup ready descriptors=soundfont(1f),query-classifier(4f) not-configured=none
10:53:15 [info] [engine] reloadConfigOnNextSession (plugin change)
10:53:15 [error] [plugins] registry corrupt/unreadable at startup seed; closing automation HostMcp gate
10:53:15 [info] [engine] reloadConfigOnNextSession (plugin change)
10:53:15 [info] [plugins] setup ok count=0
10:53:15 [info] [apm] region=CN source=cache
10:53:15 [log] [evolve-observatory] evolve observatory server listening on 127.0.0.1:52133
10:53:15 [log] [mimo][api] listening on 127.0.0.1:52134
10:53:15 [info] [boot] app ready in 2113.535888671875ms
10:53:15 [error] [plugins] registry corrupt/unreadable at readiness settle; keeping automation HostMcp gate closed
10:53:15 [info] [engine] reloadConfigOnNextSession (plugin change)
10:53:15 [info] [presentation-host] started socket=C:\Users\xiaomi\AppData\Roaming\Xiaomi MiMo\presentation-host\845808cd8880.sock
10:53:15 [info] [application] activated (main window created)
10:53:16 [info] [tray] enabled=true
10:53:16 [info] [updater] setup begin
10:53:16 [info] [updater] setup platform=win32 packaged=true version=26.923.232338 e2e=false
10:53:16 [info] [updater/win] transaction reconcile kind=none
10:53:16 [info] [updater/win] auto-updater path feed=https://mimocode-cdn.xiaomimimo.com/mimocode/mimodesktop/manifest.json
10:53:16 [info] [engine] prewarm startEngine
10:53:16 [info] [plugins] automation background startup settled {"elapsedMs":1138}
10:53:19 [info] [db] prewarm ok in 4123ms
10:53:19 [info] [artifacts] reconciliation starting
10:53:20 [log] [xiaomi-auth] probeStatus start (hidden-window path)
10:53:21 [info] [engine] HostMcp runtime available=true
10:53:21 [info] [engine] reloadConfigOnNextSession (plugin change)
10:53:27 [log] [DeviceId] generated:
10:53:27 [info] [query-classification] ready
10:53:33 [log] [xiaomi-auth] probeStatus done kind=indeterminate
10:53:33 [info] [user-auth] initialize done xiaomi-logged-in=false
10:53:33 [error] [xiaomi-auth] hidden session preparation failed Error: ERR_FAILED (-2) loading 'https://mimo-server-cn.xiaomimimo.com/api/user/xiaomi/me'\n    at rejectAndCleanup (node:electron/js2c/browser_init:2:89772)\n    at finishListener (node:electron/js2c/browser_init:2:89934)\n    at WebContents.stopLoadingListener (node:electron/js2c/browser_init:2:90321)\n    at WebContents.emit (node:events:521:24)
10:53:33 [log] [mimo] engine in-process server ready http://127.0.0.1:61867
10:53:33 [info] [engine] prewarm ok
10:53:33 [info] [mimo] loop_streak_recovery=on · experimental crop enabled for next requests
10:53:33 [info] [libreoffice-runtime] prefetch start key=win32-x64 version=25.8.7
10:53:34 [info] [on-demand-assets] prefetch start queue=[soundfont,query-classifier]
10:53:34 [info] [on-demand-assets] soundfont cache-hit (1 files);skip download
10:53:34 [info] [on-demand-assets] query-classifier cache-hit (4 files);skip download
10:53:34 [info] [libreoffice-runtime] cache-hit exact (version=25.8.7);skip download
10:53:34 [info] [artifacts] reconciliation started
10:53:34 [log] [xiaomi-auth] probeStatus start (hidden-window path)
10:53:34 [log] [model-catalog] xiaomi login not confirmed -> skip fetch, keep cache
10:53:37 [info] Checking for update
10:53:37 [error] (node:8728) [DEP0180] DeprecationWarning: fs.Stats constructor is deprecated.\n(Use `Xiaomi MiMo --trace-deprecation ...` to show where the warning was created)
10:53:38 [log] [sess-diag] engineFetch GET /experimental/session?roots=true&limit=2000 -> HTTP 200 elapsed=4235ms responseBytes=2 engineUrl= http://127.0.0.1:61867 engineId= (default)
10:53:38 [log] [sess-diag] loadEngineSessions: 原始条数 = 0
10:53:38 [log] [sess-diag] loadEngineSessions: 空/非数组 → 保留现状
10:53:40 [info] [user-auth] renew xiaomi login (401 driven)
10:53:40 [log] [xiaomi-auth] probeStatus done kind=authenticated userId=602054437
10:53:43 [info] [experiment] initializing app=mimoDesktop(新加坡) env=ksmoscloudsrv service=<sdk-default>
10:53:43 [info] [config] loading from: https://cdn-exp-sg-recommend.pt.xiaomi.com/service/getClientBitMapExpConf/mimoDesktop(%E6%96%B0%E5%8A%A0%E5%9D%A1)
10:53:43 [info] Update for version 26.923.232338 is not available (latest version: 26.923.232338, downgrade is disallowed).
10:53:50 [warn] [experiment] init still pending after 5000ms, no value this time
10:53:50 [info] [feature-gates] refresh: miss (elapsed=7477ms)
10:53:50 [info] [config] loaded tree for mimoDesktop(新加坡): children=2, upRuleIds=0
10:53:50 [info] [config] remote config loaded: 1 apps
10:53:50 [info] [config] loaded successfully: 1 apps
10:54:03 [log] [sess-diag] engineFetch GET /experimental/session?roots=true&limit=2000 -> HTTP 200 elapsed=63ms responseBytes=2 engineUrl= http://127.0.0.1:61867 engineId= (default)
10:54:03 [log] [sess-diag] loadEngineSessions: 原始条数 = 0
10:54:03 [log] [sess-diag] loadEngineSessions: 空/非数组 → 保留现状
10:54:33 [log] [sess-diag] engineFetch GET /experimental/session?roots=true&limit=2000 -> HTTP 200 elapsed=61ms responseBytes=2 engineUrl= http://127.0.0.1:61867 engineId= (default)
10:54:33 [log] [sess-diag] loadEngineSessions: 原始条数 = 0
10:54:33 [log] [sess-diag] loadEngineSessions: 空/非数组 → 保留现状
10:54:46 [info] [intervention] {"stage":"query","at":1790304886009,"requestId":"ad315f91242b36da","origin":"e72355e878ef706d","elapsedMs":647,"textChars":34,"queryChars":34,"truncated":false,"result":"miss","reviewId":"mimo-intv-mimo_pc_input_text-04a882e06689406aad40bb507af6eccd"}
10:54:47 [warn] [content-review] app=mimo_pc_input_text source=input why=oneshot batch=df4dcff83064c3d9 api=/api/audit/check len=34 images=0 sha=b97c6167a618 session=c1790304885354-1 elapsed=1022ms verdict=unavailable reviewId=- reason=[review timeout (1000ms)]
10:54:47 [info] [intervention] {"stage":"prepared","at":1790304887040,"requestId":"ad315f91242b36da","origin":"e72355e878ef706d","elapsedMs":1678,"textChars":34,"result":"ready","reviewId":"mimo-intv-mimo_pc_input_text-04a882e06689406aad40bb507af6eccd"}
10:54:47 [info] [query-classification] result {"origin":"c1790304885354-1","scene":"other","sceneConfidence":0.6697,"difficulty":"medium","difficultyConfidence":0.7201,"modelRunId":"20260824-small-pruned20-recover-01","durationMs":101}
10:54:47 [info] [intervention] {"stage":"claim","at":1790304887467,"requestId":"ad315f91242b36da","origin":"e72355e878ef706d","elapsedMs":2105,"textChars":34,"reviewId":"mimo-intv-mimo_pc_input_text-04a882e06689406aad40bb507af6eccd"}
10:54:47 [info] [smart-router] {"origin":"c1790304885354-1","model":"mimo-pro"}
10:54:48 [info] [harness] session created sid=ses_ffe5f298357dfffeN82Wln2VmT
10:54:48 [info] [harness] session origin=c1790304885354-1 sid=ses_ffe5f298357dfffeN82Wln2VmT source=user msgLen=34
10:54:48 [info] [turn-power-save] acquired sysId=0 mode=prevent-app-suspension first=run:c1790304885354-1
10:54:49 [info] [intervention] {"stage":"dispatch","at":1790304889058,"requestId":"ad315f91242b36da","origin":"e72355e878ef706d","runId":"df45b69ca59604bd","sessionId":"b5094fe8d78e452f","elapsedMs":3696,"textChars":34,"reviewId":"mimo-intv-mimo_pc_input_text-04a882e06689406aad40bb507af6eccd"}
10:54:49 [log] [sess-diag] engineFetch GET /session/ses_ffe5f298357dfffeN82Wln2VmT/task -> HTTP 200 elapsed=104ms responseBytes=2 engineUrl= http://127.0.0.1:61867 engineId= mimocode
10:54:49 [info] [intervention] {"stage":"user-bound","at":1790304889287,"requestId":"ad315f91242b36da","origin":"e72355e878ef706d","runId":"df45b69ca59604bd","sessionId":"b5094fe8d78e452f","userId":"50f9ffb83a63fa3c","elapsedMs":3925,"textChars":34,"reviewId":"mimo-intv-mimo_pc_input_text-04a882e06689406aad40bb507af6eccd"}
10:54:49 [info] [intervention] {"stage":"model.start","at":1790304889777,"sessionId":"b5094fe8d78e452f","userId":"eafc51f424abbe30","ephemeral":true,"hasScope":true,"route":"upstream"}
10:54:49 [info] [intervention] {"stage":"fetch.start","at":1790304889786,"sessionId":"b5094fe8d78e452f","userId":"eafc51f424abbe30","ephemeral":true,"hasScope":true,"protocol":"chat-completions","route":"upstream"}
10:54:50 [info] [intervention] {"stage":"model.start","at":1790304890365,"requestId":"ad315f91242b36da","origin":"e72355e878ef706d","runId":"df45b69ca59604bd","sessionId":"b5094fe8d78e452f","userId":"50f9ffb83a63fa3c","assistantId":"2752cb074dac7cd8","ephemeral":false,"hasScope":true,"route":"upstream"}
10:54:50 [info] [intervention] {"stage":"fetch.start","at":1790304890373,"requestId":"ad315f91242b36da","origin":"e72355e878ef706d","runId":"df45b69ca59604bd","sessionId":"b5094fe8d78e452f","userId":"50f9ffb83a63fa3c","assistantId":"2752cb074dac7cd8","ephemeral":false,"hasScope":true,"protocol":"chat-completions","route":"upstream"}
10:54:50 [warn] [content-review] app=mimo_pc_output_title source=output_title why=oneshot batch=f56f9af3106f06ab api=/api/audit/check len=8 images=0 sha=f59ab8d1331b session=- elapsed=1004ms verdict=unavailable reviewId=- reason=[review timeout (1000ms)]
10:54:50 [warn] [content-review] app=mimo_pc_output_title source=output_title why=oneshot batch=d17dfe312f0c448f api=/api/audit/check len=8 images=0 sha=f59ab8d1331b session=- elapsed=1011ms verdict=unavailable reviewId=- reason=[review timeout (1000ms)]
10:54:50 [warn] [content-review] app=mimo_pc_output_title source=output_title why=oneshot batch=1bc4a918a2495d15 api=/api/audit/check len=34 images=0 sha=b97c6167a618 session=- elapsed=1009ms verdict=unavailable reviewId=- reason=[review timeout (1000ms)]
10:54:51 [warn] [content-review] app=mimo_pc_output_title source=output_title why=oneshot batch=8e5b1195bde54292 api=/api/audit/check len=34 images=0 sha=b97c6167a618 session=- elapsed=1004ms verdict=unavailable reviewId=- reason=[review timeout (1000ms)]
10:54:57 [info] [intervention] {"stage":"fetch.response","at":1790304897161,"sessionId":"b5094fe8d78e452f","userId":"eafc51f424abbe30","elapsedMs":7375,"status":200,"ephemeral":true,"hasScope":true,"protocol":"chat-completions","route":"upstream"}
10:55:00 [warn] [content-review] app=mimo_pc_output_title source=output_title why=oneshot batch=7958d5545555abf1 api=/api/audit/check len=12 images=0 sha=22265266093f session=- elapsed=1009ms verdict=unavailable reviewId=- reason=[review timeout (1000ms)]
10:55:03 [log] [sess-diag] engineFetch GET /experimental/session?roots=true&limit=2000 -> HTTP 200 elapsed=61ms responseBytes=29599 engineUrl= http://127.0.0.1:61867 engineId= (default)
10:55:03 [log] [sess-diag] loadEngineSessions: 原始条数 = 1
10:55:03 [log] [sess-diag] loadEngineSessions: reconcile 后 convos = 1 order = 1
10:55:03 [log] [sess-diag] loadEngineSessions: 耗时(ms) fetch = 65 repoRoots = 128 build+reconcile = 5 set = 3 total = 201
10:55:33 [log] [sess-diag] engineFetch GET /experimental/session?roots=true&limit=2000 -> HTTP 200 elapsed=55ms responseBytes=29599 engineUrl= http://127.0.0.1:61867 engineId= (default)
10:55:33 [log] [sess-diag] loadEngineSessions: 原始条数 = 1
10:55:33 [log] [sess-diag] loadEngineSessions: reconcile 后 convos = 1 order = 1
10:55:33 [log] [sess-diag] loadEngineSessions: 耗时(ms) fetch = 66 repoRoots = 3 build+reconcile = 8 set = 2 total = 80
10:56:07 [info] [intervention] {"stage":"fetch.response","at":1790304967300,"requestId":"ad315f91242b36da","origin":"e72355e878ef706d","runId":"df45b69ca59604bd","sessionId":"b5094fe8d78e452f","userId":"50f9ffb83a63fa3c","assistantId":"2752cb074dac7cd8","elapsedMs":76927,"status":200,"ephemeral":false,"hasScope":true,"protocol":"chat-completions","route":"upstream"}
10:56:12 [log] [perm-autopass] allow permission=bash
10:56:19 [log] [sess-diag] engineFetch GET /experimental/session?roots=true&limit=2000 -> HTTP 200 elapsed=98ms responseBytes=29599 engineUrl= http://127.0.0.1:61867 engineId= (default)
10:56:19 [log] [sess-diag] loadEngineSessions: 原始条数 = 1
10:56:19 [log] [sess-diag] loadEngineSessions: reconcile 后 convos = 1 order = 1
10:56:19 [log] [sess-diag] loadEngineSessions: 耗时(ms) fetch = 107 repoRoots = 9 build+reconcile = 9 set = 3 total = 128
10:56:25 [log] [perm-autopass] allow permission=bash
10:56:33 [log] [sess-diag] engineFetch GET /experimental/session?roots=true&limit=2000 -> HTTP 200 elapsed=106ms responseBytes=29599 engineUrl= http://127.0.0.1:61867 engineId= (default)
10:56:33 [log] [sess-diag] loadEngineSessions: 原始条数 = 1
10:56:33 [log] [sess-diag] loadEngineSessions: reconcile 后 convos = 1 order = 1
10:56:33 [log] [sess-diag] loadEngineSessions: 耗时(ms) fetch = 113 repoRoots = 23 build+reconcile = 8 set = 4 total = 147
10:56:38 [log] [perm-autopass] allow permission=bash
10:56:46 [info] [intervention] {"stage":"model.start","at":1790305006380,"requestId":"ad315f91242b36da","origin":"e72355e878ef706d","runId":"df45b69ca59604bd","sessionId":"b5094fe8d78e452f","userId":"50f9ffb83a63fa3c","assistantId":"5530940854a576f5","ephemeral":false,"hasScope":true,"route":"upstream"}
10:56:46 [info] [intervention] {"stage":"fetch.start","at":1790305006391,"requestId":"ad315f91242b36da","origin":"e72355e878ef706d","runId":"df45b69ca59604bd","sessionId":"b5094fe8d78e452f","userId":"50f9ffb83a63fa3c","assistantId":"5530940854a576f5","ephemeral":false,"hasScope":true,"protocol":"chat-completions","route":"upstream"}
10:57:03 [log] [sess-diag] engineFetch GET /experimental/session?roots=true&limit=2000 -> HTTP 200 elapsed=58ms responseBytes=29599 engineUrl= http://127.0.0.1:61867 engineId= (default)
10:57:03 [log] [sess-diag] loadEngineSessions: 原始条数 = 1
10:57:03 [log] [sess-diag] loadEngineSessions: reconcile 后 convos = 1 order = 1
10:57:03 [log] [sess-diag] loadEngineSessions: 耗时(ms) fetch = 68 repoRoots = 7 build+reconcile = 7 set = 2 total = 84
10:57:13 [info] [intervention] {"stage":"fetch.response","at":1790305033725,"requestId":"ad315f91242b36da","origin":"e72355e878ef706d","runId":"df45b69ca59604bd","sessionId":"b5094fe8d78e452f","userId":"50f9ffb83a63fa3c","assistantId":"5530940854a576f5","elapsedMs":27334,"status":200,"ephemeral":false,"hasScope":true,"protocol":"chat-completions","route":"upstream"}
10:57:14 [log] [sess-diag] engineFetch GET /experimental/session?roots=true&limit=2000 -> HTTP 200 elapsed=84ms responseBytes=29599 engineUrl= http://127.0.0.1:61867 engineId= (default)
10:57:14 [log] [sess-diag] loadEngineSessions: 原始条数 = 1
10:57:14 [log] [sess-diag] loadEngineSessions: reconcile 后 convos = 1 order = 1
10:57:14 [log] [sess-diag] loadEngineSessions: 耗时(ms) fetch = 97 repoRoots = 4 build+reconcile = 2 set = 3 total = 105
10:57:30 [log] [perm-autopass] allow permission=bash
10:57:33 [log] [sess-diag] engineFetch GET /experimental/session?roots=true&limit=2000 -> HTTP 200 elapsed=38ms responseBytes=29599 engineUrl= http://127.0.0.1:61867 engineId= (default)
10:57:33 [log] [sess-diag] loadEngineSessions: 原始条数 = 1
10:57:33 [log] [sess-diag] loadEngineSessions: reconcile 后 convos = 1 order = 1
10:57:33 [log] [sess-diag] loadEngineSessions: 耗时(ms) fetch = 45 repoRoots = 8 build+reconcile = 3 set = 2 total = 57
10:57:37 [info] [intervention] {"stage":"model.start","at":1790305057762,"requestId":"ad315f91242b36da","origin":"e72355e878ef706d","runId":"df45b69ca59604bd","sessionId":"b5094fe8d78e452f","userId":"50f9ffb83a63fa3c","assistantId":"9085275f099a41fd","ephemeral":false,"hasScope":true,"route":"upstream"}
10:57:37 [info] [intervention] {"stage":"fetch.start","at":1790305057771,"requestId":"ad315f91242b36da","origin":"e72355e878ef706d","runId":"df45b69ca59604bd","sessionId":"b5094fe8d78e452f","userId":"50f9ffb83a63fa3c","assistantId":"9085275f099a41fd","ephemeral":false,"hasScope":true,"protocol":"chat-completions","route":"upstream"}
10:57:56 [info] [intervention] {"stage":"fetch.response","at":1790305076158,"requestId":"ad315f91242b36da","origin":"e72355e878ef706d","runId":"df45b69ca59604bd","sessionId":"b5094fe8d78e452f","userId":"50f9ffb83a63fa3c","assistantId":"9085275f099a41fd","elapsedMs":18387,"status":200,"ephemeral":false,"hasScope":true,"protocol":"chat-completions","route":"upstream"}
10:58:03 [log] [sess-diag] engineFetch GET /experimental/session?roots=true&limit=2000 -> HTTP 200 elapsed=34ms responseBytes=29599 engineUrl= http://127.0.0.1:61867 engineId= (default)
10:58:03 [log] [sess-diag] loadEngineSessions: 原始条数 = 1
10:58:03 [log] [sess-diag] loadEngineSessions: reconcile 后 convos = 1 order = 1
10:58:03 [log] [sess-diag] loadEngineSessions: 耗时(ms) fetch = 50 repoRoots = 11 build+reconcile = 7 set = 2 total = 70
10:58:21 [info] [content-review/turn-binding] note-no-slot key=ses_ffe5f298357dfffeN82Wln2VmT anchor=msg:msg_g001a0d67f3b55001i3bj7zyi2
10:58:21 [info] [content-review/turn-binding] note-no-slot key=c1790304885354-1 anchor=msg:msg_g001a0d67f3b55001i3bj7zyi2
10:58:21 [info] [intervention] {"stage":"output","at":1790305101024,"runId":"df45b69ca59604bd","sessionId":"b5094fe8d78e452f","assistantId":"9085275f099a41fd","textChars":1,"reviewSkipped":false}
10:58:22 [warn] [content-review] app=mimo_pc_output_text source=conversation why=limit batch=45050adf691c5357 api=/api/audit/check len=382 images=0 sha=72223b05e51b session=ses_ffe5f298357dfffeN82Wln2VmT elapsed=1007ms verdict=unavailable reviewId=- reason=[review timeout (1000ms)]
10:58:25 [info] [intervention] {"stage":"closed","at":1790305105628,"requestId":"ad315f91242b36da","origin":"e72355e878ef706d","runId":"df45b69ca59604bd","sessionId":"b5094fe8d78e452f","userId":"50f9ffb83a63fa3c","elapsedMs":220266,"textChars":34,"reviewId":"mimo-intv-mimo_pc_input_text-04a882e06689406aad40bb507af6eccd"}
10:58:25 [info] [turn-power-save] released sysId=0 last=run:c1790304885354-1
10:58:25 [log] [sess-diag] engineFetch GET /session/ses_ffe5f298357dfffeN82Wln2VmT/task -> HTTP 200 elapsed=145ms responseBytes=2 engineUrl= http://127.0.0.1:61867 engineId= mimocode
10:58:25 [log] [sess-diag] engineFetch GET /session/ses_ffe5f298357dfffeN82Wln2VmT -> HTTP 200 elapsed=203ms responseBytes=29556 engineUrl= http://127.0.0.1:61867 engineId= mimocode
10:58:26 [log] [sess-diag] engineFetch GET /session/ses_ffe5f298357dfffeN82Wln2VmT/recovery -> HTTP 200 elapsed=230ms responseBytes=2 engineUrl= http://127.0.0.1:61867 engineId= mimocode
10:58:26 [warn] [content-review] app=mimo_pc_output_text source=conversation why=flush batch=45050adf691c5357 api=/api/audit/check len=104 images=0 sha=358e620232dc session=ses_ffe5f298357dfffeN82Wln2VmT elapsed=1001ms verdict=unavailable reviewId=- reason=[review timeout (1000ms)]
10:58:26 [log] [sess-diag] [white-screen-up] {"id":"c1790304885354-1","upDelta":1383.3333282470703,"prevTop":1604,"top":220.6666717529297,"clientHeight":724,"prevScrollHeight":2413,"scrollHeight":944,"following":false,"lastPinSource":"floor","stack":"Error: white-screen-up-scroll\n    at Fn (app://-/renderer/assets/ThreadView-D9cl-a57.js:1:5217)\n    at HTMLDivElement.A (app://-/renderer/assets/ThreadView-D9cl-a57.js:1:24046)"}
10:58:33 [log] [sess-diag] engineFetch GET /experimental/session?roots=true&limit=2000 -> HTTP 200 elapsed=60ms responseBytes=29599 engineUrl= http://127.0.0.1:61867 engineId= (default)
10:58:33 [log] [sess-diag] loadEngineSessions: 原始条数 = 1
10:58:33 [log] [sess-diag] loadEngineSessions: reconcile 后 convos = 1 order = 1
10:58:33 [log] [sess-diag] loadEngineSessions: 耗时(ms) fetch = 70 repoRoots = 4 build+reconcile = 10 set = 17 total = 101
10:58:34 [log] [sess-diag] engineFetch GET /session/ses_ffe5f298357dfffeN82Wln2VmT/task -> HTTP 200 elapsed=54ms responseBytes=2 engineUrl= http://127.0.0.1:61867 engineId= (default)
10:58:34 [log] [sess-diag] engineFetch GET /session/ses_ffe5f298357dfffeN82Wln2VmT/recovery -> HTTP 200 elapsed=78ms responseBytes=2 engineUrl= http://127.0.0.1:61867 engineId= (default)
10:58:34 [log] [sess-diag] engineFetch GET /session/ses_ffe5f298357dfffeN82Wln2VmT/message -> HTTP 200 elapsed=90ms responseBytes=60479 engineUrl= http://127.0.0.1:61867 engineId= (default)
10:58:34 [log] [sess-diag] engineFetch GET /session/ses_ffe5f298357dfffeN82Wln2VmT/actors -> HTTP 200 elapsed=35ms responseBytes=404 engineUrl= http://127.0.0.1:61867 engineId= (default)
10:59:03 [log] [sess-diag] engineFetch GET /experimental/session?roots=true&limit=2000 -> HTTP 200 elapsed=85ms responseBytes=29599 engineUrl= http://127.0.0.1:61867 engineId= (default)
10:59:03 [log] [sess-diag] loadEngineSessions: 原始条数 = 1
10:59:03 [log] [sess-diag] loadEngineSessions: reconcile 后 convos = 1 order = 1
10:59:03 [log] [sess-diag] loadEngineSessions: 耗时(ms) fetch = 181 repoRoots = 6 build+reconcile = 3 set = 3 total = 193
10:59:15 [log] [sess-diag] engineFetch GET /experimental/session?roots=true&limit=2000 -> HTTP 200 elapsed=34ms responseBytes=29599 engineUrl= http://127.0.0.1:61867 engineId= (default)
10:59:15 [log] [sess-diag] loadEngineSessions: 原始条数 = 1
10:59:15 [log] [sess-diag] loadEngineSessions: reconcile 后 convos = 1 order = 1
10:59:15 [log] [sess-diag] loadEngineSessions: 耗时(ms) fetch = 74 repoRoots = 2 build+reconcile = 3 set = 2 total = 80
10:59:33 [log] [sess-diag] engineFetch GET /experimental/session?roots=true&limit=2000 -> HTTP 200 elapsed=28ms responseBytes=29599 engineUrl= http://127.0.0.1:61867 engineId= (default)
10:59:33 [log] [sess-diag] loadEngineSessions: 原始条数 = 1
10:59:33 [log] [sess-diag] loadEngineSessions: reconcile 后 convos = 1 order = 1
10:59:33 [log] [sess-diag] loadEngineSessions: 耗时(ms) fetch = 35 repoRoots = 6 build+reconcile = 3 set = 2 total = 46
11:00:03 [log] [sess-diag] engineFetch GET /experimental/session?roots=true&limit=2000 -> HTTP 200 elapsed=27ms responseBytes=29599 engineUrl= http://127.0.0.1:61867 engineId= (default)
11:00:03 [log] [sess-diag] loadEngineSessions: 原始条数 = 1
11:00:03 [log] [sess-diag] loadEngineSessions: reconcile 后 convos = 1 order = 1
11:00:03 [log] [sess-diag] loadEngineSessions: 耗时(ms) fetch = 34 repoRoots = 4 build+reconcile = 4 set = 2 total = 44
11:00:12 [log] [sess-diag] engineFetch GET /experimental/session?roots=true&limit=2000 -> HTTP 200 elapsed=65ms responseBytes=29599 engineUrl= http://127.0.0.1:61867 engineId= (default)
11:00:12 [log] [sess-diag] loadEngineSessions: 原始条数 = 1
11:00:12 [log] [sess-diag] loadEngineSessions: reconcile 后 convos = 1 order = 1
11:00:12 [log] [sess-diag] loadEngineSessions: 耗时(ms) fetch = 70 repoRoots = 18 build+reconcile = 6 set = 1 total = 96
11:00:35 [log] [sess-diag] engineFetch GET /experimental/session?roots=true&limit=2000 -> HTTP 200 elapsed=65ms responseBytes=29599 engineUrl= http://127.0.0.1:61867 engineId= (default)
11:00:35 [log] [sess-diag] loadEngineSessions: 原始条数 = 1
11:00:35 [log] [sess-diag] loadEngineSessions: reconcile 后 convos = 1 order = 1
11:00:35 [log] [sess-diag] loadEngineSessions: 耗时(ms) fetch = 70 repoRoots = 2 build+reconcile = 2 set = 1 total = 75
11:01:12 [log] [sess-diag] engineFetch GET /experimental/session?roots=true&limit=2000 -> HTTP 200 elapsed=84ms responseBytes=29599 engineUrl= http://127.0.0.1:61867 engineId= (default)
11:01:12 [log] [sess-diag] loadEngineSessions: 原始条数 = 1
11:01:12 [log] [sess-diag] loadEngineSessions: reconcile 后 convos = 1 order = 1
11:01:12 [log] [sess-diag] loadEngineSessions: 耗时(ms) fetch = 90 repoRoots = 2 build+reconcile = 4 set = 3 total = 99
11:01:33 [log] [sess-diag] engineFetch GET /experimental/session?roots=true&limit=2000 -> HTTP 200 elapsed=47ms responseBytes=29599 engineUrl= http://127.0.0.1:61867 engineId= (default)
11:01:33 [log] [sess-diag] loadEngineSessions: 原始条数 = 1
11:01:33 [log] [sess-diag] loadEngineSessions: reconcile 后 convos = 1 order = 1
11:01:33 [log] [sess-diag] loadEngineSessions: 耗时(ms) fetch = 54 repoRoots = 4 build+reconcile = 8 set = 3 total = 69
11:02:03 [log] [sess-diag] engineFetch GET /experimental/session?roots=true&limit=2000 -> HTTP 200 elapsed=45ms responseBytes=29599 engineUrl= http://127.0.0.1:61867 engineId= (default)
11:02:03 [log] [sess-diag] loadEngineSessions: 原始条数 = 1
11:02:03 [log] [sess-diag] loadEngineSessions: reconcile 后 convos = 1 order = 1
11:02:03 [log] [sess-diag] loadEngineSessions: 耗时(ms) fetch = 50 repoRoots = 2 build+reconcile = 5 set = 2 total = 59
11:02:29 [log] [sess-diag] engineFetch GET /experimental/session?roots=true&limit=2000 -> HTTP 200 elapsed=70ms responseBytes=29599 engineUrl= http://127.0.0.1:61867 engineId= (default)
11:02:29 [log] [sess-diag] loadEngineSessions: 原始条数 = 1
11:02:29 [log] [sess-diag] loadEngineSessions: reconcile 后 convos = 1 order = 1
11:02:29 [log] [sess-diag] loadEngineSessions: 耗时(ms) fetch = 75 repoRoots = 4 build+reconcile = 3 set = 3 total = 85
11:02:33 [log] [sess-diag] engineFetch GET /experimental/session?roots=true&limit=2000 -> HTTP 200 elapsed=56ms responseBytes=29599 engineUrl= http://127.0.0.1:61867 engineId= (default)
11:02:33 [log] [sess-diag] loadEngineSessions: 原始条数 = 1
11:02:33 [log] [sess-diag] loadEngineSessions: reconcile 后 convos = 1 order = 1
11:02:33 [log] [sess-diag] loadEngineSessions: 耗时(ms) fetch = 62 repoRoots = 3 build+reconcile = 2 set = 1 total = 67
11:03:03 [log] [sess-diag] engineFetch GET /experimental/session?roots=true&limit=2000 -> HTTP 200 elapsed=24ms responseBytes=29599 engineUrl= http://127.0.0.1:61867 engineId= (default)
11:03:03 [log] [sess-diag] loadEngineSessions: 原始条数 = 1
11:03:03 [log] [sess-diag] loadEngineSessions: reconcile 后 convos = 1 order = 1
11:03:03 [log] [sess-diag] loadEngineSessions: 耗时(ms) fetch = 31 repoRoots = 3 build+reconcile = 3 set = 1 total = 38
11:03:15 [info] [experiment] key=feature_gates id=101197 type=string value={\n    "domestic": { "show_mcp_entry": false, "show_custom_model_button": true, "loop_streak_recovery": true, "show_evolve_entry": true,"show_computeruse": false, "show_browseruse": false, "show_pay": … elapsed=3ms
11:03:15 [info] [feature-gates] refresh: ok (elapsed=31ms)
11:03:33 [log] [sess-diag] engineFetch GET /experimental/session?roots=true&limit=2000 -> HTTP 200 elapsed=38ms responseBytes=29599 engineUrl= http://127.0.0.1:61867 engineId= (default)
11:03:33 [log] [sess-diag] loadEngineSessions: 原始条数 = 1
11:03:33 [log] [sess-diag] loadEngineSessions: reconcile 后 convos = 1 order = 1
11:03:33 [log] [sess-diag] loadEngineSessions: 耗时(ms) fetch = 45 repoRoots = 4 build+reconcile = 4 set = 2 total = 54
11:03:45 [info] [intervention] {"stage":"query","at":1790305425630,"requestId":"f2ca6498ca9ad55a","origin":"b5094fe8d78e452f","elapsedMs":486,"textChars":244,"queryChars":244,"truncated":false,"result":"miss","reviewId":"mimo-intv-mimo_pc_input_text-76cd20897b3f4a0a81b634293513bb74"}
11:03:45 [info] [content-review] app=mimo_pc_input_text source=input why=oneshot batch=554c3f4efe577e98 api=/api/audit/check len=244 images=0 sha=db1b56d237a8 session=ses_ffe5f298357dfffeN82Wln2VmT elapsed=211ms verdict=pass reviewId=mimo-mimo_pc_input_text-8fffc2a0c008435ea0f2db388e459e3c detail=[serverVerdict=pass resultCode=1 subCode=9 aigc=- hints=0 detailsLen=0 resp=[passed=pass resultCode=1 reviewId=mimo-mimo_pc_input_text-8fffc2a0c008435ea0f2db388e459e3c offlineReason= offlineDetails=[0 chars] hint=[0 items] subCode=9 aigc=null]]
11:03:45 [info] [intervention] {"stage":"prepared","at":1790305425846,"requestId":"f2ca6498ca9ad55a","origin":"b5094fe8d78e452f","elapsedMs":702,"textChars":244,"result":"ready","reviewId":"mimo-intv-mimo_pc_input_text-76cd20897b3f4a0a81b634293513bb74"}
11:03:45 [info] [intervention] {"stage":"claim","at":1790305425871,"requestId":"f2ca6498ca9ad55a","origin":"b5094fe8d78e452f","sessionId":"b5094fe8d78e452f","elapsedMs":727,"textChars":244,"reviewId":"mimo-intv-mimo_pc_input_text-76cd20897b3f4a0a81b634293513bb74"}
11:03:46 [info] [smart-router] {"origin":"ses_ffe5f298357dfffeN82Wln2VmT","model":"mimo-pro"}
11:03:46 [info] [harness] session origin=ses_ffe5f298357dfffeN82Wln2VmT sid=ses_ffe5f298357dfffeN82Wln2VmT source=user msgLen=258
11:03:46 [info] [turn-power-save] acquired sysId=1 mode=prevent-app-suspension first=run:ses_ffe5f298357dfffeN82Wln2VmT
11:03:46 [info] [intervention] {"stage":"dispatch","at":1790305426757,"requestId":"f2ca6498ca9ad55a","origin":"b5094fe8d78e452f","runId":"00249b46f17a527b","sessionId":"b5094fe8d78e452f","elapsedMs":1613,"textChars":244,"reviewId":"mimo-intv-mimo_pc_input_text-76cd20897b3f4a0a81b634293513bb74"}
11:03:46 [info] [intervention] {"stage":"user-bound","at":1790305426837,"requestId":"f2ca6498ca9ad55a","origin":"b5094fe8d78e452f","runId":"00249b46f17a527b","sessionId":"b5094fe8d78e452f","userId":"c820c76445b388ba","elapsedMs":1693,"textChars":244,"reviewId":"mimo-intv-mimo_pc_input_text-76cd20897b3f4a0a81b634293513bb74"}
11:03:46 [log] [sess-diag] engineFetch GET /session/ses_ffe5f298357dfffeN82Wln2VmT/task -> HTTP 200 elapsed=763ms responseBytes=2 engineUrl= http://127.0.0.1:61867 engineId= mimocode
11:03:47 [info] [intervention] {"stage":"model.start","at":1790305427121,"requestId":"f2ca6498ca9ad55a","origin":"b5094fe8d78e452f","runId":"00249b46f17a527b","sessionId":"b5094fe8d78e452f","userId":"c820c76445b388ba","assistantId":"7188cc0a97025b77","ephemeral":false,"hasScope":true,"route":"upstream"}
11:03:47 [info] [intervention] {"stage":"fetch.start","at":1790305427128,"requestId":"f2ca6498ca9ad55a","origin":"b5094fe8d78e452f","runId":"00249b46f17a527b","sessionId":"b5094fe8d78e452f","userId":"c820c76445b388ba","assistantId":"7188cc0a97025b77","ephemeral":false,"hasScope":true,"protocol":"chat-completions","route":"upstream"}
11:03:50 [info] [intervention] {"stage":"fetch.response","at":1790305430937,"requestId":"f2ca6498ca9ad55a","origin":"b5094fe8d78e452f","runId":"00249b46f17a527b","sessionId":"b5094fe8d78e452f","userId":"c820c76445b388ba","assistantId":"7188cc0a97025b77","elapsedMs":3809,"status":200,"ephemeral":false,"hasScope":true,"protocol":"chat-completions","route":"upstream"}
11:03:50 [info] [config] loading from: https://cdn-exp-sg-recommend.pt.xiaomi.com/service/getClientBitMapExpConf/mimoDesktop(%E6%96%B0%E5%8A%A0%E5%9D%A1)
11:03:51 [info] [config] loaded tree for mimoDesktop(新加坡): children=2, upRuleIds=0
11:03:51 [info] [config] remote config loaded: 1 apps
11:03:51 [info] [config] loaded successfully: 1 apps
11:03:57 [info] [content-review/turn-binding] note-no-slot key=ses_ffe5f298357dfffeN82Wln2VmT anchor=msg:msg_g001a0d684de1f001wEBoIZbfi
11:03:57 [info] [intervention] {"stage":"output","at":1790305437202,"runId":"00249b46f17a527b","sessionId":"b5094fe8d78e452f","assistantId":"7188cc0a97025b77","textChars":16,"reviewSkipped":false}
11:04:00 [info] [intervention] {"stage":"model.start","at":1790305440966,"requestId":"f2ca6498ca9ad55a","origin":"b5094fe8d78e452f","runId":"00249b46f17a527b","sessionId":"b5094fe8d78e452f","userId":"c820c76445b388ba","assistantId":"556a596a85d954ab","ephemeral":false,"hasScope":true,"route":"upstream"}
11:04:00 [info] [intervention] {"stage":"fetch.start","at":1790305440973,"requestId":"f2ca6498ca9ad55a","origin":"b5094fe8d78e452f","runId":"00249b46f17a527b","sessionId":"b5094fe8d78e452f","userId":"c820c76445b388ba","assistantId":"556a596a85d954ab","ephemeral":false,"hasScope":true,"protocol":"chat-completions","route":"upstream"}
11:04:03 [log] [sess-diag] engineFetch GET /experimental/session?roots=true&limit=2000 -> HTTP 200 elapsed=47ms responseBytes=29599 engineUrl= http://127.0.0.1:61867 engineId= (default)
11:04:03 [log] [sess-diag] loadEngineSessions: 原始条数 = 1
11:04:03 [log] [sess-diag] loadEngineSessions: reconcile 后 convos = 1 order = 1
11:04:03 [log] [sess-diag] loadEngineSessions: 耗时(ms) fetch = 60 repoRoots = 3 build+reconcile = 5 set = 3 total = 71
11:04:10 [info] [intervention] {"stage":"fetch.response","at":1790305450488,"requestId":"f2ca6498ca9ad55a","origin":"b5094fe8d78e452f","runId":"00249b46f17a527b","sessionId":"b5094fe8d78e452f","userId":"c820c76445b388ba","assistantId":"556a596a85d954ab","elapsedMs":9515,"status":200,"ephemeral":false,"hasScope":true,"protocol":"chat-completions","route":"upstream"}
11:04:28 [info] [intervention] {"stage":"model.start","at":1790305468190,"requestId":"f2ca6498ca9ad55a","origin":"b5094fe8d78e452f","runId":"00249b46f17a527b","sessionId":"b5094fe8d78e452f","userId":"c820c76445b388ba","assistantId":"851032a0e72c5d38","ephemeral":false,"hasScope":true,"route":"upstream"}
11:04:28 [info] [intervention] {"stage":"fetch.start","at":1790305468197,"requestId":"f2ca6498ca9ad55a","origin":"b5094fe8d78e452f","runId":"00249b46f17a527b","sessionId":"b5094fe8d78e452f","userId":"c820c76445b388ba","assistantId":"851032a0e72c5d38","ephemeral":false,"hasScope":true,"protocol":"chat-completions","route":"upstream"}
11:04:32 [info] [intervention] {"stage":"fetch.response","at":1790305472247,"requestId":"f2ca6498ca9ad55a","origin":"b5094fe8d78e452f","runId":"00249b46f17a527b","sessionId":"b5094fe8d78e452f","userId":"c820c76445b388ba","assistantId":"851032a0e72c5d38","elapsedMs":4050,"status":200,"ephemeral":false,"hasScope":true,"protocol":"chat-completions","route":"upstream"}
11:04:33 [log] [sess-diag] engineFetch GET /experimental/session?roots=true&limit=2000 -> HTTP 200 elapsed=60ms responseBytes=29599 engineUrl= http://127.0.0.1:61867 engineId= (default)
11:04:33 [log] [sess-diag] loadEngineSessions: 原始条数 = 1
11:04:33 [log] [sess-diag] loadEngineSessions: reconcile 后 convos = 1 order = 1
11:04:33 [log] [sess-diag] loadEngineSessions: 耗时(ms) fetch = 174 repoRoots = 7 build+reconcile = 4 set = 2 total = 187
11:04:45 [log] [perm-autopass] allow permission=bash
11:05:03 [log] [sess-diag] engineFetch GET /experimental/session?roots=true&limit=2000 -> HTTP 200 elapsed=34ms responseBytes=29599 engineUrl= http://127.0.0.1:61867 engineId= (default)
11:05:03 [log] [sess-diag] loadEngineSessions: 原始条数 = 1
11:05:03 [log] [sess-diag] loadEngineSessions: reconcile 后 convos = 1 order = 1
11:05:03 [log] [sess-diag] loadEngineSessions: 耗时(ms) fetch = 39 repoRoots = 16 build+reconcile = 4 set = 3 total = 62
11:05:11 [info] [intervention] {"stage":"model.start","at":1790305511807,"requestId":"f2ca6498ca9ad55a","origin":"b5094fe8d78e452f","runId":"00249b46f17a527b","sessionId":"b5094fe8d78e452f","userId":"c820c76445b388ba","assistantId":"fded84b4bd631ccf","ephemeral":false,"hasScope":true,"route":"upstream"}
11:05:11 [info] [intervention] {"stage":"fetch.start","at":1790305511815,"requestId":"f2ca6498ca9ad55a","origin":"b5094fe8d78e452f","runId":"00249b46f17a527b","sessionId":"b5094fe8d78e452f","userId":"c820c76445b388ba","assistantId":"fded84b4bd631ccf","ephemeral":false,"hasScope":true,"protocol":"chat-completions","route":"upstream"}
11:05:31 [log] [sess-diag] engineFetch GET /experimental/session?roots=true&limit=2000 -> HTTP 200 elapsed=34ms responseBytes=29599 engineUrl= http://127.0.0.1:61867 engineId= (default)
11:05:31 [log] [sess-diag] loadEngineSessions: 原始条数 = 1
11:05:31 [log] [sess-diag] loadEngineSessions: reconcile 后 convos = 1 order = 1
11:05:31 [log] [sess-diag] loadEngineSessions: 耗时(ms) fetch = 90 repoRoots = 32 build+reconcile = 4 set = 4 total = 130
11:05:33 [log] [sess-diag] engineFetch GET /experimental/session?roots=true&limit=2000 -> HTTP 200 elapsed=34ms responseBytes=29599 engineUrl= http://127.0.0.1:61867 engineId= (default)
11:05:33 [log] [sess-diag] loadEngineSessions: 原始条数 = 1
11:05:33 [log] [sess-diag] loadEngineSessions: reconcile 后 convos = 1 order = 1
11:05:33 [log] [sess-diag] loadEngineSessions: 耗时(ms) fetch = 38 repoRoots = 11 build+reconcile = 1 set = 1 total = 51
11:06:07 [log] [sess-diag] engineFetch GET /experimental/session?roots=true&limit=2000 -> HTTP 200 elapsed=35ms responseBytes=29599 engineUrl= http://127.0.0.1:61867 engineId= (default)
11:06:07 [log] [sess-diag] loadEngineSessions: 原始条数 = 1
11:06:07 [log] [sess-diag] loadEngineSessions: reconcile 后 convos = 1 order = 1
11:06:07 [log] [sess-diag] loadEngineSessions: 耗时(ms) fetch = 71 repoRoots = 15 build+reconcile = 3 set = 2 total = 92
11:06:33 [log] [sess-diag] engineFetch GET /experimental/session?roots=true&limit=2000 -> HTTP 200 elapsed=21ms responseBytes=29599 engineUrl= http://127.0.0.1:61867 engineId= (default)
11:06:33 [log] [sess-diag] loadEngineSessions: 原始条数 = 1
11:06:33 [log] [sess-diag] loadEngineSessions: reconcile 后 convos = 1 order = 1
11:06:33 [log] [sess-diag] loadEngineSessions: 耗时(ms) fetch = 38 repoRoots = 13 build+reconcile = 3 set = 2 total = 55
11:07:03 [log] [sess-diag] engineFetch GET /experimental/session?roots=true&limit=2000 -> HTTP 200 elapsed=35ms responseBytes=29599 engineUrl= http://127.0.0.1:61867 engineId= (default)
11:07:03 [log] [sess-diag] loadEngineSessions: 原始条数 = 1
11:07:03 [log] [sess-diag] loadEngineSessions: reconcile 后 convos = 1 order = 1
11:07:03 [log] [sess-diag] loadEngineSessions: 耗时(ms) fetch = 40 repoRoots = 13 build+reconcile = 4 set = 2 total = 58
11:07:33 [log] [sess-diag] engineFetch GET /experimental/session?roots=true&limit=2000 -> HTTP 200 elapsed=37ms responseBytes=29599 engineUrl= http://127.0.0.1:61867 engineId= (default)
11:07:33 [log] [sess-diag] loadEngineSessions: 原始条数 = 1
11:07:33 [log] [sess-diag] loadEngineSessions: reconcile 后 convos = 1 order = 1
11:07:33 [log] [sess-diag] loadEngineSessions: 耗时(ms) fetch = 57 repoRoots = 11 build+reconcile = 5 set = 2 total = 75
11:09:52 [log] [sess-diag] engineFetch GET /experimental/session?roots=true&limit=2000 -> HTTP 200 elapsed=130ms responseBytes=29599 engineUrl= http://127.0.0.1:61867 engineId= (default)
11:09:52 [log] [sess-diag] loadEngineSessions: 原始条数 = 1
11:09:52 [log] [sess-diag] loadEngineSessions: reconcile 后 convos = 1 order = 1
11:09:52 [log] [sess-diag] loadEngineSessions: 耗时(ms) fetch = 303 repoRoots = 5 build+reconcile = 3 set = 2 total = 313
11:10:07 [log] [sess-diag] engineFetch GET /experimental/session?roots=true&limit=2000 -> HTTP 200 elapsed=28ms responseBytes=29599 engineUrl= http://127.0.0.1:61867 engineId= (default)
11:10:07 [log] [sess-diag] loadEngineSessions: 原始条数 = 1
11:10:07 [log] [sess-diag] loadEngineSessions: reconcile 后 convos = 1 order = 1
11:10:07 [log] [sess-diag] loadEngineSessions: 耗时(ms) fetch = 75 repoRoots = 15 build+reconcile = 4 set = 2 total = 95
11:10:21 [log] [sess-diag] engineFetch GET /experimental/session?roots=true&limit=2000 -> HTTP 200 elapsed=106ms responseBytes=29599 engineUrl= http://127.0.0.1:61867 engineId= (default)
11:10:21 [log] [sess-diag] loadEngineSessions: 原始条数 = 1
11:10:21 [log] [sess-diag] loadEngineSessions: reconcile 后 convos = 1 order = 1
11:10:21 [log] [sess-diag] loadEngineSessions: 耗时(ms) fetch = 119 repoRoots = 6 build+reconcile = 6 set = 5 total = 136
11:10:33 [log] [sess-diag] engineFetch GET /experimental/session?roots=true&limit=2000 -> HTTP 200 elapsed=43ms responseBytes=29599 engineUrl= http://127.0.0.1:61867 engineId= (default)
11:10:33 [log] [sess-diag] loadEngineSessions: 原始条数 = 1
11:10:33 [log] [sess-diag] loadEngineSessions: reconcile 后 convos = 1 order = 1
11:10:33 [log] [sess-diag] loadEngineSessions: 耗时(ms) fetch = 58 repoRoots = 17 build+reconcile = 4 set = 2 total = 81
11:10:49 [log] [sess-diag] engineFetch GET /experimental/session?roots=true&limit=2000 -> HTTP 200 elapsed=43ms responseBytes=29599 engineUrl= http://127.0.0.1:61867 engineId= (default)
11:10:49 [log] [sess-diag] loadEngineSessions: 原始条数 = 1
11:10:50 [log] [sess-diag] loadEngineSessions: reconcile 后 convos = 1 order = 1
11:10:50 [log] [sess-diag] loadEngineSessions: 耗时(ms) fetch = 91 repoRoots = 16 build+reconcile = 3 set = 1 total = 111
11:10:58 [info] [intervention] {"stage":"fetch.response","at":1790305858679,"requestId":"f2ca6498ca9ad55a","origin":"b5094fe8d78e452f","runId":"00249b46f17a527b","sessionId":"b5094fe8d78e452f","userId":"c820c76445b388ba","assistantId":"fded84b4bd631ccf","elapsedMs":346864,"status":200,"ephemeral":false,"hasScope":true,"protocol":"chat-completions","route":"upstream"}
11:11:03 [log] [sess-diag] engineFetch GET /experimental/session?roots=true&limit=2000 -> HTTP 200 elapsed=30ms responseBytes=29599 engineUrl= http://127.0.0.1:61867 engineId= (default)
11:11:03 [log] [sess-diag] loadEngineSessions: 原始条数 = 1
11:11:03 [log] [sess-diag] loadEngineSessions: reconcile 后 convos = 1 order = 1
11:11:03 [log] [sess-diag] loadEngineSessions: 耗时(ms) fetch = 35 repoRoots = 11 build+reconcile = 3 set = 4 total = 53
11:11:16 [log] [perm-autopass] allow permission=external_directory
11:11:16 [log] [perm-autopass] allow permission=bash
11:11:24 [log] [perm-autopass] allow permission=bash
11:11:33 [log] [sess-diag] engineFetch GET /experimental/session?roots=true&limit=2000 -> HTTP 200 elapsed=68ms responseBytes=29599 engineUrl= http://127.0.0.1:61867 engineId= (default)
11:11:33 [log] [sess-diag] loadEngineSessions: 原始条数 = 1
11:11:33 [log] [sess-diag] loadEngineSessions: reconcile 后 convos = 1 order = 1
11:11:33 [log] [sess-diag] loadEngineSessions: 耗时(ms) fetch = 80 repoRoots = 23 build+reconcile = 7 set = 4 total = 114
11:11:39 [info] [intervention] {"stage":"model.start","at":1790305899472,"requestId":"f2ca6498ca9ad55a","origin":"b5094fe8d78e452f","runId":"00249b46f17a527b","sessionId":"b5094fe8d78e452f","userId":"c820c76445b388ba","assistantId":"a52948f5626557c9","ephemeral":false,"hasScope":true,"route":"upstream"}
11:11:39 [info] [intervention] {"stage":"fetch.start","at":1790305899479,"requestId":"f2ca6498ca9ad55a","origin":"b5094fe8d78e452f","runId":"00249b46f17a527b","sessionId":"b5094fe8d78e452f","userId":"c820c76445b388ba","assistantId":"a52948f5626557c9","ephemeral":false,"hasScope":true,"protocol":"chat-completions","route":"upstream"}
11:12:00 [info] [intervention] {"stage":"fetch.response","at":1790305920074,"requestId":"f2ca6498ca9ad55a","origin":"b5094fe8d78e452f","runId":"00249b46f17a527b","sessionId":"b5094fe8d78e452f","userId":"c820c76445b388ba","assistantId":"a52948f5626557c9","elapsedMs":20595,"status":200,"ephemeral":false,"hasScope":true,"protocol":"chat-completions","route":"upstream"}
11:12:03 [log] [sess-diag] engineFetch GET /experimental/session?roots=true&limit=2000 -> HTTP 200 elapsed=23ms responseBytes=29599 engineUrl= http://127.0.0.1:61867 engineId= (default)
11:12:03 [log] [sess-diag] loadEngineSessions: 原始条数 = 1
11:12:03 [log] [sess-diag] loadEngineSessions: reconcile 后 convos = 1 order = 1
11:12:03 [log] [sess-diag] loadEngineSessions: 耗时(ms) fetch = 63 repoRoots = 19 build+reconcile = 4 set = 2 total = 88
11:12:12 [log] [perm-autopass] allow permission=bash
11:12:23 [log] [sess-diag] engineFetch GET /experimental/session?roots=true&limit=2000 -> HTTP 200 elapsed=70ms responseBytes=29599 engineUrl= http://127.0.0.1:61867 engineId= (default)
11:12:23 [log] [sess-diag] loadEngineSessions: 原始条数 = 1
11:12:23 [log] [sess-diag] loadEngineSessions: reconcile 后 convos = 1 order = 1
11:12:23 [log] [sess-diag] loadEngineSessions: 耗时(ms) fetch = 118 repoRoots = 88 build+reconcile = 6 set = 2 total = 214
11:12:25 [log] [perm-autopass] allow permission=bash
11:12:31 [info] [intervention] {"stage":"model.start","at":1790305951508,"requestId":"f2ca6498ca9ad55a","origin":"b5094fe8d78e452f","runId":"00249b46f17a527b","sessionId":"b5094fe8d78e452f","userId":"c820c76445b388ba","assistantId":"a987d9010ac80d27","ephemeral":false,"hasScope":true,"route":"upstream"}
11:12:31 [info] [intervention] {"stage":"fetch.start","at":1790305951519,"requestId":"f2ca6498ca9ad55a","origin":"b5094fe8d78e452f","runId":"00249b46f17a527b","sessionId":"b5094fe8d78e452f","userId":"c820c76445b388ba","assistantId":"a987d9010ac80d27","ephemeral":false,"hasScope":true,"protocol":"chat-completions","route":"upstream"}
11:12:32 [info] [intervention] {"stage":"fetch.response","at":1790305952795,"requestId":"f2ca6498ca9ad55a","origin":"b5094fe8d78e452f","runId":"00249b46f17a527b","sessionId":"b5094fe8d78e452f","userId":"c820c76445b388ba","assistantId":"a987d9010ac80d27","elapsedMs":1276,"status":200,"ephemeral":false,"hasScope":true,"protocol":"chat-completions","route":"upstream"}
11:12:33 [log] [sess-diag] engineFetch GET /experimental/session?roots=true&limit=2000 -> HTTP 200 elapsed=24ms responseBytes=29599 engineUrl= http://127.0.0.1:61867 engineId= (default)
11:12:33 [log] [sess-diag] loadEngineSessions: 原始条数 = 1
11:12:33 [log] [sess-diag] loadEngineSessions: reconcile 后 convos = 1 order = 1
11:12:33 [log] [sess-diag] loadEngineSessions: 耗时(ms) fetch = 68 repoRoots = 20 build+reconcile = 2 set = 1 total = 91
11:12:51 [log] [perm-autopass] allow permission=bash
11:13:07 [info] [intervention] {"stage":"model.start","at":1790305987726,"requestId":"f2ca6498ca9ad55a","origin":"b5094fe8d78e452f","runId":"00249b46f17a527b","sessionId":"b5094fe8d78e452f","userId":"c820c76445b388ba","assistantId":"75098ca3a8321060","ephemeral":false,"hasScope":true,"route":"upstream"}
11:13:07 [info] [intervention] {"stage":"fetch.start","at":1790305987734,"requestId":"f2ca6498ca9ad55a","origin":"b5094fe8d78e452f","runId":"00249b46f17a527b","sessionId":"b5094fe8d78e452f","userId":"c820c76445b388ba","assistantId":"75098ca3a8321060","ephemeral":false,"hasScope":true,"protocol":"chat-completions","route":"upstream"}
11:13:09 [info] [intervention] {"stage":"fetch.response","at":1790305989738,"requestId":"f2ca6498ca9ad55a","origin":"b5094fe8d78e452f","runId":"00249b46f17a527b","sessionId":"b5094fe8d78e452f","userId":"c820c76445b388ba","assistantId":"75098ca3a8321060","elapsedMs":2004,"status":200,"ephemeral":false,"hasScope":true,"protocol":"chat-completions","route":"upstream"}
11:13:15 [info] [experiment] key=feature_gates id=101197 type=string value={\n    "domestic": { "show_mcp_entry": false, "show_custom_model_button": true, "loop_streak_recovery": true, "show_evolve_entry": true,"show_computeruse": false, "show_browseruse": false, "show_pay": … elapsed=1ms
11:13:15 [info] [feature-gates] refresh: ok (elapsed=31ms)
11:13:20 [info] [intervention] {"stage":"output","at":1790306000360,"runId":"00249b46f17a527b","sessionId":"b5094fe8d78e452f","assistantId":"75098ca3a8321060","textChars":2,"reviewSkipped":false}
11:13:23 [info] [intervention] {"stage":"model.start","at":1790306003214,"requestId":"f2ca6498ca9ad55a","origin":"b5094fe8d78e452f","runId":"00249b46f17a527b","sessionId":"b5094fe8d78e452f","userId":"c820c76445b388ba","assistantId":"5817188d44e2b53b","ephemeral":false,"hasScope":true,"route":"upstream"}
11:13:23 [info] [intervention] {"stage":"fetch.start","at":1790306003221,"requestId":"f2ca6498ca9ad55a","origin":"b5094fe8d78e452f","runId":"00249b46f17a527b","sessionId":"b5094fe8d78e452f","userId":"c820c76445b388ba","assistantId":"5817188d44e2b53b","ephemeral":false,"hasScope":true,"protocol":"chat-completions","route":"upstream"}
11:13:25 [info] [intervention] {"stage":"fetch.response","at":1790306005006,"requestId":"f2ca6498ca9ad55a","origin":"b5094fe8d78e452f","runId":"00249b46f17a527b","sessionId":"b5094fe8d78e452f","userId":"c820c76445b388ba","assistantId":"5817188d44e2b53b","elapsedMs":1785,"status":200,"ephemeral":false,"hasScope":true,"protocol":"chat-completions","route":"upstream"}
11:13:50 [info] [config] loading from: https://cdn-exp-sg-recommend.pt.xiaomi.com/service/getClientBitMapExpConf/mimoDesktop(%E6%96%B0%E5%8A%A0%E5%9D%A1)
11:13:51 [info] [config] loaded tree for mimoDesktop(新加坡): children=2, upRuleIds=0
11:13:51 [info] [config] remote config loaded: 1 apps
11:13:51 [info] [config] loaded successfully: 1 apps
11:14:01 [log] [sess-diag] engineFetch GET /experimental/session?roots=true&limit=2000 -> HTTP 200 elapsed=81ms responseBytes=29599 engineUrl= http://127.0.0.1:61867 engineId= (default)
11:14:01 [log] [sess-diag] loadEngineSessions: 原始条数 = 1
11:14:01 [log] [sess-diag] loadEngineSessions: reconcile 后 convos = 1 order = 1
11:14:01 [log] [sess-diag] loadEngineSessions: 耗时(ms) fetch = 149 repoRoots = 30 build+reconcile = 18 set = 14 total = 211
11:14:03 [info] [intervention] {"stage":"model.start","at":1790306043871,"requestId":"f2ca6498ca9ad55a","origin":"b5094fe8d78e452f","runId":"00249b46f17a527b","sessionId":"b5094fe8d78e452f","userId":"c820c76445b388ba","assistantId":"41c22956219505b0","ephemeral":false,"hasScope":true,"route":"upstream"}
11:14:03 [info] [intervention] {"stage":"fetch.start","at":1790306043880,"requestId":"f2ca6498ca9ad55a","origin":"b5094fe8d78e452f","runId":"00249b46f17a527b","sessionId":"b5094fe8d78e452f","userId":"c820c76445b388ba","assistantId":"41c22956219505b0","ephemeral":false,"hasScope":true,"protocol":"chat-completions","route":"upstream"}
11:14:04 [log] [sess-diag] engineFetch GET /experimental/session?roots=true&limit=2000 -> HTTP 200 elapsed=155ms responseBytes=29599 engineUrl= http://127.0.0.1:61867 engineId= (default)
11:14:04 [log] [sess-diag] loadEngineSessions: 原始条数 = 1
11:14:04 [log] [sess-diag] loadEngineSessions: reconcile 后 convos = 1 order = 1
11:14:04 [log] [sess-diag] loadEngineSessions: 耗时(ms) fetch = 220 repoRoots = 22 build+reconcile = 2 set = 1 total = 244
11:14:07 [info] [intervention] {"stage":"fetch.response","at":1790306047620,"requestId":"f2ca6498ca9ad55a","origin":"b5094fe8d78e452f","runId":"00249b46f17a527b","sessionId":"b5094fe8d78e452f","userId":"c820c76445b388ba","assistantId":"41c22956219505b0","elapsedMs":3740,"status":200,"ephemeral":false,"hasScope":true,"protocol":"chat-completions","route":"upstream"}
11:14:19 [info] [intervention] {"stage":"output","at":1790306059375,"runId":"00249b46f17a527b","sessionId":"b5094fe8d78e452f","assistantId":"41c22956219505b0","textChars":3,"reviewSkipped":false}
11:14:35 [log] [sess-diag] engineFetch GET /experimental/session?roots=true&limit=2000 -> HTTP 200 elapsed=44ms responseBytes=29599 engineUrl= http://127.0.0.1:61867 engineId= (default)
11:14:35 [log] [sess-diag] loadEngineSessions: 原始条数 = 1
11:14:35 [log] [sess-diag] loadEngineSessions: reconcile 后 convos = 1 order = 1
11:14:35 [log] [sess-diag] loadEngineSessions: 耗时(ms) fetch = 99 repoRoots = 25 build+reconcile = 3 set = 1 total = 128
11:14:41 [info] [intervention] {"stage":"model.start","at":1790306081405,"requestId":"f2ca6498ca9ad55a","origin":"b5094fe8d78e452f","runId":"00249b46f17a527b","sessionId":"b5094fe8d78e452f","userId":"c820c76445b388ba","assistantId":"11522f9d64d9e89d","ephemeral":false,"hasScope":true,"route":"upstream"}
11:14:41 [info] [intervention] {"stage":"fetch.start","at":1790306081412,"requestId":"f2ca6498ca9ad55a","origin":"b5094fe8d78e452f","runId":"00249b46f17a527b","sessionId":"b5094fe8d78e452f","userId":"c820c76445b388ba","assistantId":"11522f9d64d9e89d","ephemeral":false,"hasScope":true,"protocol":"chat-completions","route":"upstream"}
11:14:47 [info] [intervention] {"stage":"fetch.response","at":1790306087266,"requestId":"f2ca6498ca9ad55a","origin":"b5094fe8d78e452f","runId":"00249b46f17a527b","sessionId":"b5094fe8d78e452f","userId":"c820c76445b388ba","assistantId":"11522f9d64d9e89d","elapsedMs":5854,"status":200,"ephemeral":false,"hasScope":true,"protocol":"chat-completions","route":"upstream"}
11:15:03 [log] [sess-diag] engineFetch GET /experimental/session?roots=true&limit=2000 -> HTTP 200 elapsed=75ms responseBytes=29599 engineUrl= http://127.0.0.1:61867 engineId= (default)
11:15:03 [log] [sess-diag] loadEngineSessions: 原始条数 = 1
11:15:03 [log] [sess-diag] loadEngineSessions: reconcile 后 convos = 1 order = 1
11:15:03 [log] [sess-diag] loadEngineSessions: 耗时(ms) fetch = 197 repoRoots = 22 build+reconcile = 3 set = 2 total = 224
11:15:06 [info] [intervention] {"stage":"output","at":1790306106136,"runId":"00249b46f17a527b","sessionId":"b5094fe8d78e452f","assistantId":"11522f9d64d9e89d","textChars":5,"reviewSkipped":false}
11:15:06 [log] [perm-autopass] allow permission=external_directory
11:15:06 [log] [perm-autopass] allow permission=bash
11:15:15 [info] [intervention] {"stage":"model.start","at":1790306115193,"requestId":"f2ca6498ca9ad55a","origin":"b5094fe8d78e452f","runId":"00249b46f17a527b","sessionId":"b5094fe8d78e452f","userId":"c820c76445b388ba","assistantId":"68bc6a20584c4005","ephemeral":false,"hasScope":true,"route":"upstream"}
11:15:15 [info] [intervention] {"stage":"fetch.start","at":1790306115200,"requestId":"f2ca6498ca9ad55a","origin":"b5094fe8d78e452f","runId":"00249b46f17a527b","sessionId":"b5094fe8d78e452f","userId":"c820c76445b388ba","assistantId":"68bc6a20584c4005","ephemeral":false,"hasScope":true,"protocol":"chat-completions","route":"upstream"}
11:15:23 [info] [intervention] {"stage":"fetch.response","at":1790306123227,"requestId":"f2ca6498ca9ad55a","origin":"b5094fe8d78e452f","runId":"00249b46f17a527b","sessionId":"b5094fe8d78e452f","userId":"c820c76445b388ba","assistantId":"68bc6a20584c4005","elapsedMs":8027,"status":200,"ephemeral":false,"hasScope":true,"protocol":"chat-completions","route":"upstream"}
11:15:24 [log] [perm-model-approve] start permission=bash model=mimo-pro
11:15:26 [log] [perm-model-approve] http candidate=session:mimo-pro protocol=openai model=mimo-pro host=mimo-server-cn.xiaomimimo.com probe=true status=200
11:15:26 [log] [perm-model-approve] probe candidate=session model=mimo-pro ok=true
11:15:33 [log] [sess-diag] engineFetch GET /experimental/session?roots=true&limit=2000 -> HTTP 200 elapsed=31ms responseBytes=29599 engineUrl= http://127.0.0.1:61867 engineId= (default)
11:15:33 [log] [sess-diag] loadEngineSessions: 原始条数 = 1
11:15:33 [log] [sess-diag] loadEngineSessions: reconcile 后 convos = 1 order = 1
11:15:33 [log] [sess-diag] loadEngineSessions: 耗时(ms) fetch = 90 repoRoots = 27 build+reconcile = 4 set = 2 total = 123
11:15:34 [log] [perm-model-approve] http candidate=session:mimo-pro protocol=openai model=mimo-pro host=mimo-server-cn.xiaomimimo.com probe=false timeout
11:15:34 [log] [perm-model-approve] judge permission=bash candidate=session model=mimo-pro queries=2 decision=ask reason=unavailable
11:15:46 [info] [intervention] {"stage":"model.start","at":1790306146423,"requestId":"f2ca6498ca9ad55a","origin":"b5094fe8d78e452f","runId":"00249b46f17a527b","sessionId":"b5094fe8d78e452f","userId":"c820c76445b388ba","assistantId":"97634bc00ab1eee6","ephemeral":false,"hasScope":true,"route":"upstream"}
11:15:46 [info] [intervention] {"stage":"fetch.start","at":1790306146429,"requestId":"f2ca6498ca9ad55a","origin":"b5094fe8d78e452f","runId":"00249b46f17a527b","sessionId":"b5094fe8d78e452f","userId":"c820c76445b388ba","assistantId":"97634bc00ab1eee6","ephemeral":false,"hasScope":true,"protocol":"chat-completions","route":"upstream"}
11:15:53 [info] [intervention] {"stage":"fetch.response","at":1790306153796,"requestId":"f2ca6498ca9ad55a","origin":"b5094fe8d78e452f","runId":"00249b46f17a527b","sessionId":"b5094fe8d78e452f","userId":"c820c76445b388ba","assistantId":"97634bc00ab1eee6","elapsedMs":7367,"status":200,"ephemeral":false,"hasScope":true,"protocol":"chat-completions","route":"upstream"}
11:15:57 [log] [perm-autopass] allow permission=bash
11:16:03 [log] [sess-diag] engineFetch GET /experimental/session?roots=true&limit=2000 -> HTTP 200 elapsed=35ms responseBytes=29599 engineUrl= http://127.0.0.1:61867 engineId= (default)
11:16:03 [log] [sess-diag] loadEngineSessions: 原始条数 = 1
11:16:03 [log] [sess-diag] loadEngineSessions: reconcile 后 convos = 1 order = 1
11:16:03 [log] [sess-diag] loadEngineSessions: 耗时(ms) fetch = 94 repoRoots = 29 build+reconcile = 3 set = 3 total = 129
11:16:33 [log] [sess-diag] engineFetch GET /experimental/session?roots=true&limit=2000 -> HTTP 200 elapsed=32ms responseBytes=29599 engineUrl= http://127.0.0.1:61867 engineId= (default)
11:16:33 [log] [sess-diag] loadEngineSessions: 原始条数 = 1
11:16:33 [log] [sess-diag] loadEngineSessions: reconcile 后 convos = 1 order = 1
11:16:33 [log] [sess-diag] loadEngineSessions: 耗时(ms) fetch = 66 repoRoots = 29 build+reconcile = 4 set = 2 total = 101
11:17:14 [log] [sess-diag] engineFetch GET /experimental/session?roots=true&limit=2000 -> HTTP 200 elapsed=71ms responseBytes=29599 engineUrl= http://127.0.0.1:61867 engineId= (default)
11:17:14 [log] [sess-diag] loadEngineSessions: 原始条数 = 1
11:17:14 [log] [sess-diag] loadEngineSessions: reconcile 后 convos = 1 order = 1
11:17:14 [log] [sess-diag] loadEngineSessions: 耗时(ms) fetch = 142 repoRoots = 44 build+reconcile = 8 set = 3 total = 198
11:17:33 [log] [sess-diag] engineFetch GET /experimental/session?roots=true&limit=2000 -> HTTP 200 elapsed=36ms responseBytes=29599 engineUrl= http://127.0.0.1:61867 engineId= (default)
11:17:33 [log] [sess-diag] loadEngineSessions: 原始条数 = 1
11:17:33 [log] [sess-diag] loadEngineSessions: reconcile 后 convos = 1 order = 1
11:17:33 [log] [sess-diag] loadEngineSessions: 耗时(ms) fetch = 98 repoRoots = 29 build+reconcile = 4 set = 2 total = 133
11:17:56 [log] [sess-diag] engineFetch GET /experimental/session?roots=true&limit=2000 -> HTTP 200 elapsed=68ms responseBytes=29599 engineUrl= http://127.0.0.1:61867 engineId= (default)
11:17:56 [log] [sess-diag] loadEngineSessions: 原始条数 = 1
11:17:56 [log] [sess-diag] loadEngineSessions: reconcile 后 convos = 1 order = 1
11:17:56 [log] [sess-diag] loadEngineSessions: 耗时(ms) fetch = 140 repoRoots = 3 build+reconcile = 5 set = 3 total = 151
11:17:58 [info] [intervention] {"stage":"model.start","at":1790306278909,"requestId":"f2ca6498ca9ad55a","origin":"b5094fe8d78e452f","runId":"00249b46f17a527b","sessionId":"b5094fe8d78e452f","userId":"c820c76445b388ba","assistantId":"3c679bcccb123931","ephemeral":false,"hasScope":true,"route":"upstream"}
11:17:58 [info] [intervention] {"stage":"fetch.start","at":1790306278918,"requestId":"f2ca6498ca9ad55a","origin":"b5094fe8d78e452f","runId":"00249b46f17a527b","sessionId":"b5094fe8d78e452f","userId":"c820c76445b388ba","assistantId":"3c679bcccb123931","ephemeral":false,"hasScope":true,"protocol":"chat-completions","route":"upstream"}
11:18:03 [log] [sess-diag] engineFetch GET /experimental/session?roots=true&limit=2000 -> HTTP 200 elapsed=32ms responseBytes=29599 engineUrl= http://127.0.0.1:61867 engineId= (default)
11:18:03 [log] [sess-diag] loadEngineSessions: 原始条数 = 1
11:18:03 [log] [sess-diag] loadEngineSessions: reconcile 后 convos = 1 order = 1
11:18:03 [log] [sess-diag] loadEngineSessions: 耗时(ms) fetch = 89 repoRoots = 26 build+reconcile = 2 set = 1 total = 119
11:18:14 [log] [sess-diag] engineFetch GET /experimental/session?roots=true&limit=2000 -> HTTP 200 elapsed=55ms responseBytes=29599 engineUrl= http://127.0.0.1:61867 engineId= (default)
11:18:14 [log] [sess-diag] loadEngineSessions: 原始条数 = 1
11:18:14 [log] [sess-diag] loadEngineSessions: reconcile 后 convos = 1 order = 1
11:18:14 [log] [sess-diag] loadEngineSessions: 耗时(ms) fetch = 118 repoRoots = 29 build+reconcile = 3 set = 1 total = 151
11:18:18 [info] [intervention] {"stage":"fetch.response","at":1790306298099,"requestId":"f2ca6498ca9ad55a","origin":"b5094fe8d78e452f","runId":"00249b46f17a527b","sessionId":"b5094fe8d78e452f","userId":"c820c76445b388ba","assistantId":"3c679bcccb123931","elapsedMs":19181,"status":200,"ephemeral":false,"hasScope":true,"protocol":"chat-completions","route":"upstream"}
11:18:28 [info] [intervention] {"stage":"model.start","at":1790306308044,"requestId":"f2ca6498ca9ad55a","origin":"b5094fe8d78e452f","runId":"00249b46f17a527b","sessionId":"b5094fe8d78e452f","userId":"c820c76445b388ba","assistantId":"b871b28823b14033","ephemeral":false,"hasScope":true,"route":"upstream"}
11:18:28 [info] [intervention] {"stage":"fetch.start","at":1790306308051,"requestId":"f2ca6498ca9ad55a","origin":"b5094fe8d78e452f","runId":"00249b46f17a527b","sessionId":"b5094fe8d78e452f","userId":"c820c76445b388ba","assistantId":"b871b28823b14033","ephemeral":false,"hasScope":true,"protocol":"chat-completions","route":"upstream"}
11:18:32 [info] [intervention] {"stage":"fetch.response","at":1790306312091,"requestId":"f2ca6498ca9ad55a","origin":"b5094fe8d78e452f","runId":"00249b46f17a527b","sessionId":"b5094fe8d78e452f","userId":"c820c76445b388ba","assistantId":"b871b28823b14033","elapsedMs":4040,"status":200,"ephemeral":false,"hasScope":true,"protocol":"chat-completions","route":"upstream"}
11:18:33 [log] [sess-diag] engineFetch GET /experimental/session?roots=true&limit=2000 -> HTTP 200 elapsed=53ms responseBytes=29599 engineUrl= http://127.0.0.1:61867 engineId= (default)
11:18:33 [log] [sess-diag] loadEngineSessions: 原始条数 = 1
11:18:34 [log] [sess-diag] loadEngineSessions: reconcile 后 convos = 1 order = 1
11:18:34 [log] [sess-diag] loadEngineSessions: 耗时(ms) fetch = 118 repoRoots = 31 build+reconcile = 3 set = 2 total = 154
11:18:38 [log] [perm-autopass] allow permission=bash
11:19:03 [log] [sess-diag] engineFetch GET /experimental/session?roots=true&limit=2000 -> HTTP 200 elapsed=38ms responseBytes=29599 engineUrl= http://127.0.0.1:61867 engineId= (default)
11:19:03 [log] [sess-diag] loadEngineSessions: 原始条数 = 1
11:19:03 [log] [sess-diag] loadEngineSessions: reconcile 后 convos = 1 order = 1
11:19:03 [log] [sess-diag] loadEngineSessions: 耗时(ms) fetch = 105 repoRoots = 31 build+reconcile = 4 set = 2 total = 142
11:19:33 [log] [sess-diag] engineFetch GET /experimental/session?roots=true&limit=2000 -> HTTP 200 elapsed=39ms responseBytes=29599 engineUrl= http://127.0.0.1:61867 engineId= (default)
11:19:33 [log] [sess-diag] loadEngineSessions: 原始条数 = 1
11:19:33 [log] [sess-diag] loadEngineSessions: reconcile 后 convos = 1 order = 1
11:19:33 [log] [sess-diag] loadEngineSessions: 耗时(ms) fetch = 75 repoRoots = 30 build+reconcile = 4 set = 3 total = 112
11:19:44 [log] [sess-diag] engineFetch GET /experimental/session?roots=true&limit=2000 -> HTTP 200 elapsed=61ms responseBytes=29599 engineUrl= http://127.0.0.1:61867 engineId= (default)
11:19:44 [log] [sess-diag] loadEngineSessions: 原始条数 = 1
11:19:44 [log] [sess-diag] loadEngineSessions: reconcile 后 convos = 1 order = 1
11:19:44 [log] [sess-diag] loadEngineSessions: 耗时(ms) fetch = 130 repoRoots = 37 build+reconcile = 7 set = 2 total = 175
11:20:02 [log] [sess-diag] engineFetch GET /experimental/session?roots=true&limit=2000 -> HTTP 200 elapsed=64ms responseBytes=29599 engineUrl= http://127.0.0.1:61867 engineId= (default)
11:20:02 [log] [sess-diag] loadEngineSessions: 原始条数 = 1
11:20:02 [log] [sess-diag] loadEngineSessions: reconcile 后 convos = 1 order = 1
11:20:02 [log] [sess-diag] loadEngineSessions: 耗时(ms) fetch = 147 repoRoots = 38 build+reconcile = 3 set = 1 total = 189
11:20:03 [log] [sess-diag] engineFetch GET /experimental/session?roots=true&limit=2000 -> HTTP 200 elapsed=40ms responseBytes=29599 engineUrl= http://127.0.0.1:61867 engineId= (default)
11:20:03 [log] [sess-diag] loadEngineSessions: 原始条数 = 1
11:20:03 [log] [sess-diag] loadEngineSessions: reconcile 后 convos = 1 order = 1
11:20:03 [log] [sess-diag] loadEngineSessions: 耗时(ms) fetch = 109 repoRoots = 32 build+reconcile = 3 set = 1 total = 144
11:20:06 [log] [sess-diag] engineFetch GET /experimental/session?roots=true&limit=2000 -> HTTP 200 elapsed=104ms responseBytes=29599 engineUrl= http://127.0.0.1:61867 engineId= (default)
11:20:06 [log] [sess-diag] loadEngineSessions: 原始条数 = 1
11:20:06 [log] [sess-diag] loadEngineSessions: reconcile 后 convos = 1 order = 1
11:20:06 [log] [sess-diag] loadEngineSessions: 耗时(ms) fetch = 199 repoRoots = 34 build+reconcile = 1 set = 1 total = 234
11:20:40 [info] [intervention] {"stage":"model.start","at":1790306440156,"requestId":"f2ca6498ca9ad55a","origin":"b5094fe8d78e452f","runId":"00249b46f17a527b","sessionId":"b5094fe8d78e452f","userId":"c820c76445b388ba","assistantId":"0c4ffd4397c2e714","ephemeral":false,"hasScope":true,"route":"upstream"}
11:20:40 [info] [intervention] {"stage":"fetch.start","at":1790306440186,"requestId":"f2ca6498ca9ad55a","origin":"b5094fe8d78e452f","runId":"00249b46f17a527b","sessionId":"b5094fe8d78e452f","userId":"c820c76445b388ba","assistantId":"0c4ffd4397c2e714","ephemeral":false,"hasScope":true,"protocol":"chat-completions","route":"upstream"}
11:21:08 [info] [intervention] {"stage":"fetch.response","at":1790306468398,"requestId":"f2ca6498ca9ad55a","origin":"b5094fe8d78e452f","runId":"00249b46f17a527b","sessionId":"b5094fe8d78e452f","userId":"c820c76445b388ba","assistantId":"0c4ffd4397c2e714","elapsedMs":28212,"status":200,"ephemeral":false,"hasScope":true,"protocol":"chat-completions","route":"upstream"}
11:21:17 [log] [perm-autopass] allow permission=bash
11:21:33 [log] [sess-diag] engineFetch GET /experimental/session?roots=true&limit=2000 -> HTTP 200 elapsed=163ms responseBytes=29599 engineUrl= http://127.0.0.1:61867 engineId= (default)
11:21:33 [log] [sess-diag] loadEngineSessions: 原始条数 = 1
11:21:33 [log] [sess-diag] loadEngineSessions: reconcile 后 convos = 1 order = 1
11:21:33 [log] [sess-diag] loadEngineSessions: 耗时(ms) fetch = 332 repoRoots = 42 build+reconcile = 13 set = 4 total = 391
11:21:33 [log] [sess-diag] engineFetch GET /experimental/session?roots=true&limit=2000 -> HTTP 200 elapsed=60ms responseBytes=29599 engineUrl= http://127.0.0.1:61867 engineId= (default)
11:21:33 [log] [sess-diag] loadEngineSessions: 原始条数 = 1
11:21:33 [log] [sess-diag] loadEngineSessions: reconcile 后 convos = 1 order = 1
11:21:33 [log] [sess-diag] loadEngineSessions: 耗时(ms) fetch = 101 repoRoots = 34 build+reconcile = 2 set = 2 total = 140
11:21:55 [info] [intervention] {"stage":"model.start","at":1790306515584,"requestId":"f2ca6498ca9ad55a","origin":"b5094fe8d78e452f","runId":"00249b46f17a527b","sessionId":"b5094fe8d78e452f","userId":"c820c76445b388ba","assistantId":"ff3d3bed4b784adb","ephemeral":false,"hasScope":true,"route":"upstream"}
11:21:55 [info] [intervention] {"stage":"fetch.start","at":1790306515614,"requestId":"f2ca6498ca9ad55a","origin":"b5094fe8d78e452f","runId":"00249b46f17a527b","sessionId":"b5094fe8d78e452f","userId":"c820c76445b388ba","assistantId":"ff3d3bed4b784adb","ephemeral":false,"hasScope":true,"protocol":"chat-completions","route":"upstream"}
11:22:07 [info] [intervention] {"stage":"fetch.response","at":1790306527912,"requestId":"f2ca6498ca9ad55a","origin":"b5094fe8d78e452f","runId":"00249b46f17a527b","sessionId":"b5094fe8d78e452f","userId":"c820c76445b388ba","assistantId":"ff3d3bed4b784adb","elapsedMs":12298,"status":200,"ephemeral":false,"hasScope":true,"protocol":"chat-completions","route":"upstream"}
11:22:15 [log] [sess-diag] engineFetch GET /experimental/session?roots=true&limit=2000 -> HTTP 200 elapsed=142ms responseBytes=29599 engineUrl= http://127.0.0.1:61867 engineId= (default)
11:22:15 [log] [sess-diag] loadEngineSessions: 原始条数 = 1
11:22:15 [log] [sess-diag] loadEngineSessions: reconcile 后 convos = 1 order = 1
11:22:15 [log] [sess-diag] loadEngineSessions: 耗时(ms) fetch = 253 repoRoots = 33 build+reconcile = 5 set = 2 total = 294
11:22:16 [info] [intervention] {"stage":"closed","at":1790306536745,"requestId":"f2ca6498ca9ad55a","origin":"b5094fe8d78e452f","runId":"00249b46f17a527b","sessionId":"b5094fe8d78e452f","userId":"c820c76445b388ba","elapsedMs":1111600,"textChars":244,"reviewId":"mimo-intv-mimo_pc_input_text-76cd20897b3f4a0a81b634293513bb74"}
11:22:16 [info] [turn-power-save] released sysId=1 last=run:ses_ffe5f298357dfffeN82Wln2VmT
11:22:17 [log] [sess-diag] [white-screen-up] {"id":"ses_ffe5f298357dfffeN82Wln2VmT","upDelta":5542.66650390625,"prevTop":6558.66650390625,"top":1016,"clientHeight":724,"prevScrollHeight":7282,"scrollHeight":1739,"following":true,"lastPinSource":"floor","stack":"Error: white-screen-up-scroll\n    at Fn (app://-/renderer/assets/ThreadView-D9cl-a57.js:1:5217)\n    at HTMLDivElement.A (app://-/renderer/assets/ThreadView-D9cl-a57.js:1:24046)"}
11:22:17 [log] [sess-diag] engineFetch GET /session/ses_ffe5f298357dfffeN82Wln2VmT/task -> HTTP 200 elapsed=321ms responseBytes=1334 engineUrl= http://127.0.0.1:61867 engineId= mimocode
11:22:17 [log] [sess-diag] engineFetch GET /session/ses_ffe5f298357dfffeN82Wln2VmT -> HTTP 200 elapsed=346ms responseBytes=29556 engineUrl= http://127.0.0.1:61867 engineId= mimocode
11:22:17 [log] [sess-diag] engineFetch GET /session/ses_ffe5f298357dfffeN82Wln2VmT/recovery -> HTTP 200 elapsed=348ms responseBytes=151 engineUrl= http://127.0.0.1:61867 engineId= mimocode
11:22:17 [log] [sess-diag] engineFetch GET /session/ses_ffe5f298357dfffeN82Wln2VmT/recovery -> HTTP 200 elapsed=232ms responseBytes=151 engineUrl= http://127.0.0.1:61867 engineId= mimocode
11:22:17 [info] [content-review] app=mimo_pc_output_text source=conversation why=flush batch=1579c910ee2a6411 api=/api/audit/check len=58 images=0 sha=3e8622b71c1b session=ses_ffe5f298357dfffeN82Wln2VmT elapsed=833ms verdict=pass reviewId=mimo-mimo_pc_output_text-97268df25a704730937a35bea5e2207d detail=[serverVerdict=pass resultCode=1 subCode=9 aigc=- hints=0 detailsLen=0 resp=[passed=pass resultCode=1 reviewId=mimo-mimo_pc_output_text-97268df25a704730937a35bea5e2207d offlineReason= offlineDetails=[0 chars] hint=[0 items] subCode=9 aigc=null]]
11:22:18 [info] [content-review] app=mimo_pc_output_text source=conversation why=flush batch=680769a53ba60fd4 api=/api/audit/check len=64 images=0 sha=f20c47f77aae session=ses_ffe5f298357dfffeN82Wln2VmT elapsed=451ms verdict=pass reviewId=mimo-mimo_pc_output_text-dc8f2965cf6349c587c3f492bccba027 detail=[serverVerdict=pass resultCode=1 subCode=9 aigc=- hints=0 detailsLen=0 resp=[passed=pass resultCode=1 reviewId=mimo-mimo_pc_output_text-dc8f2965cf6349c587c3f492bccba027 offlineReason= offlineDetails=[0 chars] hint=[0 items] subCode=9 aigc=null]]
11:22:19 [warn] [content-review] app=mimo_pc_output_text source=conversation why=flush batch=39ad2cdab3888382 api=/api/audit/check len=24 images=0 sha=c8b06a87011e session=ses_ffe5f298357dfffeN82Wln2VmT elapsed=1010ms verdict=unavailable reviewId=- reason=[review timeout (1000ms)]
11:22:20 [warn] [content-review] app=mimo_pc_output_text source=conversation why=flush batch=9b53983a191c0e01 api=/api/audit/check len=35 images=0 sha=e66e6dacf015 session=ses_ffe5f298357dfffeN82Wln2VmT elapsed=1008ms verdict=unavailable reviewId=- reason=[review timeout (1000ms)]
11:23:15 [info] [experiment] key=feature_gates id=101197 type=string value={\n    "domestic": { "show_mcp_entry": false, "show_custom_model_button": true, "loop_streak_recovery": true, "show_evolve_entry": true,"show_computeruse": false, "show_browseruse": false, "show_pay": … elapsed=2ms
11:23:15 [info] [feature-gates] refresh: ok (elapsed=27ms)
11:23:50 [info] [config] loading from: https://cdn-exp-sg-recommend.pt.xiaomi.com/service/getClientBitMapExpConf/mimoDesktop(%E6%96%B0%E5%8A%A0%E5%9D%A1)
11:23:51 [info] [config] loaded tree for mimoDesktop(新加坡): children=2, upRuleIds=0
11:23:51 [info] [config] remote config loaded: 1 apps
11:23:51 [info] [config] loaded successfully: 1 apps
11:24:32 [log] [sess-diag] engineFetch GET /experimental/session?roots=true&limit=2000 -> HTTP 200 elapsed=27ms responseBytes=29599 engineUrl= http://127.0.0.1:61867 engineId= (default)
11:24:32 [log] [sess-diag] loadEngineSessions: 原始条数 = 1
11:24:32 [log] [sess-diag] loadEngineSessions: reconcile 后 convos = 1 order = 1
11:24:32 [log] [sess-diag] loadEngineSessions: 耗时(ms) fetch = 70 repoRoots = 6 build+reconcile = 3 set = 1 total = 79
11:24:33 [log] [sess-diag] engineFetch GET /experimental/session?roots=true&limit=2000 -> HTTP 200 elapsed=19ms responseBytes=29599 engineUrl= http://127.0.0.1:61867 engineId= (default)
11:24:33 [log] [sess-diag] loadEngineSessions: 原始条数 = 1
11:24:33 [log] [sess-diag] loadEngineSessions: reconcile 后 convos = 1 order = 1
11:24:33 [log] [sess-diag] loadEngineSessions: 耗时(ms) fetch = 23 repoRoots = 2 build+reconcile = 2 set = 1 total = 28
11:25:25 [log] [sess-diag] engineFetch GET /experimental/session?roots=true&limit=2000 -> HTTP 200 elapsed=92ms responseBytes=29599 engineUrl= http://127.0.0.1:61867 engineId= (default)
11:25:26 [log] [sess-diag] loadEngineSessions: 原始条数 = 1
11:25:26 [log] [sess-diag] loadEngineSessions: reconcile 后 convos = 1 order = 1
11:25:26 [log] [sess-diag] loadEngineSessions: 耗时(ms) fetch = 193 repoRoots = 6 build+reconcile = 3 set = 4 total = 206
11:25:33 [log] [sess-diag] engineFetch GET /experimental/session?roots=true&limit=2000 -> HTTP 200 elapsed=23ms responseBytes=29599 engineUrl= http://127.0.0.1:61867 engineId= (default)
11:25:33 [log] [sess-diag] loadEngineSessions: 原始条数 = 1
11:25:33 [log] [sess-diag] loadEngineSessions: reconcile 后 convos = 1 order = 1
11:25:33 [log] [sess-diag] loadEngineSessions: 耗时(ms) fetch = 31 repoRoots = 62 build+reconcile = 4 set = 1 total = 97
11:25:35 [log] [sess-diag] engineFetch GET /experimental/session?roots=true&limit=2000 -> HTTP 200 elapsed=130ms responseBytes=29599 engineUrl= http://127.0.0.1:61867 engineId= (default)
11:25:35 [log] [sess-diag] loadEngineSessions: 原始条数 = 1
11:25:35 [log] [sess-diag] loadEngineSessions: reconcile 后 convos = 1 order = 1
11:25:35 [log] [sess-diag] loadEngineSessions: 耗时(ms) fetch = 134 repoRoots = 14 build+reconcile = 4 set = 2 total = 154
11:26:03 [log] [sess-diag] engineFetch GET /experimental/session?roots=true&limit=2000 -> HTTP 200 elapsed=36ms responseBytes=29599 engineUrl= http://127.0.0.1:61867 engineId= (default)
11:26:03 [log] [sess-diag] loadEngineSessions: 原始条数 = 1
11:26:03 [log] [sess-diag] loadEngineSessions: reconcile 后 convos = 1 order = 1
11:26:03 [log] [sess-diag] loadEngineSessions: 耗时(ms) fetch = 42 repoRoots = 2 build+reconcile = 2 set = 2 total = 47
11:26:32 [log] [sess-diag] engineFetch GET /experimental/session?roots=true&limit=2000 -> HTTP 200 elapsed=56ms responseBytes=29599 engineUrl= http://127.0.0.1:61867 engineId= (default)
11:26:32 [log] [sess-diag] loadEngineSessions: 原始条数 = 1
11:26:32 [log] [sess-diag] loadEngineSessions: reconcile 后 convos = 1 order = 1
11:26:32 [log] [sess-diag] loadEngineSessions: 耗时(ms) fetch = 61 repoRoots = 3 build+reconcile = 2 set = 1 total = 67
11:26:42 [log] [sess-diag] engineFetch GET /experimental/session?roots=true&limit=2000 -> HTTP 200 elapsed=96ms responseBytes=29599 engineUrl= http://127.0.0.1:61867 engineId= (default)
11:26:42 [log] [sess-diag] loadEngineSessions: 原始条数 = 1
11:26:42 [log] [sess-diag] loadEngineSessions: reconcile 后 convos = 1 order = 1
11:26:42 [log] [sess-diag] loadEngineSessions: 耗时(ms) fetch = 113 repoRoots = 20 build+reconcile = 3 set = 8 total = 144
11:26:44 [log] [sess-diag] engineFetch GET /experimental/session?roots=true&limit=2000 -> HTTP 200 elapsed=60ms responseBytes=29599 engineUrl= http://127.0.0.1:61867 engineId= (default)
11:26:44 [log] [sess-diag] loadEngineSessions: 原始条数 = 1
11:26:44 [log] [sess-diag] loadEngineSessions: reconcile 后 convos = 1 order = 1
11:26:44 [log] [sess-diag] loadEngineSessions: 耗时(ms) fetch = 64 repoRoots = 4 build+reconcile = 1 set = 1 total = 71
11:26:49 [log] [sess-diag] engineFetch GET /experimental/session?roots=true&limit=2000 -> HTTP 200 elapsed=54ms responseBytes=29599 engineUrl= http://127.0.0.1:61867 engineId= (default)
11:26:49 [log] [sess-diag] loadEngineSessions: 原始条数 = 1
11:26:49 [log] [sess-diag] loadEngineSessions: reconcile 后 convos = 1 order = 1
11:26:49 [log] [sess-diag] loadEngineSessions: 耗时(ms) fetch = 57 repoRoots = 2 build+reconcile = 1 set = 1 total = 61
11:27:47 [log] [sess-diag] engineFetch GET /experimental/session?roots=true&limit=2000 -> HTTP 200 elapsed=59ms responseBytes=29599 engineUrl= http://127.0.0.1:61867 engineId= (default)
11:27:47 [log] [sess-diag] loadEngineSessions: 原始条数 = 1
11:27:47 [log] [sess-diag] loadEngineSessions: reconcile 后 convos = 1 order = 1
11:27:47 [log] [sess-diag] loadEngineSessions: 耗时(ms) fetch = 67 repoRoots = 2 build+reconcile = 1 set = 1 total = 71
11:27:55 [info] [intervention] {"stage":"query","at":1790306875580,"requestId":"73a6a7312b3bb822","origin":"b5094fe8d78e452f","elapsedMs":324,"textChars":34,"queryChars":34,"truncated":false,"result":"miss","reviewId":"mimo-intv-mimo_pc_input_text-c0583fccc13c46c39ddfc8b2cb266826"}
11:27:55 [info] [content-review] app=mimo_pc_input_text source=input why=oneshot batch=488195b397eceac6 api=/api/audit/check len=34 images=0 sha=6f4de24aef33 session=ses_ffe5f298357dfffeN82Wln2VmT elapsed=180ms verdict=pass reviewId=mimo-mimo_pc_input_text-770b54d5963648e0a390cf48c8db9948 detail=[serverVerdict=pass resultCode=1 subCode=9 aigc=- hints=0 detailsLen=0 resp=[passed=pass resultCode=1 reviewId=mimo-mimo_pc_input_text-770b54d5963648e0a390cf48c8db9948 offlineReason= offlineDetails=[0 chars] hint=[0 items] subCode=9 aigc=null]]
11:27:55 [info] [intervention] {"stage":"prepared","at":1790306875764,"requestId":"73a6a7312b3bb822","origin":"b5094fe8d78e452f","elapsedMs":508,"textChars":34,"result":"ready","reviewId":"mimo-intv-mimo_pc_input_text-c0583fccc13c46c39ddfc8b2cb266826"}
11:27:55 [info] [intervention] {"stage":"claim","at":1790306875793,"requestId":"73a6a7312b3bb822","origin":"b5094fe8d78e452f","sessionId":"b5094fe8d78e452f","elapsedMs":537,"textChars":34,"reviewId":"mimo-intv-mimo_pc_input_text-c0583fccc13c46c39ddfc8b2cb266826"}
11:27:55 [info] [smart-router] {"origin":"ses_ffe5f298357dfffeN82Wln2VmT","model":"mimo-pro"}
11:27:55 [info] [harness] session origin=ses_ffe5f298357dfffeN82Wln2VmT sid=ses_ffe5f298357dfffeN82Wln2VmT source=user msgLen=34
11:27:55 [info] [turn-power-save] acquired sysId=2 mode=prevent-app-suspension first=run:ses_ffe5f298357dfffeN82Wln2VmT
11:27:56 [info] [intervention] {"stage":"dispatch","at":1790306876084,"requestId":"73a6a7312b3bb822","origin":"b5094fe8d78e452f","runId":"8308e35d32aa46e4","sessionId":"b5094fe8d78e452f","elapsedMs":828,"textChars":34,"reviewId":"mimo-intv-mimo_pc_input_text-c0583fccc13c46c39ddfc8b2cb266826"}
11:27:56 [info] [intervention] {"stage":"user-bound","at":1790306876207,"requestId":"73a6a7312b3bb822","origin":"b5094fe8d78e452f","runId":"8308e35d32aa46e4","sessionId":"b5094fe8d78e452f","userId":"2e6774cc4d7d6987","elapsedMs":951,"textChars":34,"reviewId":"mimo-intv-mimo_pc_input_text-c0583fccc13c46c39ddfc8b2cb266826"}
11:27:56 [info] [intervention] {"stage":"model.start","at":1790306876607,"requestId":"73a6a7312b3bb822","origin":"b5094fe8d78e452f","runId":"8308e35d32aa46e4","sessionId":"b5094fe8d78e452f","userId":"2e6774cc4d7d6987","assistantId":"2c20744197a5fc3b","ephemeral":false,"hasScope":true,"route":"upstream"}
11:27:56 [info] [intervention] {"stage":"fetch.start","at":1790306876618,"requestId":"73a6a7312b3bb822","origin":"b5094fe8d78e452f","runId":"8308e35d32aa46e4","sessionId":"b5094fe8d78e452f","userId":"2e6774cc4d7d6987","assistantId":"2c20744197a5fc3b","ephemeral":false,"hasScope":true,"protocol":"chat-completions","route":"upstream"}
11:28:11 [info] [intervention] {"stage":"fetch.response","at":1790306891343,"requestId":"73a6a7312b3bb822","origin":"b5094fe8d78e452f","runId":"8308e35d32aa46e4","sessionId":"b5094fe8d78e452f","userId":"2e6774cc4d7d6987","assistantId":"2c20744197a5fc3b","elapsedMs":14725,"status":200,"ephemeral":false,"hasScope":true,"protocol":"chat-completions","route":"upstream"}
11:28:19 [info] [content-review/turn-binding] note-no-slot key=ses_ffe5f298357dfffeN82Wln2VmT anchor=msg:msg_g001a0d69afc0a001OADot3XG1
11:28:19 [info] [intervention] {"stage":"output","at":1790306899663,"runId":"8308e35d32aa46e4","sessionId":"b5094fe8d78e452f","assistantId":"2c20744197a5fc3b","textChars":1,"reviewSkipped":false}
11:28:23 [log] [sess-diag] engineFetch GET /experimental/session?roots=true&limit=2000 -> HTTP 200 elapsed=101ms responseBytes=29599 engineUrl= http://127.0.0.1:61867 engineId= (default)
11:28:23 [log] [sess-diag] loadEngineSessions: 原始条数 = 1
11:28:23 [log] [sess-diag] loadEngineSessions: reconcile 后 convos = 1 order = 1
11:28:23 [log] [sess-diag] loadEngineSessions: 耗时(ms) fetch = 106 repoRoots = 11 build+reconcile = 4 set = 5 total = 127
11:28:24 [log] [perm-model-approve] start permission=bash model=mimo-pro
11:28:27 [log] [perm-model-approve] http candidate=session:mimo-pro protocol=openai model=mimo-pro host=mimo-server-cn.xiaomimimo.com probe=false status=200
11:28:27 [log] [perm-model-approve] judge permission=bash candidate=session model=mimo-pro queries=3 decision=ask
11:28:33 [log] [sess-diag] engineFetch GET /experimental/session?roots=true&limit=2000 -> HTTP 200 elapsed=35ms responseBytes=29599 engineUrl= http://127.0.0.1:61867 engineId= (default)
11:28:33 [log] [sess-diag] loadEngineSessions: 原始条数 = 1
11:28:33 [log] [sess-diag] loadEngineSessions: reconcile 后 convos = 1 order = 1
11:28:33 [log] [sess-diag] loadEngineSessions: 耗时(ms) fetch = 46 repoRoots = 7 build+reconcile = 4 set = 4 total = 60
11:28:39 [log] [sess-diag] engineFetch GET /experimental/session?roots=true&limit=2000 -> HTTP 200 elapsed=21ms responseBytes=29599 engineUrl= http://127.0.0.1:61867 engineId= (default)
11:28:39 [log] [sess-diag] loadEngineSessions: 原始条数 = 1
11:28:39 [log] [sess-diag] loadEngineSessions: reconcile 后 convos = 1 order = 1
11:28:39 [log] [sess-diag] loadEngineSessions: 耗时(ms) fetch = 61 repoRoots = 7 build+reconcile = 2 set = 1 total = 71
11:28:57 [log] [perm-autopass] allow permission=bash
11:29:01 [log] [sess-diag] engineFetch GET /experimental/session?roots=true&limit=2000 -> HTTP 200 elapsed=86ms responseBytes=29599 engineUrl= http://127.0.0.1:61867 engineId= (default)
11:29:01 [log] [sess-diag] loadEngineSessions: 原始条数 = 1
11:29:01 [log] [sess-diag] loadEngineSessions: reconcile 后 convos = 1 order = 1
11:29:01 [log] [sess-diag] loadEngineSessions: 耗时(ms) fetch = 95 repoRoots = 11 build+reconcile = 4 set = 3 total = 113
11:29:08 [log] [sess-diag] engineFetch GET /experimental/session?roots=true&limit=2000 -> HTTP 200 elapsed=64ms responseBytes=29599 engineUrl= http://127.0.0.1:61867 engineId= (default)
11:29:08 [log] [sess-diag] loadEngineSessions: 原始条数 = 1
11:29:08 [log] [sess-diag] loadEngineSessions: reconcile 后 convos = 1 order = 1
11:29:08 [log] [sess-diag] loadEngineSessions: 耗时(ms) fetch = 124 repoRoots = 13 build+reconcile = 3 set = 1 total = 141
11:29:12 [info] [intervention] {"stage":"model.start","at":1790306952322,"requestId":"73a6a7312b3bb822","origin":"b5094fe8d78e452f","runId":"8308e35d32aa46e4","sessionId":"b5094fe8d78e452f","userId":"2e6774cc4d7d6987","assistantId":"80d3d9a36161bad6","ephemeral":false,"hasScope":true,"route":"upstream"}
11:29:12 [info] [intervention] {"stage":"fetch.start","at":1790306952331,"requestId":"73a6a7312b3bb822","origin":"b5094fe8d78e452f","runId":"8308e35d32aa46e4","sessionId":"b5094fe8d78e452f","userId":"2e6774cc4d7d6987","assistantId":"80d3d9a36161bad6","ephemeral":false,"hasScope":true,"protocol":"chat-completions","route":"upstream"}
11:29:16 [info] [intervention] {"stage":"fetch.response","at":1790306956242,"requestId":"73a6a7312b3bb822","origin":"b5094fe8d78e452f","runId":"8308e35d32aa46e4","sessionId":"b5094fe8d78e452f","userId":"2e6774cc4d7d6987","assistantId":"80d3d9a36161bad6","elapsedMs":3911,"status":200,"ephemeral":false,"hasScope":true,"protocol":"chat-completions","route":"upstream"}
11:29:30 [info] [intervention] {"stage":"output","at":1790306970896,"runId":"8308e35d32aa46e4","sessionId":"b5094fe8d78e452f","assistantId":"80d3d9a36161bad6","textChars":4,"reviewSkipped":false}
11:29:33 [log] [sess-diag] engineFetch GET /experimental/session?roots=true&limit=2000 -> HTTP 200 elapsed=31ms responseBytes=29599 engineUrl= http://127.0.0.1:61867 engineId= (default)
11:29:33 [log] [sess-diag] loadEngineSessions: 原始条数 = 1
11:29:33 [log] [sess-diag] loadEngineSessions: reconcile 后 convos = 1 order = 1
11:29:33 [log] [sess-diag] loadEngineSessions: 耗时(ms) fetch = 37 repoRoots = 10 build+reconcile = 3 set = 2 total = 52
11:29:51 [log] [sess-diag] engineFetch GET /experimental/session?roots=true&limit=2000 -> HTTP 200 elapsed=69ms responseBytes=29599 engineUrl= http://127.0.0.1:61867 engineId= (default)
11:29:51 [log] [sess-diag] loadEngineSessions: 原始条数 = 1
11:29:51 [log] [sess-diag] loadEngineSessions: reconcile 后 convos = 1 order = 1
11:29:51 [log] [sess-diag] loadEngineSessions: 耗时(ms) fetch = 118 repoRoots = 19 build+reconcile = 6 set = 2 total = 145
11:30:03 [log] [sess-diag] engineFetch GET /experimental/session?roots=true&limit=2000 -> HTTP 200 elapsed=35ms responseBytes=29599 engineUrl= http://127.0.0.1:61867 engineId= (default)
11:30:03 [log] [sess-diag] loadEngineSessions: 原始条数 = 1
11:30:03 [log] [sess-diag] loadEngineSessions: reconcile 后 convos = 1 order = 1
11:30:03 [log] [sess-diag] loadEngineSessions: 耗时(ms) fetch = 42 repoRoots = 10 build+reconcile = 2 set = 3 total = 56
11:30:33 [log] [sess-diag] engineFetch GET /experimental/session?roots=true&limit=2000 -> HTTP 200 elapsed=49ms responseBytes=29599 engineUrl= http://127.0.0.1:61867 engineId= (default)
11:30:33 [log] [sess-diag] loadEngineSessions: 原始条数 = 1
11:30:33 [log] [sess-diag] loadEngineSessions: reconcile 后 convos = 1 order = 1
11:30:33 [log] [sess-diag] loadEngineSessions: 耗时(ms) fetch = 168 repoRoots = 14 build+reconcile = 4 set = 2 total = 187
11:31:01 [log] [sess-diag] engineFetch GET /experimental/session?roots=true&limit=2000 -> HTTP 200 elapsed=45ms responseBytes=29599 engineUrl= http://127.0.0.1:61867 engineId= (default)
11:31:01 [log] [sess-diag] loadEngineSessions: 原始条数 = 1
11:31:01 [log] [sess-diag] loadEngineSessions: reconcile 后 convos = 1 order = 1
11:31:01 [log] [sess-diag] loadEngineSessions: 耗时(ms) fetch = 84 repoRoots = 9 build+reconcile = 3 set = 2 total = 97
11:31:03 [log] [sess-diag] engineFetch GET /experimental/session?roots=true&limit=2000 -> HTTP 200 elapsed=32ms responseBytes=29599 engineUrl= http://127.0.0.1:61867 engineId= (default)
11:31:03 [log] [sess-diag] loadEngineSessions: 原始条数 = 1
11:31:03 [log] [sess-diag] loadEngineSessions: reconcile 后 convos = 1 order = 1
11:31:03 [log] [sess-diag] loadEngineSessions: 耗时(ms) fetch = 38 repoRoots = 9 build+reconcile = 2 set = 1 total = 51
11:31:33 [log] [sess-diag] engineFetch GET /experimental/session?roots=true&limit=2000 -> HTTP 200 elapsed=31ms responseBytes=29599 engineUrl= http://127.0.0.1:61867 engineId= (default)
11:31:33 [log] [sess-diag] loadEngineSessions: 原始条数 = 1
11:31:33 [log] [sess-diag] loadEngineSessions: reconcile 后 convos = 1 order = 1
11:31:33 [log] [sess-diag] loadEngineSessions: 耗时(ms) fetch = 37 repoRoots = 9 build+reconcile = 4 set = 3 total = 53
11:33:14 [log] [sess-diag] engineFetch GET /experimental/session?roots=true&limit=2000 -> HTTP 200 elapsed=80ms responseBytes=29599 engineUrl= http://127.0.0.1:61867 engineId= (default)
11:33:14 [log] [sess-diag] loadEngineSessions: 原始条数 = 1
11:33:14 [log] [sess-diag] loadEngineSessions: reconcile 后 convos = 1 order = 1
11:33:14 [log] [sess-diag] loadEngineSessions: 耗时(ms) fetch = 127 repoRoots = 18 build+reconcile = 13 set = 3 total = 160
11:33:15 [info] [experiment] key=feature_gates id=101197 type=string value={\n    "domestic": { "show_mcp_entry": false, "show_custom_model_button": true, "loop_streak_recovery": true, "show_evolve_entry": true,"show_computeruse": false, "show_browseruse": false, "show_pay": … elapsed=2ms
11:33:15 [info] [feature-gates] refresh: ok (elapsed=17ms)
11:33:33 [log] [sess-diag] engineFetch GET /experimental/session?roots=true&limit=2000 -> HTTP 200 elapsed=36ms responseBytes=29599 engineUrl= http://127.0.0.1:61867 engineId= (default)
11:33:33 [log] [sess-diag] loadEngineSessions: 原始条数 = 1
11:33:33 [log] [sess-diag] loadEngineSessions: reconcile 后 convos = 1 order = 1
11:33:33 [log] [sess-diag] loadEngineSessions: 耗时(ms) fetch = 44 repoRoots = 9 build+reconcile = 7 set = 3 total = 63
11:33:50 [info] [config] loading from: https://cdn-exp-sg-recommend.pt.xiaomi.com/service/getClientBitMapExpConf/mimoDesktop(%E6%96%B0%E5%8A%A0%E5%9D%A1)
11:34:02 [error] [config] reload failed: getaddrinfo ENOTFOUND cdn-exp-sg-recommend.pt.xiaomi.com
11:34:03 [log] [sess-diag] engineFetch GET /experimental/session?roots=true&limit=2000 -> HTTP 200 elapsed=34ms responseBytes=29599 engineUrl= http://127.0.0.1:61867 engineId= (default)
11:34:03 [log] [sess-diag] loadEngineSessions: 原始条数 = 1
11:34:03 [log] [sess-diag] loadEngineSessions: reconcile 后 convos = 1 order = 1
11:34:03 [log] [sess-diag] loadEngineSessions: 耗时(ms) fetch = 40 repoRoots = 8 build+reconcile = 3 set = 2 total = 53
11:34:33 [log] [sess-diag] engineFetch GET /experimental/session?roots=true&limit=2000 -> HTTP 200 elapsed=34ms responseBytes=29599 engineUrl= http://127.0.0.1:61867 engineId= (default)
11:34:33 [log] [sess-diag] loadEngineSessions: 原始条数 = 1
11:34:33 [log] [sess-diag] loadEngineSessions: reconcile 后 convos = 1 order = 1
11:34:33 [log] [sess-diag] loadEngineSessions: 耗时(ms) fetch = 40 repoRoots = 9 build+reconcile = 4 set = 2 total = 54
11:34:56 [info] [intervention] {"stage":"closed","at":1790307296970,"requestId":"73a6a7312b3bb822","origin":"b5094fe8d78e452f","runId":"8308e35d32aa46e4","sessionId":"b5094fe8d78e452f","userId":"2e6774cc4d7d6987","elapsedMs":421714,"textChars":34,"reviewId":"mimo-intv-mimo_pc_input_text-c0583fccc13c46c39ddfc8b2cb266826"}
11:34:56 [info] [turn-power-save] released sysId=2 last=run:ses_ffe5f298357dfffeN82Wln2VmT
11:34:57 [log] [sess-diag] engineFetch GET /session/ses_ffe5f298357dfffeN82Wln2VmT/task -> HTTP 200 elapsed=262ms responseBytes=1334 engineUrl= http://127.0.0.1:61867 engineId= mimocode
11:34:57 [log] [sess-diag] engineFetch GET /session/ses_ffe5f298357dfffeN82Wln2VmT -> HTTP 200 elapsed=250ms responseBytes=29556 engineUrl= http://127.0.0.1:61867 engineId= mimocode
11:34:57 [log] [sess-diag] engineFetch GET /session/ses_ffe5f298357dfffeN82Wln2VmT/recovery -> HTTP 200 elapsed=250ms responseBytes=151 engineUrl= http://127.0.0.1:61867 engineId= mimocode
11:34:57 [warn] [content-review] app=mimo_pc_output_text source=conversation why=flush batch=0cb4a5aee8ec489a api=/api/audit/check len=43 images=0 sha=d485456d81d3 session=ses_ffe5f298357dfffeN82Wln2VmT elapsed=1003ms verdict=unavailable reviewId=- reason=[review timeout (1000ms)]
11:34:58 [warn] [content-review] app=mimo_pc_output_text source=conversation why=flush batch=a1b3edba1b0f2ab9 api=/api/audit/check len=77 images=0 sha=62ea10af36eb session=ses_ffe5f298357dfffeN82Wln2VmT elapsed=1006ms verdict=unavailable reviewId=- reason=[review timeout (1000ms)]
11:35:03 [log] [sess-diag] engineFetch GET /experimental/session?roots=true&limit=2000 -> HTTP 200 elapsed=37ms responseBytes=29599 engineUrl= http://127.0.0.1:61867 engineId= (default)
11:35:03 [log] [sess-diag] loadEngineSessions: 原始条数 = 1
11:35:03 [log] [sess-diag] loadEngineSessions: reconcile 后 convos = 1 order = 1
11:35:03 [log] [sess-diag] loadEngineSessions: 耗时(ms) fetch = 44 repoRoots = 3 build+reconcile = 4 set = 2 total = 53
11:35:12 [info] [intervention] {"stage":"query","at":1790307312956,"requestId":"64f1a592fd104902","origin":"b5094fe8d78e452f","elapsedMs":376,"textChars":12,"queryChars":12,"truncated":false,"result":"miss","reviewId":"mimo-intv-mimo_pc_input_text-34c84354f2594c759eeec95d54753723"}
11:35:13 [info] [content-review] app=mimo_pc_input_text source=input why=oneshot batch=7160e7e6da6aedd3 api=/api/audit/check len=8 images=0 sha=cbb97387b7c2 session=ses_ffe5f298357dfffeN82Wln2VmT elapsed=195ms verdict=pass reviewId=mimo-mimo_pc_input_text-8f7a27a3e1d345ecb3d7c5a2ba7eb7f6 detail=[serverVerdict=pass resultCode=1 subCode=9 aigc=- hints=0 detailsLen=0 resp=[passed=pass resultCode=1 reviewId=mimo-mimo_pc_input_text-8f7a27a3e1d345ecb3d7c5a2ba7eb7f6 offlineReason= offlineDetails=[0 chars] hint=[0 items] subCode=9 aigc=null]]
11:35:13 [info] [intervention] {"stage":"prepared","at":1790307313155,"requestId":"64f1a592fd104902","origin":"b5094fe8d78e452f","elapsedMs":575,"textChars":12,"result":"ready","reviewId":"mimo-intv-mimo_pc_input_text-34c84354f2594c759eeec95d54753723"}
11:35:13 [info] [intervention] {"stage":"claim","at":1790307313183,"requestId":"64f1a592fd104902","origin":"b5094fe8d78e452f","sessionId":"b5094fe8d78e452f","elapsedMs":603,"textChars":12,"reviewId":"mimo-intv-mimo_pc_input_text-34c84354f2594c759eeec95d54753723"}
11:35:13 [info] [smart-router] {"origin":"ses_ffe5f298357dfffeN82Wln2VmT","model":"mimo-pro"}
11:35:13 [info] [harness] session origin=ses_ffe5f298357dfffeN82Wln2VmT sid=ses_ffe5f298357dfffeN82Wln2VmT source=user msgLen=8
11:35:13 [info] [turn-power-save] acquired sysId=3 mode=prevent-app-suspension first=run:ses_ffe5f298357dfffeN82Wln2VmT
11:35:13 [info] [intervention] {"stage":"dispatch","at":1790307313337,"requestId":"64f1a592fd104902","origin":"b5094fe8d78e452f","runId":"7ec4c57bf0928db9","sessionId":"b5094fe8d78e452f","elapsedMs":757,"textChars":12,"reviewId":"mimo-intv-mimo_pc_input_text-34c84354f2594c759eeec95d54753723"}
11:35:13 [info] [intervention] {"stage":"user-bound","at":1790307313399,"requestId":"64f1a592fd104902","origin":"b5094fe8d78e452f","runId":"7ec4c57bf0928db9","sessionId":"b5094fe8d78e452f","userId":"663787dc493772ac","elapsedMs":819,"textChars":12,"reviewId":"mimo-intv-mimo_pc_input_text-34c84354f2594c759eeec95d54753723"}
11:35:13 [info] [intervention] {"stage":"model.start","at":1790307313823,"requestId":"64f1a592fd104902","origin":"b5094fe8d78e452f","runId":"7ec4c57bf0928db9","sessionId":"b5094fe8d78e452f","userId":"663787dc493772ac","assistantId":"4662948f44b8e5a5","ephemeral":false,"hasScope":true,"route":"upstream"}
11:35:13 [info] [intervention] {"stage":"fetch.start","at":1790307313835,"requestId":"64f1a592fd104902","origin":"b5094fe8d78e452f","runId":"7ec4c57bf0928db9","sessionId":"b5094fe8d78e452f","userId":"663787dc493772ac","assistantId":"4662948f44b8e5a5","ephemeral":false,"hasScope":true,"protocol":"chat-completions","route":"upstream"}
11:35:15 [info] [intervention] {"stage":"fetch.response","at":1790307315856,"requestId":"64f1a592fd104902","origin":"b5094fe8d78e452f","runId":"7ec4c57bf0928db9","sessionId":"b5094fe8d78e452f","userId":"663787dc493772ac","assistantId":"4662948f44b8e5a5","elapsedMs":2021,"status":200,"ephemeral":false,"hasScope":true,"protocol":"chat-completions","route":"upstream"}
11:35:19 [info] [content-review/turn-binding] note-no-slot key=ses_ffe5f298357dfffeN82Wln2VmT anchor=msg:msg_g001a0d6a1a788001C26mKhcHi
11:35:19 [info] [intervention] {"stage":"output","at":1790307319077,"runId":"7ec4c57bf0928db9","sessionId":"b5094fe8d78e452f","assistantId":"4662948f44b8e5a5","textChars":2,"reviewSkipped":false}
11:35:22 [log] [perm-autopass] allow permission=bash
11:35:30 [log] [perm-autopass] allow permission=bash
11:35:33 [log] [sess-diag] engineFetch GET /experimental/session?roots=true&limit=2000 -> HTTP 200 elapsed=27ms responseBytes=29599 engineUrl= http://127.0.0.1:61867 engineId= (default)
11:35:33 [log] [sess-diag] loadEngineSessions: 原始条数 = 1
11:35:33 [log] [sess-diag] loadEngineSessions: reconcile 后 convos = 1 order = 1
11:35:33 [log] [sess-diag] loadEngineSessions: 耗时(ms) fetch = 32 repoRoots = 10 build+reconcile = 4 set = 2 total = 47
11:35:36 [info] [intervention] {"stage":"model.start","at":1790307336808,"requestId":"64f1a592fd104902","origin":"b5094fe8d78e452f","runId":"7ec4c57bf0928db9","sessionId":"b5094fe8d78e452f","userId":"663787dc493772ac","assistantId":"80c8e4b1c4bd1e49","ephemeral":false,"hasScope":true,"route":"upstream"}
11:35:36 [info] [intervention] {"stage":"fetch.start","at":1790307336816,"requestId":"64f1a592fd104902","origin":"b5094fe8d78e452f","runId":"7ec4c57bf0928db9","sessionId":"b5094fe8d78e452f","userId":"663787dc493772ac","assistantId":"80c8e4b1c4bd1e49","ephemeral":false,"hasScope":true,"protocol":"chat-completions","route":"upstream"}
11:35:46 [info] [intervention] {"stage":"fetch.response","at":1790307346158,"requestId":"64f1a592fd104902","origin":"b5094fe8d78e452f","runId":"7ec4c57bf0928db9","sessionId":"b5094fe8d78e452f","userId":"663787dc493772ac","assistantId":"80c8e4b1c4bd1e49","elapsedMs":9342,"status":200,"ephemeral":false,"hasScope":true,"protocol":"chat-completions","route":"upstream"}
11:35:52 [log] [perm-autopass] allow permission=bash
11:35:58 [log] [perm-autopass] allow permission=bash
11:36:03 [log] [sess-diag] engineFetch GET /experimental/session?roots=true&limit=2000 -> HTTP 200 elapsed=35ms responseBytes=29599 engineUrl= http://127.0.0.1:61867 engineId= (default)
11:36:03 [log] [sess-diag] loadEngineSessions: 原始条数 = 1
11:36:03 [log] [sess-diag] loadEngineSessions: reconcile 后 convos = 1 order = 1
11:36:03 [log] [sess-diag] loadEngineSessions: 耗时(ms) fetch = 161 repoRoots = 15 build+reconcile = 3 set = 2 total = 181
11:36:08 [info] [intervention] {"stage":"model.start","at":1790307368575,"requestId":"64f1a592fd104902","origin":"b5094fe8d78e452f","runId":"7ec4c57bf0928db9","sessionId":"b5094fe8d78e452f","userId":"663787dc493772ac","assistantId":"58963e8693a2b960","ephemeral":false,"hasScope":true,"route":"upstream"}
11:36:08 [info] [intervention] {"stage":"fetch.start","at":1790307368583,"requestId":"64f1a592fd104902","origin":"b5094fe8d78e452f","runId":"7ec4c57bf0928db9","sessionId":"b5094fe8d78e452f","userId":"663787dc493772ac","assistantId":"58963e8693a2b960","ephemeral":false,"hasScope":true,"protocol":"chat-completions","route":"upstream"}
11:36:15 [info] [intervention] {"stage":"fetch.response","at":1790307375483,"requestId":"64f1a592fd104902","origin":"b5094fe8d78e452f","runId":"7ec4c57bf0928db9","sessionId":"b5094fe8d78e452f","userId":"663787dc493772ac","assistantId":"58963e8693a2b960","elapsedMs":6900,"status":200,"ephemeral":false,"hasScope":true,"protocol":"chat-completions","route":"upstream"}
11:36:21 [info] [intervention] {"stage":"output","at":1790307381942,"runId":"7ec4c57bf0928db9","sessionId":"b5094fe8d78e452f","assistantId":"58963e8693a2b960","textChars":2,"reviewSkipped":false}
11:36:33 [log] [sess-diag] engineFetch GET /experimental/session?roots=true&limit=2000 -> HTTP 200 elapsed=50ms responseBytes=29599 engineUrl= http://127.0.0.1:61867 engineId= (default)
11:36:33 [log] [sess-diag] loadEngineSessions: 原始条数 = 1
11:36:33 [log] [sess-diag] loadEngineSessions: reconcile 后 convos = 1 order = 1
11:36:33 [log] [sess-diag] loadEngineSessions: 耗时(ms) fetch = 59 repoRoots = 8 build+reconcile = 4 set = 3 total = 74
11:36:34 [log] [perm-autopass] allow permission=bash
11:36:43 [log] [perm-autopass] allow permission=bash
11:36:51 [log] [perm-autopass] allow permission=bash
11:37:00 [info] [intervention] {"stage":"model.start","at":1790307420496,"requestId":"64f1a592fd104902","origin":"b5094fe8d78e452f","runId":"7ec4c57bf0928db9","sessionId":"b5094fe8d78e452f","userId":"663787dc493772ac","assistantId":"2eb666e22e632a8a","ephemeral":false,"hasScope":true,"route":"upstream"}
11:37:00 [info] [intervention] {"stage":"fetch.start","at":1790307420504,"requestId":"64f1a592fd104902","origin":"b5094fe8d78e452f","runId":"7ec4c57bf0928db9","sessionId":"b5094fe8d78e452f","userId":"663787dc493772ac","assistantId":"2eb666e22e632a8a","ephemeral":false,"hasScope":true,"protocol":"chat-completions","route":"upstream"}
11:37:03 [log] [sess-diag] engineFetch GET /experimental/session?roots=true&limit=2000 -> HTTP 200 elapsed=36ms responseBytes=29599 engineUrl= http://127.0.0.1:61867 engineId= (default)
11:37:03 [log] [sess-diag] loadEngineSessions: 原始条数 = 1
11:37:03 [log] [sess-diag] loadEngineSessions: reconcile 后 convos = 1 order = 1
11:37:03 [log] [sess-diag] loadEngineSessions: 耗时(ms) fetch = 45 repoRoots = 12 build+reconcile = 5 set = 3 total = 65
11:37:10 [info] [intervention] {"stage":"fetch.response","at":1790307430340,"requestId":"64f1a592fd104902","origin":"b5094fe8d78e452f","runId":"7ec4c57bf0928db9","sessionId":"b5094fe8d78e452f","userId":"663787dc493772ac","assistantId":"2eb666e22e632a8a","elapsedMs":9836,"status":200,"ephemeral":false,"hasScope":true,"protocol":"chat-completions","route":"upstream"}
11:37:29 [log] [perm-autopass] allow permission=bash
11:37:33 [log] [sess-diag] engineFetch GET /experimental/session?roots=true&limit=2000 -> HTTP 200 elapsed=32ms responseBytes=29599 engineUrl= http://127.0.0.1:61867 engineId= (default)
11:37:33 [log] [sess-diag] loadEngineSessions: 原始条数 = 1
11:37:34 [log] [sess-diag] loadEngineSessions: reconcile 后 convos = 1 order = 1
11:37:34 [log] [sess-diag] loadEngineSessions: 耗时(ms) fetch = 88 repoRoots = 43 build+reconcile = 3 set = 2 total = 136
11:37:37 [log] [perm-autopass] allow permission=bash
11:37:50 [info] [intervention] {"stage":"model.start","at":1790307470959,"requestId":"64f1a592fd104902","origin":"b5094fe8d78e452f","runId":"7ec4c57bf0928db9","sessionId":"b5094fe8d78e452f","userId":"663787dc493772ac","assistantId":"c961a1f207bc5502","ephemeral":false,"hasScope":true,"route":"upstream"}
11:37:50 [info] [intervention] {"stage":"fetch.start","at":1790307470967,"requestId":"64f1a592fd104902","origin":"b5094fe8d78e452f","runId":"7ec4c57bf0928db9","sessionId":"b5094fe8d78e452f","userId":"663787dc493772ac","assistantId":"c961a1f207bc5502","ephemeral":false,"hasScope":true,"protocol":"chat-completions","route":"upstream"}
11:37:54 [info] [intervention] {"stage":"fetch.response","at":1790307474947,"requestId":"64f1a592fd104902","origin":"b5094fe8d78e452f","runId":"7ec4c57bf0928db9","sessionId":"b5094fe8d78e452f","userId":"663787dc493772ac","assistantId":"c961a1f207bc5502","elapsedMs":3980,"status":200,"ephemeral":false,"hasScope":true,"protocol":"chat-completions","route":"upstream"}
11:38:02 [log] [perm-autopass] allow permission=bash
11:38:03 [log] [sess-diag] engineFetch GET /experimental/session?roots=true&limit=2000 -> HTTP 200 elapsed=35ms responseBytes=29599 engineUrl= http://127.0.0.1:61867 engineId= (default)
11:38:03 [log] [sess-diag] loadEngineSessions: 原始条数 = 1
11:38:03 [log] [sess-diag] loadEngineSessions: reconcile 后 convos = 1 order = 1
11:38:03 [log] [sess-diag] loadEngineSessions: 耗时(ms) fetch = 57 repoRoots = 12 build+reconcile = 4 set = 2 total = 75
11:38:08 [log] [perm-autopass] allow permission=bash
11:38:16 [log] [perm-autopass] allow permission=bash
11:38:33 [log] [sess-diag] engineFetch GET /experimental/session?roots=true&limit=2000 -> HTTP 200 elapsed=32ms responseBytes=29599 engineUrl= http://127.0.0.1:61867 engineId= (default)
11:38:33 [log] [sess-diag] loadEngineSessions: 原始条数 = 1
11:38:33 [log] [sess-diag] loadEngineSessions: reconcile 后 convos = 1 order = 1
11:38:33 [log] [sess-diag] loadEngineSessions: 耗时(ms) fetch = 39 repoRoots = 27 build+reconcile = 2 set = 1 total = 69
11:38:34 [info] [intervention] {"stage":"model.start","at":1790307514631,"requestId":"64f1a592fd104902","origin":"b5094fe8d78e452f","runId":"7ec4c57bf0928db9","sessionId":"b5094fe8d78e452f","userId":"663787dc493772ac","assistantId":"bbb7a552625d437d","ephemeral":false,"hasScope":true,"route":"upstream"}
11:38:34 [info] [intervention] {"stage":"fetch.start","at":1790307514652,"requestId":"64f1a592fd104902","origin":"b5094fe8d78e452f","runId":"7ec4c57bf0928db9","sessionId":"b5094fe8d78e452f","userId":"663787dc493772ac","assistantId":"bbb7a552625d437d","ephemeral":false,"hasScope":true,"protocol":"chat-completions","route":"upstream"}
11:38:47 [info] [intervention] {"stage":"fetch.response","at":1790307527295,"requestId":"64f1a592fd104902","origin":"b5094fe8d78e452f","runId":"7ec4c57bf0928db9","sessionId":"b5094fe8d78e452f","userId":"663787dc493772ac","assistantId":"bbb7a552625d437d","elapsedMs":12643,"status":200,"ephemeral":false,"hasScope":true,"protocol":"chat-completions","route":"upstream"}
11:39:03 [log] [sess-diag] engineFetch GET /experimental/session?roots=true&limit=2000 -> HTTP 200 elapsed=37ms responseBytes=29599 engineUrl= http://127.0.0.1:61867 engineId= (default)
11:39:03 [log] [sess-diag] loadEngineSessions: 原始条数 = 1
11:39:03 [log] [sess-diag] loadEngineSessions: reconcile 后 convos = 1 order = 1
11:39:03 [log] [sess-diag] loadEngineSessions: 耗时(ms) fetch = 56 repoRoots = 9 build+reconcile = 2 set = 1 total = 68
11:39:33 [log] [sess-diag] engineFetch GET /experimental/session?roots=true&limit=2000 -> HTTP 200 elapsed=33ms responseBytes=29599 engineUrl= http://127.0.0.1:61867 engineId= (default)
11:39:33 [log] [sess-diag] loadEngineSessions: 原始条数 = 1
11:39:33 [log] [sess-diag] loadEngineSessions: reconcile 后 convos = 1 order = 1
11:39:33 [log] [sess-diag] loadEngineSessions: 耗时(ms) fetch = 39 repoRoots = 9 build+reconcile = 2 set = 1 total = 51
11:40:03 [log] [sess-diag] engineFetch GET /experimental/session?roots=true&limit=2000 -> HTTP 200 elapsed=39ms responseBytes=29599 engineUrl= http://127.0.0.1:61867 engineId= (default)
11:40:03 [log] [sess-diag] loadEngineSessions: 原始条数 = 1
11:40:03 [log] [sess-diag] loadEngineSessions: reconcile 后 convos = 1 order = 1
11:40:03 [log] [sess-diag] loadEngineSessions: 耗时(ms) fetch = 58 repoRoots = 11 build+reconcile = 3 set = 2 total = 74
11:40:33 [log] [sess-diag] engineFetch GET /experimental/session?roots=true&limit=2000 -> HTTP 200 elapsed=38ms responseBytes=29599 engineUrl= http://127.0.0.1:61867 engineId= (default)
11:40:33 [log] [sess-diag] loadEngineSessions: 原始条数 = 1
11:40:33 [log] [sess-diag] loadEngineSessions: reconcile 后 convos = 1 order = 1
11:40:33 [log] [sess-diag] loadEngineSessions: 耗时(ms) fetch = 57 repoRoots = 13 build+reconcile = 2 set = 3 total = 74
11:41:03 [log] [sess-diag] engineFetch GET /experimental/session?roots=true&limit=2000 -> HTTP 200 elapsed=32ms responseBytes=29599 engineUrl= http://127.0.0.1:61867 engineId= (default)
11:41:03 [log] [sess-diag] loadEngineSessions: 原始条数 = 1
11:41:03 [log] [sess-diag] loadEngineSessions: reconcile 后 convos = 1 order = 1
11:41:03 [log] [sess-diag] loadEngineSessions: 耗时(ms) fetch = 38 repoRoots = 7 build+reconcile = 2 set = 1 total = 48
11:41:33 [log] [sess-diag] engineFetch GET /experimental/session?roots=true&limit=2000 -> HTTP 200 elapsed=55ms responseBytes=29599 engineUrl= http://127.0.0.1:61867 engineId= (default)
11:41:33 [log] [sess-diag] loadEngineSessions: 原始条数 = 1
11:41:33 [log] [sess-diag] loadEngineSessions: reconcile 后 convos = 1 order = 1
11:41:33 [log] [sess-diag] loadEngineSessions: 耗时(ms) fetch = 185 repoRoots = 3 build+reconcile = 2 set = 2 total = 191
11:42:03 [log] [sess-diag] engineFetch GET /experimental/session?roots=true&limit=2000 -> HTTP 200 elapsed=34ms responseBytes=29599 engineUrl= http://127.0.0.1:61867 engineId= (default)
11:42:03 [log] [sess-diag] loadEngineSessions: 原始条数 = 1
11:42:03 [log] [sess-diag] loadEngineSessions: reconcile 后 convos = 1 order = 1
11:42:03 [log] [sess-diag] loadEngineSessions: 耗时(ms) fetch = 41 repoRoots = 10 build+reconcile = 2 set = 2 total = 55
11:42:33 [log] [sess-diag] engineFetch GET /experimental/session?roots=true&limit=2000 -> HTTP 200 elapsed=37ms responseBytes=29599 engineUrl= http://127.0.0.1:61867 engineId= (default)
11:42:33 [log] [sess-diag] loadEngineSessions: 原始条数 = 1
11:42:33 [log] [sess-diag] loadEngineSessions: reconcile 后 convos = 1 order = 1
11:42:33 [log] [sess-diag] loadEngineSessions: 耗时(ms) fetch = 55 repoRoots = 8 build+reconcile = 2 set = 1 total = 66
11:43:03 [log] [sess-diag] engineFetch GET /experimental/session?roots=true&limit=2000 -> HTTP 200 elapsed=39ms responseBytes=29599 engineUrl= http://127.0.0.1:61867 engineId= (default)
11:43:03 [log] [sess-diag] loadEngineSessions: 原始条数 = 1
11:43:03 [log] [sess-diag] loadEngineSessions: reconcile 后 convos = 1 order = 1
11:43:03 [log] [sess-diag] loadEngineSessions: 耗时(ms) fetch = 68 repoRoots = 3 build+reconcile = 2 set = 2 total = 74
11:43:15 [info] [experiment] key=feature_gates id=101197 type=string value={\n    "domestic": { "show_mcp_entry": false, "show_custom_model_button": true, "loop_streak_recovery": true, "show_evolve_entry": true,"show_computeruse": false, "show_browseruse": false, "show_pay": … elapsed=2ms
11:43:15 [info] [feature-gates] refresh: ok (elapsed=41ms)
11:43:33 [log] [sess-diag] engineFetch GET /experimental/session?roots=true&limit=2000 -> HTTP 200 elapsed=36ms responseBytes=29599 engineUrl= http://127.0.0.1:61867 engineId= (default)
11:43:33 [log] [sess-diag] loadEngineSessions: 原始条数 = 1
11:43:33 [log] [sess-diag] loadEngineSessions: reconcile 后 convos = 1 order = 1
11:43:33 [log] [sess-diag] loadEngineSessions: 耗时(ms) fetch = 44 repoRoots = 12 build+reconcile = 5 set = 2 total = 62
11:43:50 [info] [config] loading from: https://cdn-exp-sg-recommend.pt.xiaomi.com/service/getClientBitMapExpConf/mimoDesktop(%E6%96%B0%E5%8A%A0%E5%9D%A1)
11:43:51 [info] [config] loaded tree for mimoDesktop(新加坡): children=2, upRuleIds=0
11:43:51 [info] [config] remote config loaded: 1 apps
11:43:51 [info] [config] loaded successfully: 1 apps
11:44:03 [log] [sess-diag] engineFetch GET /experimental/session?roots=true&limit=2000 -> HTTP 200 elapsed=31ms responseBytes=29599 engineUrl= http://127.0.0.1:61867 engineId= (default)
11:44:03 [log] [sess-diag] loadEngineSessions: 原始条数 = 1
11:44:03 [log] [sess-diag] loadEngineSessions: reconcile 后 convos = 1 order = 1
11:44:03 [log] [sess-diag] loadEngineSessions: 耗时(ms) fetch = 35 repoRoots = 16 build+reconcile = 2 set = 2 total = 55
11:44:33 [log] [sess-diag] engineFetch GET /experimental/session?roots=true&limit=2000 -> HTTP 200 elapsed=35ms responseBytes=29599 engineUrl= http://127.0.0.1:61867 engineId= (default)
11:44:33 [log] [sess-diag] loadEngineSessions: 原始条数 = 1
11:44:33 [log] [sess-diag] loadEngineSessions: reconcile 后 convos = 1 order = 1
11:44:33 [log] [sess-diag] loadEngineSessions: 耗时(ms) fetch = 43 repoRoots = 14 build+reconcile = 3 set = 2 total = 62
11:44:58 [log] [sess-diag] engineFetch GET /experimental/session?roots=true&limit=2000 -> HTTP 200 elapsed=56ms responseBytes=29599 engineUrl= http://127.0.0.1:61867 engineId= (default)
11:44:58 [log] [sess-diag] loadEngineSessions: 原始条数 = 1
11:44:58 [log] [sess-diag] loadEngineSessions: reconcile 后 convos = 1 order = 1
11:44:58 [log] [sess-diag] loadEngineSessions: 耗时(ms) fetch = 62 repoRoots = 3 build+reconcile = 2 set = 1 total = 68
11:45:00 [info] [intervention] {"stage":"closed","at":1790307900146,"requestId":"64f1a592fd104902","origin":"b5094fe8d78e452f","runId":"7ec4c57bf0928db9","sessionId":"b5094fe8d78e452f","userId":"663787dc493772ac","elapsedMs":587566,"textChars":12,"reviewId":"mimo-intv-mimo_pc_input_text-34c84354f2594c759eeec95d54753723"}
11:45:00 [info] [turn-power-save] released sysId=3 last=run:ses_ffe5f298357dfffeN82Wln2VmT
11:45:00 [log] [sess-diag] [white-screen-up] {"id":"ses_ffe5f298357dfffeN82Wln2VmT","upDelta":4400.666748046875,"prevTop":6495.33349609375,"top":2094.666748046875,"clientHeight":883,"prevScrollHeight":7378,"scrollHeight":2977,"following":true,"lastPinSource":"floor","stack":"Error: white-screen-up-scroll\n    at Fn (app://-/renderer/assets/ThreadView-D9cl-a57.js:1:5217)\n    at HTMLDivElement.A (app://-/renderer/assets/ThreadView-D9cl-a57.js:1:24046)"}
11:45:00 [log] [sess-diag] engineFetch GET /session/ses_ffe5f298357dfffeN82Wln2VmT/task -> HTTP 200 elapsed=285ms responseBytes=1334 engineUrl= http://127.0.0.1:61867 engineId= mimocode
11:45:00 [log] [sess-diag] engineFetch GET /session/ses_ffe5f298357dfffeN82Wln2VmT -> HTTP 200 elapsed=316ms responseBytes=29556 engineUrl= http://127.0.0.1:61867 engineId= mimocode
11:45:00 [log] [sess-diag] engineFetch GET /session/ses_ffe5f298357dfffeN82Wln2VmT/recovery -> HTTP 200 elapsed=349ms responseBytes=151 engineUrl= http://127.0.0.1:61867 engineId= mimocode
11:45:01 [warn] [content-review] app=mimo_pc_output_text source=conversation why=flush batch=1d0d4f6c3e00a2b0 api=/api/audit/check len=39 images=0 sha=c941016582a0 session=ses_ffe5f298357dfffeN82Wln2VmT elapsed=1004ms verdict=unavailable reviewId=- reason=[review timeout (1000ms)]
11:45:02 [warn] [content-review] app=mimo_pc_output_text source=conversation why=flush batch=9ca58d9fa47e1972 api=/api/audit/check len=57 images=0 sha=3915a533f6e6 session=ses_ffe5f298357dfffeN82Wln2VmT elapsed=1013ms verdict=unavailable reviewId=- reason=[review timeout (1000ms)]
11:45:02 [info] [intervention] {"stage":"query","at":1790307902674,"requestId":"6b1b777a6edb1e1e","origin":"b5094fe8d78e452f","elapsedMs":1166,"textChars":8,"queryChars":8,"truncated":false,"result":"unavailable"}
11:45:03 [warn] [content-review] app=mimo_pc_input_text source=input why=oneshot batch=d5f51fe846854073 api=/api/audit/check len=8 images=0 sha=cbb97387b7c2 session=ses_ffe5f298357dfffeN82Wln2VmT elapsed=1007ms verdict=unavailable reviewId=- reason=[review timeout (1000ms)]
11:45:03 [info] [intervention] {"stage":"prepared","at":1790307903690,"requestId":"6b1b777a6edb1e1e","origin":"b5094fe8d78e452f","elapsedMs":2182,"textChars":8,"result":"ready"}
11:45:03 [info] [intervention] {"stage":"claim","at":1790307903711,"requestId":"6b1b777a6edb1e1e","origin":"b5094fe8d78e452f","sessionId":"b5094fe8d78e452f","userId":"663787dc493772ac","elapsedMs":2203,"textChars":8}
11:45:03 [info] [turn-power-save] acquired sysId=4 mode=prevent-app-suspension first=run:ses_ffe5f298357dfffeN82Wln2VmT
11:45:03 [info] [intervention] {"stage":"dispatch","at":1790307903778,"requestId":"6b1b777a6edb1e1e","origin":"b5094fe8d78e452f","runId":"49271095f23fd118","sessionId":"b5094fe8d78e452f","userId":"663787dc493772ac","elapsedMs":2270,"textChars":8}
11:45:03 [info] [intervention] {"stage":"resume.request","at":1790307903779,"origin":"b5094fe8d78e452f","sessionId":"b5094fe8d78e452f","assistantId":"bbb7a552625d437d","bodyFields":0,"hasSeed":true,"resumeKind":"assistant"}
11:45:04 [info] [intervention] {"stage":"resume.response","at":1790307904032,"origin":"b5094fe8d78e452f","sessionId":"b5094fe8d78e452f","status":202}
11:45:04 [info] [intervention] {"stage":"query","at":1790307904059,"requestId":"d3f2371cc349dde3","origin":"b5094fe8d78e452f","elapsedMs":1112,"textChars":8,"queryChars":8,"truncated":false,"result":"unavailable"}
11:45:04 [log] [sess-diag] engineFetch GET /experimental/session?roots=true&limit=2000 -> HTTP 200 elapsed=155ms responseBytes=29599 engineUrl= http://127.0.0.1:61867 engineId= (default)
11:45:04 [log] [sess-diag] loadEngineSessions: 原始条数 = 1
11:45:04 [log] [sess-diag] loadEngineSessions: reconcile 后 convos = 1 order = 1
11:45:04 [log] [sess-diag] loadEngineSessions: 耗时(ms) fetch = 176 repoRoots = 15 build+reconcile = 7 set = 1 total = 199
11:45:04 [info] [intervention] {"stage":"model.start","at":1790307904238,"requestId":"6b1b777a6edb1e1e","origin":"b5094fe8d78e452f","runId":"49271095f23fd118","sessionId":"b5094fe8d78e452f","userId":"663787dc493772ac","assistantId":"0c4e81c2fe31ad26","ephemeral":false,"hasScope":true,"route":"upstream"}
11:45:04 [info] [intervention] {"stage":"fetch.start","at":1790307904248,"requestId":"6b1b777a6edb1e1e","origin":"b5094fe8d78e452f","runId":"49271095f23fd118","sessionId":"b5094fe8d78e452f","userId":"663787dc493772ac","assistantId":"0c4e81c2fe31ad26","ephemeral":false,"hasScope":true,"protocol":"chat-completions","route":"upstream"}
11:45:05 [warn] [content-review] app=mimo_pc_input_text source=input why=oneshot batch=065a253351acbfce api=/api/audit/check len=8 images=0 sha=cbb97387b7c2 session=ses_ffe5f298357dfffeN82Wln2VmT elapsed=1007ms verdict=unavailable reviewId=- reason=[review timeout (1000ms)]
11:45:05 [info] [intervention] {"stage":"prepared","at":1790307905068,"requestId":"d3f2371cc349dde3","origin":"b5094fe8d78e452f","elapsedMs":2121,"textChars":8,"result":"ready"}
11:45:16 [info] [intervention] {"stage":"fetch.response","at":1790307916183,"requestId":"6b1b777a6edb1e1e","origin":"b5094fe8d78e452f","runId":"49271095f23fd118","sessionId":"b5094fe8d78e452f","userId":"663787dc493772ac","assistantId":"0c4e81c2fe31ad26","elapsedMs":11935,"status":200,"ephemeral":false,"hasScope":true,"protocol":"chat-completions","route":"upstream"}
11:45:33 [log] [sess-diag] engineFetch GET /experimental/session?roots=true&limit=2000 -> HTTP 200 elapsed=64ms responseBytes=29599 engineUrl= http://127.0.0.1:61867 engineId= (default)
11:45:33 [log] [sess-diag] loadEngineSessions: 原始条数 = 1
11:45:33 [log] [sess-diag] loadEngineSessions: reconcile 后 convos = 1 order = 1
11:45:33 [log] [sess-diag] loadEngineSessions: 耗时(ms) fetch = 88 repoRoots = 13 build+reconcile = 2 set = 2 total = 105
11:46:03 [log] [sess-diag] engineFetch GET /experimental/session?roots=true&limit=2000 -> HTTP 200 elapsed=71ms responseBytes=29599 engineUrl= http://127.0.0.1:61867 engineId= (default)
11:46:03 [log] [sess-diag] loadEngineSessions: 原始条数 = 1
11:46:03 [log] [sess-diag] loadEngineSessions: reconcile 后 convos = 1 order = 1
11:46:03 [log] [sess-diag] loadEngineSessions: 耗时(ms) fetch = 88 repoRoots = 13 build+reconcile = 2 set = 1 total = 103
11:46:13 [info] [intervention] {"stage":"model.start","at":1790307973867,"requestId":"6b1b777a6edb1e1e","origin":"b5094fe8d78e452f","runId":"49271095f23fd118","sessionId":"b5094fe8d78e452f","userId":"663787dc493772ac","assistantId":"74146e7249eef368","ephemeral":false,"hasScope":true,"route":"upstream"}
11:46:13 [info] [intervention] {"stage":"fetch.start","at":1790307973879,"requestId":"6b1b777a6edb1e1e","origin":"b5094fe8d78e452f","runId":"49271095f23fd118","sessionId":"b5094fe8d78e452f","userId":"663787dc493772ac","assistantId":"74146e7249eef368","ephemeral":false,"hasScope":true,"protocol":"chat-completions","route":"upstream"}
11:46:25 [info] [intervention] {"stage":"fetch.response","at":1790307985686,"requestId":"6b1b777a6edb1e1e","origin":"b5094fe8d78e452f","runId":"49271095f23fd118","sessionId":"b5094fe8d78e452f","userId":"663787dc493772ac","assistantId":"74146e7249eef368","elapsedMs":11807,"status":200,"ephemeral":false,"hasScope":true,"protocol":"chat-completions","route":"upstream"}
11:46:33 [log] [sess-diag] engineFetch GET /experimental/session?roots=true&limit=2000 -> HTTP 200 elapsed=45ms responseBytes=29599 engineUrl= http://127.0.0.1:61867 engineId= (default)
11:46:33 [log] [sess-diag] loadEngineSessions: 原始条数 = 1
11:46:33 [log] [sess-diag] loadEngineSessions: reconcile 后 convos = 1 order = 1
11:46:33 [log] [sess-diag] loadEngineSessions: 耗时(ms) fetch = 49 repoRoots = 12 build+reconcile = 2 set = 2 total = 64
11:47:03 [log] [sess-diag] engineFetch GET /experimental/session?roots=true&limit=2000 -> HTTP 200 elapsed=61ms responseBytes=29599 engineUrl= http://127.0.0.1:61867 engineId= (default)
11:47:03 [log] [sess-diag] loadEngineSessions: 原始条数 = 1
11:47:03 [log] [sess-diag] loadEngineSessions: reconcile 后 convos = 1 order = 1
11:47:03 [log] [sess-diag] loadEngineSessions: 耗时(ms) fetch = 178 repoRoots = 13 build+reconcile = 2 set = 1 total = 194
11:47:33 [log] [sess-diag] engineFetch GET /experimental/session?roots=true&limit=2000 -> HTTP 200 elapsed=20ms responseBytes=29599 engineUrl= http://127.0.0.1:61867 engineId= (default)
11:47:33 [log] [sess-diag] loadEngineSessions: 原始条数 = 1
11:47:33 [log] [sess-diag] loadEngineSessions: reconcile 后 convos = 1 order = 1
11:47:33 [log] [sess-diag] loadEngineSessions: 耗时(ms) fetch = 31 repoRoots = 9 build+reconcile = 6 set = 3 total = 49
11:47:51 [info] [intervention] {"stage":"model.start","at":1790308071673,"requestId":"6b1b777a6edb1e1e","origin":"b5094fe8d78e452f","runId":"49271095f23fd118","sessionId":"b5094fe8d78e452f","userId":"663787dc493772ac","assistantId":"e79e53aff52374ed","ephemeral":false,"hasScope":true,"route":"upstream"}
11:47:51 [info] [intervention] {"stage":"fetch.start","at":1790308071682,"requestId":"6b1b777a6edb1e1e","origin":"b5094fe8d78e452f","runId":"49271095f23fd118","sessionId":"b5094fe8d78e452f","userId":"663787dc493772ac","assistantId":"e79e53aff52374ed","ephemeral":false,"hasScope":true,"protocol":"chat-completions","route":"upstream"}
11:48:03 [log] [sess-diag] engineFetch GET /experimental/session?roots=true&limit=2000 -> HTTP 200 elapsed=48ms responseBytes=29599 engineUrl= http://127.0.0.1:61867 engineId= (default)
11:48:03 [log] [sess-diag] loadEngineSessions: 原始条数 = 1
11:48:03 [log] [sess-diag] loadEngineSessions: reconcile 后 convos = 1 order = 1
11:48:03 [log] [sess-diag] loadEngineSessions: 耗时(ms) fetch = 68 repoRoots = 11 build+reconcile = 2 set = 1 total = 82
11:48:33 [log] [sess-diag] engineFetch GET /experimental/session?roots=true&limit=2000 -> HTTP 200 elapsed=35ms responseBytes=29599 engineUrl= http://127.0.0.1:61867 engineId= (default)
11:48:33 [log] [sess-diag] loadEngineSessions: 原始条数 = 1
11:48:33 [log] [sess-diag] loadEngineSessions: reconcile 后 convos = 1 order = 1
11:48:33 [log] [sess-diag] loadEngineSessions: 耗时(ms) fetch = 42 repoRoots = 9 build+reconcile = 2 set = 1 total = 53
11:49:03 [log] [sess-diag] engineFetch GET /experimental/session?roots=true&limit=2000 -> HTTP 200 elapsed=34ms responseBytes=29599 engineUrl= http://127.0.0.1:61867 engineId= (default)
11:49:03 [log] [sess-diag] loadEngineSessions: 原始条数 = 1
11:49:03 [log] [sess-diag] loadEngineSessions: reconcile 后 convos = 1 order = 1
11:49:03 [log] [sess-diag] loadEngineSessions: 耗时(ms) fetch = 41 repoRoots = 9 build+reconcile = 2 set = 1 total = 52
11:49:33 [log] [sess-diag] engineFetch GET /experimental/session?roots=true&limit=2000 -> HTTP 200 elapsed=33ms responseBytes=29599 engineUrl= http://127.0.0.1:61867 engineId= (default)
11:49:33 [log] [sess-diag] loadEngineSessions: 原始条数 = 1
11:49:33 [log] [sess-diag] loadEngineSessions: reconcile 后 convos = 1 order = 1
11:49:33 [log] [sess-diag] loadEngineSessions: 耗时(ms) fetch = 55 repoRoots = 24 build+reconcile = 2 set = 2 total = 82
11:50:03 [log] [sess-diag] engineFetch GET /experimental/session?roots=true&limit=2000 -> HTTP 200 elapsed=35ms responseBytes=29599 engineUrl= http://127.0.0.1:61867 engineId= (default)
11:50:03 [log] [sess-diag] loadEngineSessions: 原始条数 = 1
11:50:03 [log] [sess-diag] loadEngineSessions: reconcile 后 convos = 1 order = 1
11:50:03 [log] [sess-diag] loadEngineSessions: 耗时(ms) fetch = 43 repoRoots = 11 build+reconcile = 3 set = 2 total = 59
11:50:33 [log] [sess-diag] engineFetch GET /experimental/session?roots=true&limit=2000 -> HTTP 200 elapsed=32ms responseBytes=29599 engineUrl= http://127.0.0.1:61867 engineId= (default)
11:50:33 [log] [sess-diag] loadEngineSessions: 原始条数 = 1
11:50:33 [log] [sess-diag] loadEngineSessions: reconcile 后 convos = 1 order = 1
11:50:33 [log] [sess-diag] loadEngineSessions: 耗时(ms) fetch = 37 repoRoots = 10 build+reconcile = 2 set = 1 total = 50
11:50:50 [info] [intervention] {"stage":"fetch.error","at":1790308249998,"requestId":"6b1b777a6edb1e1e","origin":"b5094fe8d78e452f","runId":"49271095f23fd118","sessionId":"b5094fe8d78e452f","userId":"663787dc493772ac","assistantId":"e79e53aff52374ed","elapsedMs":178316,"ephemeral":false,"hasScope":true,"protocol":"chat-completions","route":"upstream","errorName":"Error"}
11:50:50 [info] [intervention] {"stage":"model.start","at":1790308250422,"requestId":"6b1b777a6edb1e1e","origin":"b5094fe8d78e452f","runId":"49271095f23fd118","sessionId":"b5094fe8d78e452f","userId":"663787dc493772ac","assistantId":"e79e53aff52374ed","ephemeral":false,"hasScope":true,"route":"upstream"}
11:50:50 [info] [intervention] {"stage":"fetch.start","at":1790308250434,"requestId":"6b1b777a6edb1e1e","origin":"b5094fe8d78e452f","runId":"49271095f23fd118","sessionId":"b5094fe8d78e452f","userId":"663787dc493772ac","assistantId":"e79e53aff52374ed","ephemeral":false,"hasScope":true,"protocol":"chat-completions","route":"upstream"}
11:50:51 [log] [sess-diag] engineFetch GET /experimental/session?roots=true&limit=2000 -> HTTP 200 elapsed=300ms responseBytes=29599 engineUrl= http://127.0.0.1:61867 engineId= (default)
11:50:51 [log] [sess-diag] loadEngineSessions: 原始条数 = 1
11:50:51 [log] [sess-diag] loadEngineSessions: reconcile 后 convos = 1 order = 1
11:50:51 [log] [sess-diag] loadEngineSessions: 耗时(ms) fetch = 483 repoRoots = 19 build+reconcile = 3 set = 1 total = 506
11:50:55 [info] [intervention] {"stage":"fetch.response","at":1790308255047,"requestId":"6b1b777a6edb1e1e","origin":"b5094fe8d78e452f","runId":"49271095f23fd118","sessionId":"b5094fe8d78e452f","userId":"663787dc493772ac","assistantId":"e79e53aff52374ed","elapsedMs":4613,"status":200,"ephemeral":false,"hasScope":true,"protocol":"chat-completions","route":"upstream"}
11:51:03 [log] [sess-diag] engineFetch GET /experimental/session?roots=true&limit=2000 -> HTTP 200 elapsed=36ms responseBytes=29599 engineUrl= http://127.0.0.1:61867 engineId= (default)
11:51:03 [log] [sess-diag] loadEngineSessions: 原始条数 = 1
11:51:03 [log] [sess-diag] loadEngineSessions: reconcile 后 convos = 1 order = 1
11:51:03 [log] [sess-diag] loadEngineSessions: 耗时(ms) fetch = 42 repoRoots = 11 build+reconcile = 2 set = 2 total = 56
11:51:15 [info] [content-review/turn-binding] note-no-slot key=ses_ffe5f298357dfffeN82Wln2VmT anchor=msg:msg_g001a0d6ad387f001slQnSYQx5
11:51:15 [info] [intervention] {"stage":"output","at":1790308275476,"runId":"49271095f23fd118","sessionId":"b5094fe8d78e452f","assistantId":"e79e53aff52374ed","textChars":2,"reviewSkipped":false}
11:51:20 [info] [content-review] app=mimo_pc_output_text source=conversation why=limit batch=e097fe3d683999f2 api=/api/audit/check len=333 images=0 sha=03b5ccfebcbd session=ses_ffe5f298357dfffeN82Wln2VmT elapsed=245ms verdict=pass reviewId=mimo-mimo_pc_output_text-334b940d237141caaa7e0d9f6663b1d0 detail=[serverVerdict=pass resultCode=1 subCode=9 aigc=- hints=0 detailsLen=0 resp=[passed=pass resultCode=1 reviewId=mimo-mimo_pc_output_text-334b940d237141caaa7e0d9f6663b1d0 offlineReason= offlineDetails=[0 chars] hint=[0 items] subCode=9 aigc=null]]
11:51:22 [info] [content-review] app=mimo_pc_output_text source=conversation why=limit batch=e097fe3d683999f2 api=/api/audit/check len=370 images=0 sha=bd5b740fb6d9 session=ses_ffe5f298357dfffeN82Wln2VmT elapsed=209ms verdict=pass reviewId=mimo-mimo_pc_output_text-c73cc1d340734c78ba4727f2b82649bc detail=[serverVerdict=pass resultCode=1 subCode=9 aigc=- hints=0 detailsLen=0 resp=[passed=pass resultCode=1 reviewId=mimo-mimo_pc_output_text-c73cc1d340734c78ba4727f2b82649bc offlineReason= offlineDetails=[0 chars] hint=[0 items] subCode=9 aigc=null]]
11:51:33 [log] [sess-diag] engineFetch GET /experimental/session?roots=true&limit=2000 -> HTTP 200 elapsed=33ms responseBytes=29599 engineUrl= http://127.0.0.1:61867 engineId= (default)
11:51:33 [log] [sess-diag] loadEngineSessions: 原始条数 = 1
11:51:33 [log] [sess-diag] loadEngineSessions: reconcile 后 convos = 1 order = 1
11:51:33 [log] [sess-diag] loadEngineSessions: 耗时(ms) fetch = 41 repoRoots = 9 build+reconcile = 3 set = 2 total = 55
11:52:03 [log] [sess-diag] engineFetch GET /experimental/session?roots=true&limit=2000 -> HTTP 200 elapsed=34ms responseBytes=29599 engineUrl= http://127.0.0.1:61867 engineId= (default)
11:52:03 [log] [sess-diag] loadEngineSessions: 原始条数 = 1
11:52:03 [log] [sess-diag] loadEngineSessions: reconcile 后 convos = 1 order = 1
11:52:03 [log] [sess-diag] loadEngineSessions: 耗时(ms) fetch = 42 repoRoots = 8 build+reconcile = 3 set = 1 total = 54
11:52:33 [log] [sess-diag] engineFetch GET /experimental/session?roots=true&limit=2000 -> HTTP 200 elapsed=43ms responseBytes=29599 engineUrl= http://127.0.0.1:61867 engineId= (default)
11:52:33 [log] [sess-diag] loadEngineSessions: 原始条数 = 1
11:52:33 [log] [sess-diag] loadEngineSessions: reconcile 后 convos = 1 order = 1
11:52:33 [log] [sess-diag] loadEngineSessions: 耗时(ms) fetch = 203 repoRoots = 17 build+reconcile = 2 set = 4 total = 226
11:53:15 [info] [experiment] key=feature_gates id=101197 type=string value={\n    "domestic": { "show_mcp_entry": false, "show_custom_model_button": true, "loop_streak_recovery": true, "show_evolve_entry": true,"show_computeruse": false, "show_browseruse": false, "show_pay": … elapsed=1ms
11:53:15 [info] [feature-gates] refresh: ok (elapsed=22ms)
11:53:23 [log] [model-catalog] fetch inconclusive=network (This operation was aborted) -> keep cache
11:53:30 [log] [sess-diag] engineFetch GET /experimental/session?roots=true&limit=2000 -> HTTP 200 elapsed=87ms responseBytes=29599 engineUrl= http://127.0.0.1:61867 engineId= (default)
11:53:30 [log] [sess-diag] loadEngineSessions: 原始条数 = 1
11:53:30 [log] [sess-diag] loadEngineSessions: reconcile 后 convos = 1 order = 1
11:53:30 [log] [sess-diag] loadEngineSessions: 耗时(ms) fetch = 349 repoRoots = 16 build+reconcile = 2 set = 2 total = 368
11:53:33 [log] [sess-diag] engineFetch GET /experimental/session?roots=true&limit=2000 -> HTTP 200 elapsed=203ms responseBytes=29599 engineUrl= http://127.0.0.1:61867 engineId= (default)
11:53:33 [log] [sess-diag] loadEngineSessions: 原始条数 = 1
11:53:34 [log] [sess-diag] loadEngineSessions: reconcile 后 convos = 1 order = 1
11:53:34 [log] [sess-diag] loadEngineSessions: 耗时(ms) fetch = 227 repoRoots = 10 build+reconcile = 4 set = 1 total = 242
11:53:55 [info] [config] loading from: https://cdn-exp-sg-recommend.pt.xiaomi.com/service/getClientBitMapExpConf/mimoDesktop(%E6%96%B0%E5%8A%A0%E5%9D%A1)
11:53:57 [info] [config] loaded tree for mimoDesktop(新加坡): children=2, upRuleIds=0
11:53:57 [info] [config] remote config loaded: 1 apps
11:53:57 [info] [config] loaded successfully: 1 apps
11:54:00 [log] [sess-diag] engineFetch GET /experimental/session?roots=true&limit=2000 -> HTTP 200 elapsed=1938ms responseBytes=29599 engineUrl= http://127.0.0.1:61867 engineId= (default)
11:54:00 [log] [sess-diag] loadEngineSessions: 原始条数 = 1
11:54:00 [log] [sess-diag] loadEngineSessions: reconcile 后 convos = 1 order = 1
11:54:00 [log] [sess-diag] loadEngineSessions: 耗时(ms) fetch = 2046 repoRoots = 7 build+reconcile = 46 set = 14 total = 2112
12:01:03 [log] [sess-diag] engineFetch GET /experimental/session?roots=true&limit=2000 -> HTTP 200 elapsed=385ms responseBytes=29599 engineUrl= http://127.0.0.1:61867 engineId= (default)
12:01:03 [log] [sess-diag] loadEngineSessions: 原始条数 = 1
12:01:03 [log] [sess-diag] loadEngineSessions: reconcile 后 convos = 1 order = 1
12:01:03 [log] [sess-diag] loadEngineSessions: 耗时(ms) fetch = 420 repoRoots = 31 build+reconcile = 15 set = 7 total = 473
12:01:15 [log] [sess-diag] engineFetch GET /experimental/session?roots=true&limit=2000 -> HTTP 200 elapsed=45ms responseBytes=29599 engineUrl= http://127.0.0.1:61867 engineId= (default)
12:01:15 [log] [sess-diag] loadEngineSessions: 原始条数 = 1
12:01:15 [log] [sess-diag] loadEngineSessions: reconcile 后 convos = 1 order = 1
12:01:15 [log] [sess-diag] loadEngineSessions: 耗时(ms) fetch = 98 repoRoots = 15 build+reconcile = 3 set = 2 total = 118
12:01:33 [log] [sess-diag] engineFetch GET /experimental/session?roots=true&limit=2000 -> HTTP 200 elapsed=33ms responseBytes=29599 engineUrl= http://127.0.0.1:61867 engineId= (default)
12:01:33 [log] [sess-diag] loadEngineSessions: 原始条数 = 1
12:01:33 [log] [sess-diag] loadEngineSessions: reconcile 后 convos = 1 order = 1
12:01:33 [log] [sess-diag] loadEngineSessions: 耗时(ms) fetch = 38 repoRoots = 13 build+reconcile = 3 set = 3 total = 57
12:01:41 [log] [sess-diag] engineFetch GET /experimental/session?roots=true&limit=2000 -> HTTP 200 elapsed=2491ms responseBytes=29599 engineUrl= http://127.0.0.1:61867 engineId= (default)
12:01:41 [log] [sess-diag] loadEngineSessions: 原始条数 = 1
12:01:41 [log] [sess-diag] loadEngineSessions: reconcile 后 convos = 1 order = 1
12:01:41 [log] [sess-diag] loadEngineSessions: 耗时(ms) fetch = 2603 repoRoots = 9 build+reconcile = 15 set = 21 total = 2648
12:01:45 [info] [intervention] {"stage":"model.start","at":1790308905230,"requestId":"6b1b777a6edb1e1e","origin":"b5094fe8d78e452f","runId":"49271095f23fd118","sessionId":"b5094fe8d78e452f","userId":"663787dc493772ac","assistantId":"c4ce0649e2d83aef","ephemeral":false,"hasScope":true,"route":"upstream"}
12:01:45 [info] [intervention] {"stage":"fetch.start","at":1790308905292,"requestId":"6b1b777a6edb1e1e","origin":"b5094fe8d78e452f","runId":"49271095f23fd118","sessionId":"b5094fe8d78e452f","userId":"663787dc493772ac","assistantId":"c4ce0649e2d83aef","ephemeral":false,"hasScope":true,"protocol":"chat-completions","route":"upstream"}
12:01:55 [info] [intervention] {"stage":"fetch.response","at":1790308915954,"requestId":"6b1b777a6edb1e1e","origin":"b5094fe8d78e452f","runId":"49271095f23fd118","sessionId":"b5094fe8d78e452f","userId":"663787dc493772ac","assistantId":"c4ce0649e2d83aef","elapsedMs":10662,"status":200,"ephemeral":false,"hasScope":true,"protocol":"chat-completions","route":"upstream"}
12:02:04 [log] [sess-diag] engineFetch GET /experimental/session?roots=true&limit=2000 -> HTTP 200 elapsed=149ms responseBytes=29599 engineUrl= http://127.0.0.1:61867 engineId= (default)
12:02:04 [log] [sess-diag] loadEngineSessions: 原始条数 = 1
12:02:04 [log] [sess-diag] loadEngineSessions: reconcile 后 convos = 1 order = 1
12:02:04 [log] [sess-diag] loadEngineSessions: 耗时(ms) fetch = 258 repoRoots = 6 build+reconcile = 13 set = 11 total = 288
12:02:23 [info] [intervention] {"stage":"output","at":1790308943293,"runId":"49271095f23fd118","sessionId":"b5094fe8d78e452f","assistantId":"c4ce0649e2d83aef","textChars":10,"reviewSkipped":false}
12:02:33 [log] [sess-diag] engineFetch GET /experimental/session?roots=true&limit=2000 -> HTTP 200 elapsed=62ms responseBytes=29599 engineUrl= http://127.0.0.1:61867 engineId= (default)
12:02:33 [log] [sess-diag] loadEngineSessions: 原始条数 = 1
12:02:33 [log] [sess-diag] loadEngineSessions: reconcile 后 convos = 1 order = 1
12:02:33 [log] [sess-diag] loadEngineSessions: 耗时(ms) fetch = 87 repoRoots = 8 build+reconcile = 8 set = 8 total = 111
12:03:15 [info] [experiment] key=feature_gates id=101197 type=string value={\n    "domestic": { "show_mcp_entry": false, "show_custom_model_button": true, "loop_streak_recovery": true, "show_evolve_entry": true,"show_computeruse": false, "show_browseruse": false, "show_pay": … elapsed=9ms
12:03:15 [info] [feature-gates] refresh: ok (elapsed=61ms)
12:03:24 [log] [sess-diag] engineFetch GET /experimental/session?roots=true&limit=2000 -> HTTP 200 elapsed=60ms responseBytes=29599 engineUrl= http://127.0.0.1:61867 engineId= (default)
12:03:24 [log] [sess-diag] loadEngineSessions: 原始条数 = 1
12:03:24 [log] [sess-diag] loadEngineSessions: reconcile 后 convos = 1 order = 1
12:03:24 [log] [sess-diag] loadEngineSessions: 耗时(ms) fetch = 76 repoRoots = 6 build+reconcile = 7 set = 5 total = 94
12:03:55 [info] [config] loading from: https://cdn-exp-sg-recommend.pt.xiaomi.com/service/getClientBitMapExpConf/mimoDesktop(%E6%96%B0%E5%8A%A0%E5%9D%A1)
12:03:56 [info] [config] loaded tree for mimoDesktop(新加坡): children=2, upRuleIds=0
12:03:56 [info] [config] remote config loaded: 1 apps
12:03:56 [info] [config] loaded successfully: 1 apps
12:04:25 [log] [sess-diag] engineFetch GET /experimental/session?roots=true&limit=2000 -> HTTP 200 elapsed=70ms responseBytes=29599 engineUrl= http://127.0.0.1:61867 engineId= (default)
12:04:25 [log] [sess-diag] loadEngineSessions: 原始条数 = 1
12:04:26 [log] [sess-diag] loadEngineSessions: reconcile 后 convos = 1 order = 1
12:04:26 [log] [sess-diag] loadEngineSessions: 耗时(ms) fetch = 130 repoRoots = 6 build+reconcile = 4 set = 5 total = 145
12:05:25 [log] [sess-diag] engineFetch GET /experimental/session?roots=true&limit=2000 -> HTTP 200 elapsed=61ms responseBytes=29599 engineUrl= http://127.0.0.1:61867 engineId= (default)
12:05:25 [log] [sess-diag] loadEngineSessions: 原始条数 = 1
12:05:25 [log] [sess-diag] loadEngineSessions: reconcile 后 convos = 1 order = 1
12:05:25 [log] [sess-diag] loadEngineSessions: 耗时(ms) fetch = 114 repoRoots = 4 build+reconcile = 3 set = 3 total = 125
12:06:26 [log] [sess-diag] engineFetch GET /experimental/session?roots=true&limit=2000 -> HTTP 200 elapsed=230ms responseBytes=29599 engineUrl= http://127.0.0.1:61867 engineId= (default)
12:06:26 [log] [sess-diag] loadEngineSessions: 原始条数 = 1
12:06:26 [log] [sess-diag] loadEngineSessions: reconcile 后 convos = 1 order = 1
12:06:26 [log] [sess-diag] loadEngineSessions: 耗时(ms) fetch = 629 repoRoots = 88 build+reconcile = 20 set = 13 total = 751
12:07:25 [log] [sess-diag] engineFetch GET /experimental/session?roots=true&limit=2000 -> HTTP 200 elapsed=68ms responseBytes=29599 engineUrl= http://127.0.0.1:61867 engineId= (default)
12:07:25 [log] [sess-diag] loadEngineSessions: 原始条数 = 1
12:07:26 [log] [sess-diag] loadEngineSessions: reconcile 后 convos = 1 order = 1
12:07:26 [log] [sess-diag] loadEngineSessions: 耗时(ms) fetch = 131 repoRoots = 8 build+reconcile = 5 set = 4 total = 149
12:08:25 [log] [sess-diag] engineFetch GET /experimental/session?roots=true&limit=2000 -> HTTP 200 elapsed=80ms responseBytes=29599 engineUrl= http://127.0.0.1:61867 engineId= (default)
12:08:26 [log] [sess-diag] loadEngineSessions: 原始条数 = 1
12:08:26 [log] [sess-diag] loadEngineSessions: reconcile 后 convos = 1 order = 1
12:08:26 [log] [sess-diag] loadEngineSessions: 耗时(ms) fetch = 136 repoRoots = 7 build+reconcile = 5 set = 3 total = 151
12:38:31 [info] [experiment] key=feature_gates id=101197 type=string value={\n    "domestic": { "show_mcp_entry": false, "show_custom_model_button": true, "loop_streak_recovery": true, "show_evolve_entry": true,"show_computeruse": false, "show_browseruse": false, "show_pay": … elapsed=2ms
12:38:31 [info] [feature-gates] refresh: ok (elapsed=43ms)
12:38:31 [info] [config] loading from: https://cdn-exp-sg-recommend.pt.xiaomi.com/service/getClientBitMapExpConf/mimoDesktop(%E6%96%B0%E5%8A%A0%E5%9D%A1)
12:38:35 [log] [sess-diag] engineFetch GET /experimental/session?roots=true&limit=2000 -> HTTP 200 elapsed=814ms responseBytes=29599 engineUrl= http://127.0.0.1:61867 engineId= (default)
12:38:35 [log] [sess-diag] loadEngineSessions: 原始条数 = 1
12:38:35 [log] [sess-diag] loadEngineSessions: reconcile 后 convos = 1 order = 1
12:38:35 [log] [sess-diag] loadEngineSessions: 耗时(ms) fetch = 925 repoRoots = 435 build+reconcile = 14 set = 4 total = 1379
12:38:48 [info] [config] loaded tree for mimoDesktop(新加坡): children=2, upRuleIds=0
12:38:48 [info] [config] remote config loaded: 1 apps
12:38:48 [info] [config] loaded successfully: 1 apps
12:39:14 [log] [sess-diag] engineFetch GET /experimental/session?roots=true&limit=2000 -> HTTP 200 elapsed=69ms responseBytes=29599 engineUrl= http://127.0.0.1:61867 engineId= (default)
12:39:14 [log] [sess-diag] loadEngineSessions: 原始条数 = 1
12:39:14 [log] [sess-diag] loadEngineSessions: reconcile 后 convos = 1 order = 1
12:39:14 [log] [sess-diag] loadEngineSessions: 耗时(ms) fetch = 87 repoRoots = 8 build+reconcile = 2 set = 1 total = 98
12:39:19 [info] [intervention] {"stage":"closed","at":1790311159471,"requestId":"6b1b777a6edb1e1e","origin":"b5094fe8d78e452f","runId":"49271095f23fd118","sessionId":"b5094fe8d78e452f","userId":"663787dc493772ac","elapsedMs":3257963,"textChars":8}
12:39:19 [info] [turn-power-save] released sysId=4 last=run:ses_ffe5f298357dfffeN82Wln2VmT
12:39:19 [log] [sess-diag] [white-screen-up] {"id":"ses_ffe5f298357dfffeN82Wln2VmT","upDelta":1788.000244140625,"prevTop":4579.33349609375,"top":2791.333251953125,"clientHeight":883,"prevScrollHeight":5321,"scrollHeight":3674,"following":true,"lastPinSource":"floor","stack":"Error: white-screen-up-scroll\n    at Fn (app://-/renderer/assets/ThreadView-D9cl-a57.js:1:5217)\n    at HTMLDivElement.A (app://-/renderer/assets/ThreadView-D9cl-a57.js:1:24046)"}
12:39:20 [log] [sess-diag] engineFetch GET /session/ses_ffe5f298357dfffeN82Wln2VmT/task -> HTTP 200 elapsed=510ms responseBytes=1334 engineUrl= http://127.0.0.1:61867 engineId= mimocode
12:39:20 [log] [sess-diag] engineFetch GET /session/ses_ffe5f298357dfffeN82Wln2VmT -> HTTP 200 elapsed=496ms responseBytes=29556 engineUrl= http://127.0.0.1:61867 engineId= mimocode
12:39:20 [log] [sess-diag] engineFetch GET /session/ses_ffe5f298357dfffeN82Wln2VmT/recovery -> HTTP 200 elapsed=552ms responseBytes=151 engineUrl= http://127.0.0.1:61867 engineId= mimocode
12:39:20 [log] [sess-diag] engineFetch GET /session/ses_ffe5f298357dfffeN82Wln2VmT/recovery -> HTTP 200 elapsed=605ms responseBytes=151 engineUrl= http://127.0.0.1:61867 engineId= mimocode
12:39:20 [log] [sess-diag] engineFetch GET /session/ses_ffe5f298357dfffeN82Wln2VmT/message -> HTTP 200 elapsed=534ms responseBytes=479410 engineUrl= http://127.0.0.1:61867 engineId= mimocode
12:39:20 [warn] [content-review] app=mimo_pc_output_text source=conversation why=flush batch=e097fe3d683999f2 api=/api/audit/check len=340 images=0 sha=beed1565fcfd session=ses_ffe5f298357dfffeN82Wln2VmT elapsed=1006ms verdict=unavailable reviewId=- reason=[review timeout (1000ms)]
12:39:20 [log] [sess-diag] engineFetch GET /session/ses_ffe5f298357dfffeN82Wln2VmT/actors -> HTTP 200 elapsed=40ms responseBytes=405 engineUrl= http://127.0.0.1:61867 engineId= mimocode
12:39:21 [warn] [content-review] app=mimo_pc_output_text source=conversation why=flush batch=241bfe2f4a5e7f39 api=/api/audit/check len=48 images=0 sha=b9fcbc5e9c23 session=ses_ffe5f298357dfffeN82Wln2VmT elapsed=1014ms verdict=unavailable reviewId=- reason=[review timeout (1000ms)]
12:43:08 [log] [sess-diag] engineFetch GET /experimental/session?roots=true&limit=2000 -> HTTP 200 elapsed=71ms responseBytes=29599 engineUrl= http://127.0.0.1:61867 engineId= (default)
12:43:08 [log] [sess-diag] loadEngineSessions: 原始条数 = 1
12:43:08 [log] [sess-diag] loadEngineSessions: reconcile 后 convos = 1 order = 1
12:43:08 [log] [sess-diag] loadEngineSessions: 耗时(ms) fetch = 92 repoRoots = 2 build+reconcile = 4 set = 3 total = 100
12:43:33 [log] [sess-diag] engineFetch GET /experimental/session?roots=true&limit=2000 -> HTTP 200 elapsed=32ms responseBytes=29599 engineUrl= http://127.0.0.1:61867 engineId= (default)
12:43:33 [log] [sess-diag] loadEngineSessions: 原始条数 = 1
12:43:33 [log] [sess-diag] loadEngineSessions: reconcile 后 convos = 1 order = 1
12:43:33 [log] [sess-diag] loadEngineSessions: 耗时(ms) fetch = 42 repoRoots = 3 build+reconcile = 4 set = 2 total = 51
12:44:03 [log] [sess-diag] engineFetch GET /experimental/session?roots=true&limit=2000 -> HTTP 200 elapsed=67ms responseBytes=29599 engineUrl= http://127.0.0.1:61867 engineId= (default)
12:44:04 [log] [sess-diag] loadEngineSessions: 原始条数 = 1
12:44:04 [log] [sess-diag] loadEngineSessions: reconcile 后 convos = 1 order = 1
12:44:04 [log] [sess-diag] loadEngineSessions: 耗时(ms) fetch = 287 repoRoots = 22 build+reconcile = 2 set = 2 total = 313
12:44:09 [info] [intervention] {"stage":"query","at":1790311449149,"requestId":"bad558624a67c076","origin":"b5094fe8d78e452f","elapsedMs":1019,"textChars":138,"queryChars":138,"truncated":false,"result":"unavailable"}
12:44:10 [warn] [content-review] app=mimo_pc_input_text source=input why=oneshot batch=5f8db24f3c646d85 api=/api/audit/check len=138 images=0 sha=f3831659d030 session=ses_ffe5f298357dfffeN82Wln2VmT elapsed=1005ms verdict=unavailable reviewId=- reason=[review timeout (1000ms)]
12:44:10 [info] [intervention] {"stage":"prepared","at":1790311450159,"requestId":"bad558624a67c076","origin":"b5094fe8d78e452f","elapsedMs":2029,"textChars":138,"result":"ready"}
12:44:10 [info] [intervention] {"stage":"claim","at":1790311450199,"requestId":"bad558624a67c076","origin":"b5094fe8d78e452f","sessionId":"b5094fe8d78e452f","elapsedMs":2069,"textChars":138}
12:44:10 [info] [smart-router] {"origin":"ses_ffe5f298357dfffeN82Wln2VmT","model":"mimo-pro"}
12:44:10 [info] [harness] session origin=ses_ffe5f298357dfffeN82Wln2VmT sid=ses_ffe5f298357dfffeN82Wln2VmT source=user msgLen=138
12:44:10 [info] [turn-power-save] acquired sysId=5 mode=prevent-app-suspension first=run:ses_ffe5f298357dfffeN82Wln2VmT
12:44:10 [info] [intervention] {"stage":"dispatch","at":1790311450879,"requestId":"bad558624a67c076","origin":"b5094fe8d78e452f","runId":"64609221c4b1faaa","sessionId":"b5094fe8d78e452f","elapsedMs":2749,"textChars":138}
12:44:11 [info] [intervention] {"stage":"user-bound","at":1790311451051,"requestId":"bad558624a67c076","origin":"b5094fe8d78e452f","runId":"64609221c4b1faaa","sessionId":"b5094fe8d78e452f","userId":"bfb73c8efb3ccb6e","elapsedMs":2921,"textChars":138}
12:44:12 [info] [intervention] {"stage":"model.start","at":1790311452072,"requestId":"bad558624a67c076","origin":"b5094fe8d78e452f","runId":"64609221c4b1faaa","sessionId":"b5094fe8d78e452f","userId":"bfb73c8efb3ccb6e","assistantId":"f5c752bffe543417","ephemeral":false,"hasScope":true,"route":"upstream"}
12:44:12 [info] [intervention] {"stage":"fetch.start","at":1790311452082,"requestId":"bad558624a67c076","origin":"b5094fe8d78e452f","runId":"64609221c4b1faaa","sessionId":"b5094fe8d78e452f","userId":"bfb73c8efb3ccb6e","assistantId":"f5c752bffe543417","ephemeral":false,"hasScope":true,"protocol":"chat-completions","route":"upstream"}
12:44:17 [info] [intervention] {"stage":"fetch.response","at":1790311457430,"requestId":"bad558624a67c076","origin":"b5094fe8d78e452f","runId":"64609221c4b1faaa","sessionId":"b5094fe8d78e452f","userId":"bfb73c8efb3ccb6e","assistantId":"f5c752bffe543417","elapsedMs":5348,"status":200,"ephemeral":false,"hasScope":true,"protocol":"chat-completions","route":"upstream"}
12:44:33 [log] [sess-diag] engineFetch GET /experimental/session?roots=true&limit=2000 -> HTTP 200 elapsed=186ms responseBytes=29599 engineUrl= http://127.0.0.1:61867 engineId= (default)
12:44:33 [log] [sess-diag] loadEngineSessions: 原始条数 = 1
12:44:33 [log] [sess-diag] loadEngineSessions: reconcile 后 convos = 1 order = 1
12:44:34 [log] [sess-diag] loadEngineSessions: 耗时(ms) fetch = 219 repoRoots = 8 build+reconcile = 10 set = 9 total = 246
12:45:03 [log] [sess-diag] engineFetch GET /experimental/session?roots=true&limit=2000 -> HTTP 200 elapsed=35ms responseBytes=29599 engineUrl= http://127.0.0.1:61867 engineId= (default)
12:45:03 [log] [sess-diag] loadEngineSessions: 原始条数 = 1
12:45:03 [log] [sess-diag] loadEngineSessions: reconcile 后 convos = 1 order = 1
12:45:03 [log] [sess-diag] loadEngineSessions: 耗时(ms) fetch = 48 repoRoots = 8 build+reconcile = 4 set = 3 total = 63
12:45:22 [info] [intervention] {"stage":"model.start","at":1790311522641,"requestId":"bad558624a67c076","origin":"b5094fe8d78e452f","runId":"64609221c4b1faaa","sessionId":"b5094fe8d78e452f","userId":"bfb73c8efb3ccb6e","assistantId":"096a3422cb7d7cd4","ephemeral":false,"hasScope":true,"route":"upstream"}
12:45:22 [info] [intervention] {"stage":"fetch.start","at":1790311522651,"requestId":"bad558624a67c076","origin":"b5094fe8d78e452f","runId":"64609221c4b1faaa","sessionId":"b5094fe8d78e452f","userId":"bfb73c8efb3ccb6e","assistantId":"096a3422cb7d7cd4","ephemeral":false,"hasScope":true,"protocol":"chat-completions","route":"upstream"}
12:45:26 [log] [sess-diag] engineFetch GET /experimental/session?roots=true&limit=2000 -> HTTP 200 elapsed=57ms responseBytes=29599 engineUrl= http://127.0.0.1:61867 engineId= (default)
12:45:26 [log] [sess-diag] loadEngineSessions: 原始条数 = 1
12:45:26 [log] [sess-diag] loadEngineSessions: reconcile 后 convos = 1 order = 1
12:45:26 [log] [sess-diag] loadEngineSessions: 耗时(ms) fetch = 65 repoRoots = 6 build+reconcile = 3 set = 2 total = 75
12:45:31 [log] [sess-diag] engineFetch GET /experimental/session?roots=true&limit=2000 -> HTTP 200 elapsed=57ms responseBytes=29599 engineUrl= http://127.0.0.1:61867 engineId= (default)
12:45:31 [log] [sess-diag] loadEngineSessions: 原始条数 = 1
12:45:31 [log] [sess-diag] loadEngineSessions: reconcile 后 convos = 1 order = 1
12:45:31 [log] [sess-diag] loadEngineSessions: 耗时(ms) fetch = 117 repoRoots = 13 build+reconcile = 2 set = 1 total = 133
12:45:33 [info] [intervention] {"stage":"fetch.response","at":1790311533049,"requestId":"bad558624a67c076","origin":"b5094fe8d78e452f","runId":"64609221c4b1faaa","sessionId":"b5094fe8d78e452f","userId":"bfb73c8efb3ccb6e","assistantId":"096a3422cb7d7cd4","elapsedMs":10398,"status":200,"ephemeral":false,"hasScope":true,"protocol":"chat-completions","route":"upstream"}
12:45:33 [log] [sess-diag] engineFetch GET /experimental/session?roots=true&limit=2000 -> HTTP 200 elapsed=35ms responseBytes=29599 engineUrl= http://127.0.0.1:61867 engineId= (default)
12:45:33 [log] [sess-diag] loadEngineSessions: 原始条数 = 1
12:45:33 [log] [sess-diag] loadEngineSessions: reconcile 后 convos = 1 order = 1
12:45:33 [log] [sess-diag] loadEngineSessions: 耗时(ms) fetch = 42 repoRoots = 8 build+reconcile = 2 set = 1 total = 53
12:45:45 [info] [intervention] {"stage":"model.start","at":1790311545641,"requestId":"bad558624a67c076","origin":"b5094fe8d78e452f","runId":"64609221c4b1faaa","sessionId":"b5094fe8d78e452f","userId":"bfb73c8efb3ccb6e","assistantId":"5d9f7b6b6b4d73d6","ephemeral":false,"hasScope":true,"route":"upstream"}
12:45:45 [info] [intervention] {"stage":"fetch.start","at":1790311545651,"requestId":"bad558624a67c076","origin":"b5094fe8d78e452f","runId":"64609221c4b1faaa","sessionId":"b5094fe8d78e452f","userId":"bfb73c8efb3ccb6e","assistantId":"5d9f7b6b6b4d73d6","ephemeral":false,"hasScope":true,"protocol":"chat-completions","route":"upstream"}
12:45:53 [info] [intervention] {"stage":"fetch.response","at":1790311553449,"requestId":"bad558624a67c076","origin":"b5094fe8d78e452f","runId":"64609221c4b1faaa","sessionId":"b5094fe8d78e452f","userId":"bfb73c8efb3ccb6e","assistantId":"5d9f7b6b6b4d73d6","elapsedMs":7798,"status":200,"ephemeral":false,"hasScope":true,"protocol":"chat-completions","route":"upstream"}
12:45:55 [log] [perm-autopass] allow permission=bash
12:46:02 [info] [intervention] {"stage":"model.start","at":1790311562925,"requestId":"bad558624a67c076","origin":"b5094fe8d78e452f","runId":"64609221c4b1faaa","sessionId":"b5094fe8d78e452f","userId":"bfb73c8efb3ccb6e","assistantId":"f5a8e138fed62630","ephemeral":false,"hasScope":true,"route":"upstream"}
12:46:02 [info] [intervention] {"stage":"fetch.start","at":1790311562958,"requestId":"bad558624a67c076","origin":"b5094fe8d78e452f","runId":"64609221c4b1faaa","sessionId":"b5094fe8d78e452f","userId":"bfb73c8efb3ccb6e","assistantId":"f5a8e138fed62630","ephemeral":false,"hasScope":true,"protocol":"chat-completions","route":"upstream"}
12:46:03 [log] [sess-diag] engineFetch GET /experimental/session?roots=true&limit=2000 -> HTTP 200 elapsed=104ms responseBytes=29599 engineUrl= http://127.0.0.1:61867 engineId= (default)
12:46:03 [log] [sess-diag] loadEngineSessions: 原始条数 = 1
12:46:03 [log] [sess-diag] loadEngineSessions: reconcile 后 convos = 1 order = 1
12:46:03 [log] [sess-diag] loadEngineSessions: 耗时(ms) fetch = 110 repoRoots = 8 build+reconcile = 4 set = 3 total = 125
12:46:11 [info] [intervention] {"stage":"fetch.response","at":1790311571529,"requestId":"bad558624a67c076","origin":"b5094fe8d78e452f","runId":"64609221c4b1faaa","sessionId":"b5094fe8d78e452f","userId":"bfb73c8efb3ccb6e","assistantId":"f5a8e138fed62630","elapsedMs":8571,"status":200,"ephemeral":false,"hasScope":true,"protocol":"chat-completions","route":"upstream"}
12:46:16 [log] [perm-autopass] allow permission=external_directory
12:46:16 [log] [perm-autopass] allow permission=bash
12:46:22 [info] [intervention] {"stage":"model.start","at":1790311582078,"requestId":"bad558624a67c076","origin":"b5094fe8d78e452f","runId":"64609221c4b1faaa","sessionId":"b5094fe8d78e452f","userId":"bfb73c8efb3ccb6e","assistantId":"9b51fb93e2ac2310","ephemeral":false,"hasScope":true,"route":"upstream"}
12:46:22 [info] [intervention] {"stage":"fetch.start","at":1790311582090,"requestId":"bad558624a67c076","origin":"b5094fe8d78e452f","runId":"64609221c4b1faaa","sessionId":"b5094fe8d78e452f","userId":"bfb73c8efb3ccb6e","assistantId":"9b51fb93e2ac2310","ephemeral":false,"hasScope":true,"protocol":"chat-completions","route":"upstream"}
12:46:33 [info] [intervention] {"stage":"fetch.response","at":1790311593382,"requestId":"bad558624a67c076","origin":"b5094fe8d78e452f","runId":"64609221c4b1faaa","sessionId":"b5094fe8d78e452f","userId":"bfb73c8efb3ccb6e","assistantId":"9b51fb93e2ac2310","elapsedMs":11292,"status":200,"ephemeral":false,"hasScope":true,"protocol":"chat-completions","route":"upstream"}
12:46:33 [log] [sess-diag] engineFetch GET /experimental/session?roots=true&limit=2000 -> HTTP 200 elapsed=53ms responseBytes=29599 engineUrl= http://127.0.0.1:61867 engineId= (default)
12:46:33 [log] [sess-diag] loadEngineSessions: 原始条数 = 1
12:46:33 [log] [sess-diag] loadEngineSessions: reconcile 后 convos = 1 order = 1
12:46:33 [log] [sess-diag] loadEngineSessions: 耗时(ms) fetch = 134 repoRoots = 2 build+reconcile = 2 set = 2 total = 140
12:46:37 [log] [perm-autopass] allow permission=external_directory
12:46:37 [log] [perm-autopass] allow permission=bash
12:46:43 [log] [perm-autopass] allow permission=bash
12:46:51 [info] [intervention] {"stage":"model.start","at":1790311611523,"requestId":"bad558624a67c076","origin":"b5094fe8d78e452f","runId":"64609221c4b1faaa","sessionId":"b5094fe8d78e452f","userId":"bfb73c8efb3ccb6e","assistantId":"b7a719f88890b4da","ephemeral":false,"hasScope":true,"route":"upstream"}
12:46:51 [info] [intervention] {"stage":"fetch.start","at":1790311611533,"requestId":"bad558624a67c076","origin":"b5094fe8d78e452f","runId":"64609221c4b1faaa","sessionId":"b5094fe8d78e452f","userId":"bfb73c8efb3ccb6e","assistantId":"b7a719f88890b4da","ephemeral":false,"hasScope":true,"protocol":"chat-completions","route":"upstream"}
12:47:03 [log] [sess-diag] engineFetch GET /experimental/session?roots=true&limit=2000 -> HTTP 200 elapsed=50ms responseBytes=29599 engineUrl= http://127.0.0.1:61867 engineId= (default)
12:47:03 [log] [sess-diag] loadEngineSessions: 原始条数 = 1
12:47:03 [log] [sess-diag] loadEngineSessions: reconcile 后 convos = 1 order = 1
12:47:03 [log] [sess-diag] loadEngineSessions: 耗时(ms) fetch = 56 repoRoots = 9 build+reconcile = 3 set = 2 total = 70
12:47:27 [info] [intervention] {"stage":"fetch.response","at":1790311647451,"requestId":"bad558624a67c076","origin":"b5094fe8d78e452f","runId":"64609221c4b1faaa","sessionId":"b5094fe8d78e452f","userId":"bfb73c8efb3ccb6e","assistantId":"b7a719f88890b4da","elapsedMs":35918,"status":200,"ephemeral":false,"hasScope":true,"protocol":"chat-completions","route":"upstream"}
12:47:33 [log] [sess-diag] engineFetch GET /experimental/session?roots=true&limit=2000 -> HTTP 200 elapsed=34ms responseBytes=29599 engineUrl= http://127.0.0.1:61867 engineId= (default)
12:47:33 [log] [sess-diag] loadEngineSessions: 原始条数 = 1
12:47:33 [log] [sess-diag] loadEngineSessions: reconcile 后 convos = 1 order = 1
12:47:33 [log] [sess-diag] loadEngineSessions: 耗时(ms) fetch = 39 repoRoots = 11 build+reconcile = 3 set = 1 total = 54
12:47:34 [log] [perm-autopass] allow permission=external_directory
12:47:34 [log] [perm-autopass] allow permission=bash
12:47:40 [info] [intervention] {"stage":"model.start","at":1790311660532,"requestId":"bad558624a67c076","origin":"b5094fe8d78e452f","runId":"64609221c4b1faaa","sessionId":"b5094fe8d78e452f","userId":"bfb73c8efb3ccb6e","assistantId":"eefb2cf80e01b641","ephemeral":false,"hasScope":true,"route":"upstream"}
12:47:40 [info] [intervention] {"stage":"fetch.start","at":1790311660542,"requestId":"bad558624a67c076","origin":"b5094fe8d78e452f","runId":"64609221c4b1faaa","sessionId":"b5094fe8d78e452f","userId":"bfb73c8efb3ccb6e","assistantId":"eefb2cf80e01b641","ephemeral":false,"hasScope":true,"protocol":"chat-completions","route":"upstream"}
12:47:49 [info] [intervention] {"stage":"fetch.response","at":1790311669363,"requestId":"bad558624a67c076","origin":"b5094fe8d78e452f","runId":"64609221c4b1faaa","sessionId":"b5094fe8d78e452f","userId":"bfb73c8efb3ccb6e","assistantId":"eefb2cf80e01b641","elapsedMs":8821,"status":200,"ephemeral":false,"hasScope":true,"protocol":"chat-completions","route":"upstream"}
12:48:01 [info] [content-review/turn-binding] note-no-slot key=ses_ffe5f298357dfffeN82Wln2VmT anchor=msg:msg_g001a0d6e3fb81001sHTrIy9kw
12:48:01 [info] [intervention] {"stage":"output","at":1790311681853,"runId":"64609221c4b1faaa","sessionId":"b5094fe8d78e452f","assistantId":"eefb2cf80e01b641","textChars":1,"reviewSkipped":false}
12:48:04 [log] [sess-diag] engineFetch GET /experimental/session?roots=true&limit=2000 -> HTTP 200 elapsed=31ms responseBytes=29599 engineUrl= http://127.0.0.1:61867 engineId= (default)
12:48:04 [log] [sess-diag] loadEngineSessions: 原始条数 = 1
12:48:04 [log] [sess-diag] loadEngineSessions: reconcile 后 convos = 1 order = 1
12:48:04 [log] [sess-diag] loadEngineSessions: 耗时(ms) fetch = 59 repoRoots = 58 build+reconcile = 2 set = 2 total = 121
12:48:04 [info] [content-review] app=mimo_pc_output_text source=conversation why=limit batch=a1893c64fc7b3be4 api=/api/audit/check len=386 images=0 sha=e0243c50319b session=ses_ffe5f298357dfffeN82Wln2VmT elapsed=265ms verdict=pass reviewId=mimo-mimo_pc_output_text-1a043c150e924d4a878aa59d9ca941d5 detail=[serverVerdict=pass resultCode=1 subCode=9 aigc=- hints=0 detailsLen=0 resp=[passed=pass resultCode=1 reviewId=mimo-mimo_pc_output_text-1a043c150e924d4a878aa59d9ca941d5 offlineReason= offlineDetails=[0 chars] hint=[0 items] subCode=9 aigc=null]]
12:48:11 [info] [content-review] app=mimo_pc_output_text source=conversation why=limit batch=a1893c64fc7b3be4 api=/api/audit/check len=384 images=0 sha=f51dc0bf708d session=ses_ffe5f298357dfffeN82Wln2VmT elapsed=311ms verdict=pass reviewId=mimo-mimo_pc_output_text-7bfbaf3ed86c4ee6bca7c8ebabf544de detail=[serverVerdict=pass resultCode=1 subCode=9 aigc=- hints=0 detailsLen=0 resp=[passed=pass resultCode=1 reviewId=mimo-mimo_pc_output_text-7bfbaf3ed86c4ee6bca7c8ebabf544de offlineReason= offlineDetails=[0 chars] hint=[0 items] subCode=9 aigc=null]]
12:48:16 [log] [perm-autopass] allow permission=external_directory
12:48:16 [log] [perm-autopass] allow permission=bash
12:48:25 [info] [intervention] {"stage":"model.start","at":1790311705775,"requestId":"bad558624a67c076","origin":"b5094fe8d78e452f","runId":"64609221c4b1faaa","sessionId":"b5094fe8d78e452f","userId":"bfb73c8efb3ccb6e","assistantId":"b0664b2809664bdf","ephemeral":false,"hasScope":true,"route":"upstream"}
12:48:25 [info] [intervention] {"stage":"fetch.start","at":1790311705785,"requestId":"bad558624a67c076","origin":"b5094fe8d78e452f","runId":"64609221c4b1faaa","sessionId":"b5094fe8d78e452f","userId":"bfb73c8efb3ccb6e","assistantId":"b0664b2809664bdf","ephemeral":false,"hasScope":true,"protocol":"chat-completions","route":"upstream"}
12:48:30 [info] [intervention] {"stage":"fetch.response","at":1790311710527,"requestId":"bad558624a67c076","origin":"b5094fe8d78e452f","runId":"64609221c4b1faaa","sessionId":"b5094fe8d78e452f","userId":"bfb73c8efb3ccb6e","assistantId":"b0664b2809664bdf","elapsedMs":4742,"status":200,"ephemeral":false,"hasScope":true,"protocol":"chat-completions","route":"upstream"}
12:48:31 [info] [intervention] {"stage":"output","at":1790311711183,"runId":"64609221c4b1faaa","sessionId":"b5094fe8d78e452f","assistantId":"b0664b2809664bdf","textChars":8,"reviewSkipped":false}
12:48:31 [info] [experiment] key=feature_gates id=101197 type=string value={\n    "domestic": { "show_mcp_entry": false, "show_custom_model_button": true, "loop_streak_recovery": true, "show_evolve_entry": true,"show_computeruse": false, "show_browseruse": false, "show_pay": … elapsed=4ms
12:48:31 [info] [feature-gates] refresh: ok (elapsed=48ms)
12:48:31 [info] [config] loading from: https://cdn-exp-sg-recommend.pt.xiaomi.com/service/getClientBitMapExpConf/mimoDesktop(%E6%96%B0%E5%8A%A0%E5%9D%A1)
12:48:32 [info] [config] loaded tree for mimoDesktop(新加坡): children=2, upRuleIds=0
12:48:32 [info] [config] remote config loaded: 1 apps
12:48:32 [info] [config] loaded successfully: 1 apps
12:48:33 [log] [sess-diag] engineFetch GET /experimental/session?roots=true&limit=2000 -> HTTP 200 elapsed=22ms responseBytes=29599 engineUrl= http://127.0.0.1:61867 engineId= (default)
12:48:33 [log] [sess-diag] loadEngineSessions: 原始条数 = 1
12:48:33 [log] [sess-diag] loadEngineSessions: reconcile 后 convos = 1 order = 1
12:48:33 [log] [sess-diag] loadEngineSessions: 耗时(ms) fetch = 30 repoRoots = 9 build+reconcile = 3 set = 2 total = 43
12:48:38 [log] [perm-autopass] allow permission=bash
12:50:00 [log] [sess-diag] engineFetch GET /experimental/session?roots=true&limit=2000 -> HTTP 200 elapsed=129ms responseBytes=29599 engineUrl= http://127.0.0.1:61867 engineId= (default)
12:50:00 [log] [sess-diag] loadEngineSessions: 原始条数 = 1
12:50:01 [log] [sess-diag] loadEngineSessions: reconcile 后 convos = 1 order = 1
12:50:01 [log] [sess-diag] loadEngineSessions: 耗时(ms) fetch = 258 repoRoots = 23 build+reconcile = 3 set = 2 total = 286
12:50:03 [log] [sess-diag] engineFetch GET /experimental/session?roots=true&limit=2000 -> HTTP 200 elapsed=40ms responseBytes=29599 engineUrl= http://127.0.0.1:61867 engineId= (default)
12:50:03 [log] [sess-diag] loadEngineSessions: 原始条数 = 1
12:50:03 [log] [sess-diag] loadEngineSessions: reconcile 后 convos = 1 order = 1
12:50:03 [log] [sess-diag] loadEngineSessions: 耗时(ms) fetch = 61 repoRoots = 13 build+reconcile = 3 set = 2 total = 78
12:50:04 [log] [perm-autopass] allow permission=bash
12:50:12 [info] [intervention] {"stage":"model.start","at":1790311812061,"requestId":"bad558624a67c076","origin":"b5094fe8d78e452f","runId":"64609221c4b1faaa","sessionId":"b5094fe8d78e452f","userId":"bfb73c8efb3ccb6e","assistantId":"694f913eb5bfa574","ephemeral":false,"hasScope":true,"route":"upstream"}
12:50:12 [info] [intervention] {"stage":"fetch.start","at":1790311812072,"requestId":"bad558624a67c076","origin":"b5094fe8d78e452f","runId":"64609221c4b1faaa","sessionId":"b5094fe8d78e452f","userId":"bfb73c8efb3ccb6e","assistantId":"694f913eb5bfa574","ephemeral":false,"hasScope":true,"protocol":"chat-completions","route":"upstream"}
12:50:16 [info] [intervention] {"stage":"fetch.response","at":1790311816738,"requestId":"bad558624a67c076","origin":"b5094fe8d78e452f","runId":"64609221c4b1faaa","sessionId":"b5094fe8d78e452f","userId":"bfb73c8efb3ccb6e","assistantId":"694f913eb5bfa574","elapsedMs":4666,"status":200,"ephemeral":false,"hasScope":true,"protocol":"chat-completions","route":"upstream"}
12:50:19 [info] [intervention] {"stage":"output","at":1790311819341,"runId":"64609221c4b1faaa","sessionId":"b5094fe8d78e452f","assistantId":"694f913eb5bfa574","textChars":3,"reviewSkipped":false}
12:50:29 [log] [sess-diag] engineFetch GET /experimental/session?roots=true&limit=2000 -> HTTP 200 elapsed=96ms responseBytes=29599 engineUrl= http://127.0.0.1:61867 engineId= (default)
12:50:29 [log] [sess-diag] loadEngineSessions: 原始条数 = 1
12:50:29 [log] [sess-diag] loadEngineSessions: reconcile 后 convos = 1 order = 1
12:50:29 [log] [sess-diag] loadEngineSessions: 耗时(ms) fetch = 124 repoRoots = 2 build+reconcile = 4 set = 4 total = 134
12:50:30 [log] [sess-diag] engineFetch GET /experimental/session?roots=true&limit=2000 -> HTTP 200 elapsed=50ms responseBytes=29599 engineUrl= http://127.0.0.1:61867 engineId= (default)
12:50:30 [log] [sess-diag] loadEngineSessions: 原始条数 = 1
12:50:30 [log] [sess-diag] loadEngineSessions: reconcile 后 convos = 1 order = 1
12:50:30 [log] [sess-diag] loadEngineSessions: 耗时(ms) fetch = 69 repoRoots = 9 build+reconcile = 1 set = 1 total = 80
12:51:01 [log] [sess-diag] engineFetch GET /experimental/session?roots=true&limit=2000 -> HTTP 200 elapsed=175ms responseBytes=29599 engineUrl= http://127.0.0.1:61867 engineId= (default)
12:51:01 [log] [sess-diag] loadEngineSessions: 原始条数 = 1
12:51:01 [log] [sess-diag] loadEngineSessions: reconcile 后 convos = 1 order = 1
12:51:01 [log] [sess-diag] loadEngineSessions: 耗时(ms) fetch = 228 repoRoots = 26 build+reconcile = 4 set = 3 total = 261
12:51:03 [log] [sess-diag] engineFetch GET /experimental/session?roots=true&limit=2000 -> HTTP 200 elapsed=34ms responseBytes=29599 engineUrl= http://127.0.0.1:61867 engineId= (default)
12:51:03 [log] [sess-diag] loadEngineSessions: 原始条数 = 1
12:51:03 [log] [sess-diag] loadEngineSessions: reconcile 后 convos = 1 order = 1
12:51:03 [log] [sess-diag] loadEngineSessions: 耗时(ms) fetch = 72 repoRoots = 15 build+reconcile = 3 set = 4 total = 94
12:51:03 [log] [sess-diag] engineFetch GET /experimental/session?roots=true&limit=2000 -> HTTP 200 elapsed=18ms responseBytes=29599 engineUrl= http://127.0.0.1:61867 engineId= (default)
12:51:03 [log] [sess-diag] loadEngineSessions: 原始条数 = 1
12:51:03 [log] [sess-diag] loadEngineSessions: reconcile 后 convos = 1 order = 1
12:51:03 [log] [sess-diag] loadEngineSessions: 耗时(ms) fetch = 21 repoRoots = 2 build+reconcile = 1 set = 1 total = 25
12:51:04 [log] [perm-autopass] allow permission=external_directory
12:51:04 [info] [intervention] {"stage":"model.start","at":1790311864997,"requestId":"bad558624a67c076","origin":"b5094fe8d78e452f","runId":"64609221c4b1faaa","sessionId":"b5094fe8d78e452f","userId":"bfb73c8efb3ccb6e","assistantId":"a5069950a6afbf60","ephemeral":false,"hasScope":true,"route":"upstream"}
12:51:05 [info] [intervention] {"stage":"fetch.start","at":1790311865015,"requestId":"bad558624a67c076","origin":"b5094fe8d78e452f","runId":"64609221c4b1faaa","sessionId":"b5094fe8d78e452f","userId":"bfb73c8efb3ccb6e","assistantId":"a5069950a6afbf60","ephemeral":false,"hasScope":true,"protocol":"chat-completions","route":"upstream"}
12:51:07 [info] [intervention] {"stage":"fetch.response","at":1790311867259,"requestId":"bad558624a67c076","origin":"b5094fe8d78e452f","runId":"64609221c4b1faaa","sessionId":"b5094fe8d78e452f","userId":"bfb73c8efb3ccb6e","assistantId":"a5069950a6afbf60","elapsedMs":2244,"status":200,"ephemeral":false,"hasScope":true,"protocol":"chat-completions","route":"upstream"}
12:51:13 [log] [perm-autopass] allow permission=bash
12:51:14 [log] [sess-diag] engineFetch GET /experimental/session?roots=true&limit=2000 -> HTTP 200 elapsed=67ms responseBytes=29599 engineUrl= http://127.0.0.1:61867 engineId= (default)
12:51:14 [log] [sess-diag] loadEngineSessions: 原始条数 = 1
12:51:14 [log] [sess-diag] loadEngineSessions: reconcile 后 convos = 1 order = 1
12:51:14 [log] [sess-diag] loadEngineSessions: 耗时(ms) fetch = 94 repoRoots = 18 build+reconcile = 5 set = 3 total = 120
12:51:22 [log] [perm-autopass] allow permission=bash
12:51:40 [info] [intervention] {"stage":"model.start","at":1790311900338,"requestId":"bad558624a67c076","origin":"b5094fe8d78e452f","runId":"64609221c4b1faaa","sessionId":"b5094fe8d78e452f","userId":"bfb73c8efb3ccb6e","assistantId":"1317221e036fb8fa","ephemeral":false,"hasScope":true,"route":"upstream"}
12:51:40 [info] [intervention] {"stage":"fetch.start","at":1790311900349,"requestId":"bad558624a67c076","origin":"b5094fe8d78e452f","runId":"64609221c4b1faaa","sessionId":"b5094fe8d78e452f","userId":"bfb73c8efb3ccb6e","assistantId":"1317221e036fb8fa","ephemeral":false,"hasScope":true,"protocol":"chat-completions","route":"upstream"}
12:51:45 [info] [intervention] {"stage":"fetch.response","at":1790311905296,"requestId":"bad558624a67c076","origin":"b5094fe8d78e452f","runId":"64609221c4b1faaa","sessionId":"b5094fe8d78e452f","userId":"bfb73c8efb3ccb6e","assistantId":"1317221e036fb8fa","elapsedMs":4947,"status":200,"ephemeral":false,"hasScope":true,"protocol":"chat-completions","route":"upstream"}
12:51:48 [info] [intervention] {"stage":"output","at":1790311908231,"runId":"64609221c4b1faaa","sessionId":"b5094fe8d78e452f","assistantId":"1317221e036fb8fa","textChars":9,"reviewSkipped":false}
12:51:54 [log] [perm-autopass] allow permission=bash
12:52:00 [log] [sess-diag] engineFetch GET /experimental/session?roots=true&limit=2000 -> HTTP 200 elapsed=38ms responseBytes=29599 engineUrl= http://127.0.0.1:61867 engineId= (default)
12:52:00 [log] [sess-diag] loadEngineSessions: 原始条数 = 1
12:52:00 [log] [sess-diag] loadEngineSessions: reconcile 后 convos = 1 order = 1
12:52:00 [log] [sess-diag] loadEngineSessions: 耗时(ms) fetch = 107 repoRoots = 4 build+reconcile = 6 set = 3 total = 120
12:52:02 [log] [sess-diag] engineFetch GET /experimental/session?roots=true&limit=2000 -> HTTP 200 elapsed=72ms responseBytes=29599 engineUrl= http://127.0.0.1:61867 engineId= (default)
12:52:02 [log] [sess-diag] loadEngineSessions: 原始条数 = 1
12:52:02 [log] [sess-diag] loadEngineSessions: reconcile 后 convos = 1 order = 1
12:52:02 [log] [sess-diag] loadEngineSessions: 耗时(ms) fetch = 95 repoRoots = 13 build+reconcile = 2 set = 2 total = 112
12:52:03 [log] [sess-diag] engineFetch GET /experimental/session?roots=true&limit=2000 -> HTTP 200 elapsed=29ms responseBytes=29599 engineUrl= http://127.0.0.1:61867 engineId= (default)
12:52:03 [log] [sess-diag] loadEngineSessions: 原始条数 = 1
12:52:03 [log] [sess-diag] loadEngineSessions: reconcile 后 convos = 1 order = 1
12:52:03 [log] [sess-diag] loadEngineSessions: 耗时(ms) fetch = 62 repoRoots = 13 build+reconcile = 2 set = 1 total = 76
12:52:23 [info] [intervention] {"stage":"model.start","at":1790311943851,"requestId":"bad558624a67c076","origin":"b5094fe8d78e452f","runId":"64609221c4b1faaa","sessionId":"b5094fe8d78e452f","userId":"bfb73c8efb3ccb6e","assistantId":"03dad9394e49090e","ephemeral":false,"hasScope":true,"route":"upstream"}
12:52:23 [info] [intervention] {"stage":"fetch.start","at":1790311943867,"requestId":"bad558624a67c076","origin":"b5094fe8d78e452f","runId":"64609221c4b1faaa","sessionId":"b5094fe8d78e452f","userId":"bfb73c8efb3ccb6e","assistantId":"03dad9394e49090e","ephemeral":false,"hasScope":true,"protocol":"chat-completions","route":"upstream"}
12:52:35 [info] [intervention] {"stage":"fetch.response","at":1790311955075,"requestId":"bad558624a67c076","origin":"b5094fe8d78e452f","runId":"64609221c4b1faaa","sessionId":"b5094fe8d78e452f","userId":"bfb73c8efb3ccb6e","assistantId":"03dad9394e49090e","elapsedMs":11208,"status":200,"ephemeral":false,"hasScope":true,"protocol":"chat-completions","route":"upstream"}
12:52:35 [info] [intervention] {"stage":"output","at":1790311955668,"runId":"64609221c4b1faaa","sessionId":"b5094fe8d78e452f","assistantId":"03dad9394e49090e","textChars":2,"reviewSkipped":false}
12:52:42 [log] [perm-autopass] allow permission=bash
12:52:52 [info] [intervention] {"stage":"model.start","at":1790311972320,"requestId":"bad558624a67c076","origin":"b5094fe8d78e452f","runId":"64609221c4b1faaa","sessionId":"b5094fe8d78e452f","userId":"bfb73c8efb3ccb6e","assistantId":"7552c84ff0b5d606","ephemeral":false,"hasScope":true,"route":"upstream"}
12:52:52 [info] [intervention] {"stage":"fetch.start","at":1790311972335,"requestId":"bad558624a67c076","origin":"b5094fe8d78e452f","runId":"64609221c4b1faaa","sessionId":"b5094fe8d78e452f","userId":"bfb73c8efb3ccb6e","assistantId":"7552c84ff0b5d606","ephemeral":false,"hasScope":true,"protocol":"chat-completions","route":"upstream"}
12:52:56 [info] [intervention] {"stage":"fetch.response","at":1790311976366,"requestId":"bad558624a67c076","origin":"b5094fe8d78e452f","runId":"64609221c4b1faaa","sessionId":"b5094fe8d78e452f","userId":"bfb73c8efb3ccb6e","assistantId":"7552c84ff0b5d606","elapsedMs":4031,"status":200,"ephemeral":false,"hasScope":true,"protocol":"chat-completions","route":"upstream"}
12:52:56 [info] [intervention] {"stage":"output","at":1790311976904,"runId":"64609221c4b1faaa","sessionId":"b5094fe8d78e452f","assistantId":"7552c84ff0b5d606","textChars":2,"reviewSkipped":false}
12:53:03 [log] [perm-autopass] allow permission=bash
12:53:28 [log] [sess-diag] engineFetch GET /experimental/session?roots=true&limit=2000 -> HTTP 200 elapsed=41ms responseBytes=29599 engineUrl= http://127.0.0.1:61867 engineId= (default)
12:53:28 [log] [sess-diag] loadEngineSessions: 原始条数 = 1
12:53:28 [log] [sess-diag] loadEngineSessions: reconcile 后 convos = 1 order = 1
12:53:28 [log] [sess-diag] loadEngineSessions: 耗时(ms) fetch = 110 repoRoots = 14 build+reconcile = 2 set = 4 total = 130
12:53:33 [log] [sess-diag] engineFetch GET /experimental/session?roots=true&limit=2000 -> HTTP 200 elapsed=90ms responseBytes=29599 engineUrl= http://127.0.0.1:61867 engineId= (default)
12:53:33 [log] [sess-diag] loadEngineSessions: 原始条数 = 1
12:53:33 [log] [sess-diag] loadEngineSessions: reconcile 后 convos = 1 order = 1
12:53:33 [log] [sess-diag] loadEngineSessions: 耗时(ms) fetch = 96 repoRoots = 3 build+reconcile = 2 set = 3 total = 104
12:53:51 [info] [intervention] {"stage":"model.start","at":1790312031689,"requestId":"bad558624a67c076","origin":"b5094fe8d78e452f","runId":"64609221c4b1faaa","sessionId":"b5094fe8d78e452f","userId":"bfb73c8efb3ccb6e","assistantId":"e9b9dde4ff24d66f","ephemeral":false,"hasScope":true,"route":"upstream"}
12:53:51 [info] [intervention] {"stage":"fetch.start","at":1790312031701,"requestId":"bad558624a67c076","origin":"b5094fe8d78e452f","runId":"64609221c4b1faaa","sessionId":"b5094fe8d78e452f","userId":"bfb73c8efb3ccb6e","assistantId":"e9b9dde4ff24d66f","ephemeral":false,"hasScope":true,"protocol":"chat-completions","route":"upstream"}
12:53:54 [info] [intervention] {"stage":"fetch.response","at":1790312034530,"requestId":"bad558624a67c076","origin":"b5094fe8d78e452f","runId":"64609221c4b1faaa","sessionId":"b5094fe8d78e452f","userId":"bfb73c8efb3ccb6e","assistantId":"e9b9dde4ff24d66f","elapsedMs":2828,"status":200,"ephemeral":false,"hasScope":true,"protocol":"chat-completions","route":"upstream"}
12:54:03 [log] [sess-diag] engineFetch GET /experimental/session?roots=true&limit=2000 -> HTTP 200 elapsed=103ms responseBytes=29599 engineUrl= http://127.0.0.1:61867 engineId= (default)
12:54:03 [log] [sess-diag] loadEngineSessions: 原始条数 = 1
12:54:03 [log] [sess-diag] loadEngineSessions: reconcile 后 convos = 1 order = 1
12:54:03 [log] [sess-diag] loadEngineSessions: 耗时(ms) fetch = 109 repoRoots = 10 build+reconcile = 2 set = 2 total = 123
12:54:33 [log] [sess-diag] engineFetch GET /experimental/session?roots=true&limit=2000 -> HTTP 200 elapsed=41ms responseBytes=29599 engineUrl= http://127.0.0.1:61867 engineId= (default)
12:54:33 [log] [sess-diag] loadEngineSessions: 原始条数 = 1
12:54:33 [log] [sess-diag] loadEngineSessions: reconcile 后 convos = 1 order = 1
12:54:33 [log] [sess-diag] loadEngineSessions: 耗时(ms) fetch = 59 repoRoots = 10 build+reconcile = 2 set = 3 total = 74
12:55:03 [log] [sess-diag] engineFetch GET /experimental/session?roots=true&limit=2000 -> HTTP 200 elapsed=66ms responseBytes=29599 engineUrl= http://127.0.0.1:61867 engineId= (default)
12:55:03 [log] [sess-diag] loadEngineSessions: 原始条数 = 1
12:55:03 [log] [sess-diag] loadEngineSessions: reconcile 后 convos = 1 order = 1
12:55:04 [log] [sess-diag] loadEngineSessions: 耗时(ms) fetch = 185 repoRoots = 42 build+reconcile = 3 set = 3 total = 233
12:55:33 [log] [sess-diag] engineFetch GET /experimental/session?roots=true&limit=2000 -> HTTP 200 elapsed=53ms responseBytes=29599 engineUrl= http://127.0.0.1:61867 engineId= (default)
12:55:33 [log] [sess-diag] loadEngineSessions: 原始条数 = 1
12:55:33 [log] [sess-diag] loadEngineSessions: reconcile 后 convos = 1 order = 1
12:55:33 [log] [sess-diag] loadEngineSessions: 耗时(ms) fetch = 81 repoRoots = 22 build+reconcile = 5 set = 3 total = 110
12:56:22 [log] [sess-diag] engineFetch GET /experimental/session?roots=true&limit=2000 -> HTTP 200 elapsed=97ms responseBytes=29599 engineUrl= http://127.0.0.1:61867 engineId= (default)
12:56:22 [log] [sess-diag] loadEngineSessions: 原始条数 = 1
12:56:22 [log] [sess-diag] loadEngineSessions: reconcile 后 convos = 1 order = 1
12:56:22 [log] [sess-diag] loadEngineSessions: 耗时(ms) fetch = 140 repoRoots = 26 build+reconcile = 3 set = 2 total = 170
12:56:33 [log] [sess-diag] engineFetch GET /experimental/session?roots=true&limit=2000 -> HTTP 200 elapsed=21ms responseBytes=29599 engineUrl= http://127.0.0.1:61867 engineId= (default)
12:56:33 [log] [sess-diag] loadEngineSessions: 原始条数 = 1
12:56:33 [log] [sess-diag] loadEngineSessions: reconcile 后 convos = 1 order = 1
12:56:33 [log] [sess-diag] loadEngineSessions: 耗时(ms) fetch = 44 repoRoots = 12 build+reconcile = 3 set = 3 total = 61
12:57:03 [log] [sess-diag] engineFetch GET /experimental/session?roots=true&limit=2000 -> HTTP 200 elapsed=35ms responseBytes=29599 engineUrl= http://127.0.0.1:61867 engineId= (default)
12:57:03 [log] [sess-diag] loadEngineSessions: 原始条数 = 1
12:57:03 [log] [sess-diag] loadEngineSessions: reconcile 后 convos = 1 order = 1
12:57:03 [log] [sess-diag] loadEngineSessions: 耗时(ms) fetch = 81 repoRoots = 21 build+reconcile = 3 set = 3 total = 108
12:57:33 [log] [sess-diag] engineFetch GET /experimental/session?roots=true&limit=2000 -> HTTP 200 elapsed=36ms responseBytes=29599 engineUrl= http://127.0.0.1:61867 engineId= (default)
12:57:33 [log] [sess-diag] loadEngineSessions: 原始条数 = 1
12:57:33 [log] [sess-diag] loadEngineSessions: reconcile 后 convos = 1 order = 1
12:57:33 [log] [sess-diag] loadEngineSessions: 耗时(ms) fetch = 43 repoRoots = 15 build+reconcile = 3 set = 2 total = 62
12:58:03 [log] [sess-diag] engineFetch GET /experimental/session?roots=true&limit=2000 -> HTTP 200 elapsed=40ms responseBytes=29599 engineUrl= http://127.0.0.1:61867 engineId= (default)
12:58:03 [log] [sess-diag] loadEngineSessions: 原始条数 = 1
12:58:03 [log] [sess-diag] loadEngineSessions: reconcile 后 convos = 1 order = 1
12:58:03 [log] [sess-diag] loadEngineSessions: 耗时(ms) fetch = 62 repoRoots = 13 build+reconcile = 3 set = 2 total = 80
12:58:31 [info] [experiment] key=feature_gates id=101197 type=string value={\n    "domestic": { "show_mcp_entry": false, "show_custom_model_button": true, "loop_streak_recovery": true, "show_evolve_entry": true,"show_computeruse": false, "show_browseruse": false, "show_pay": … elapsed=5ms
12:58:31 [info] [feature-gates] refresh: ok (elapsed=19ms)
12:58:31 [info] [config] loading from: https://cdn-exp-sg-recommend.pt.xiaomi.com/service/getClientBitMapExpConf/mimoDesktop(%E6%96%B0%E5%8A%A0%E5%9D%A1)
12:58:32 [info] [config] loaded tree for mimoDesktop(新加坡): children=2, upRuleIds=0
12:58:32 [info] [config] remote config loaded: 1 apps
12:58:32 [info] [config] loaded successfully: 1 apps
12:58:33 [log] [sess-diag] engineFetch GET /experimental/session?roots=true&limit=2000 -> HTTP 200 elapsed=37ms responseBytes=29599 engineUrl= http://127.0.0.1:61867 engineId= (default)
12:58:33 [log] [sess-diag] loadEngineSessions: 原始条数 = 1
12:58:33 [log] [sess-diag] loadEngineSessions: reconcile 后 convos = 1 order = 1
12:58:33 [log] [sess-diag] loadEngineSessions: 耗时(ms) fetch = 58 repoRoots = 13 build+reconcile = 3 set = 2 total = 75
12:59:03 [log] [sess-diag] engineFetch GET /experimental/session?roots=true&limit=2000 -> HTTP 200 elapsed=25ms responseBytes=29599 engineUrl= http://127.0.0.1:61867 engineId= (default)
12:59:03 [log] [sess-diag] loadEngineSessions: 原始条数 = 1
12:59:03 [log] [sess-diag] loadEngineSessions: reconcile 后 convos = 1 order = 1
12:59:03 [log] [sess-diag] loadEngineSessions: 耗时(ms) fetch = 57 repoRoots = 14 build+reconcile = 2 set = 2 total = 75
12:59:33 [log] [sess-diag] engineFetch GET /experimental/session?roots=true&limit=2000 -> HTTP 200 elapsed=39ms responseBytes=29599 engineUrl= http://127.0.0.1:61867 engineId= (default)
12:59:33 [log] [sess-diag] loadEngineSessions: 原始条数 = 1
12:59:33 [log] [sess-diag] loadEngineSessions: reconcile 后 convos = 1 order = 1
12:59:33 [log] [sess-diag] loadEngineSessions: 耗时(ms) fetch = 60 repoRoots = 13 build+reconcile = 2 set = 2 total = 76
12:59:45 [info] [intervention] {"stage":"closed","at":1790312385745,"requestId":"bad558624a67c076","origin":"b5094fe8d78e452f","runId":"64609221c4b1faaa","sessionId":"b5094fe8d78e452f","userId":"bfb73c8efb3ccb6e","elapsedMs":937615,"textChars":138}
12:59:45 [info] [turn-power-save] released sysId=5 last=run:ses_ffe5f298357dfffeN82Wln2VmT
12:59:46 [log] [sess-diag] engineFetch GET /session/ses_ffe5f298357dfffeN82Wln2VmT/task -> HTTP 200 elapsed=801ms responseBytes=1444 engineUrl= http://127.0.0.1:61867 engineId= mimocode
12:59:46 [log] [sess-diag] engineFetch GET /session/ses_ffe5f298357dfffeN82Wln2VmT -> HTTP 200 elapsed=809ms responseBytes=29556 engineUrl= http://127.0.0.1:61867 engineId= mimocode
12:59:46 [log] [sess-diag] engineFetch GET /session/ses_ffe5f298357dfffeN82Wln2VmT/recovery -> HTTP 200 elapsed=832ms responseBytes=151 engineUrl= http://127.0.0.1:61867 engineId= mimocode
12:59:46 [warn] [content-review] app=mimo_pc_output_text source=conversation why=flush batch=a1893c64fc7b3be4 api=/api/audit/check len=217 images=0 sha=fa06e44487f0 session=ses_ffe5f298357dfffeN82Wln2VmT elapsed=1004ms verdict=unavailable reviewId=- reason=[review timeout (1000ms)]
12:59:47 [warn] [content-review] app=mimo_pc_output_text source=conversation why=flush batch=0d38b99a3879d70f api=/api/audit/check len=28 images=0 sha=dca16bc24d3b session=ses_ffe5f298357dfffeN82Wln2VmT elapsed=1001ms verdict=unavailable reviewId=- reason=[review timeout (1000ms)]
12:59:48 [warn] [content-review] app=mimo_pc_output_text source=conversation why=flush batch=788e8772d796b290 api=/api/audit/check len=20 images=0 sha=c04cceefc6ba session=ses_ffe5f298357dfffeN82Wln2VmT elapsed=1003ms verdict=unavailable reviewId=- reason=[review timeout (1000ms)]
12:59:49 [warn] [content-review] app=mimo_pc_output_text source=conversation why=flush batch=9edeb262b961daef api=/api/audit/check len=64 images=0 sha=a3e8d7008193 session=ses_ffe5f298357dfffeN82Wln2VmT elapsed=1018ms verdict=unavailable reviewId=- reason=[review timeout (1000ms)]
12:59:50 [warn] [content-review] app=mimo_pc_output_text source=conversation why=flush batch=8c598b89dcde4dc6 api=/api/audit/check len=46 images=0 sha=571e63a8f40a session=ses_ffe5f298357dfffeN82Wln2VmT elapsed=1006ms verdict=unavailable reviewId=- reason=[review timeout (1000ms)]
12:59:51 [warn] [content-review] app=mimo_pc_output_text source=conversation why=flush batch=6b3f80de0a032546 api=/api/audit/check len=54 images=0 sha=7ac3035599d7 session=ses_ffe5f298357dfffeN82Wln2VmT elapsed=1013ms verdict=unavailable reviewId=- reason=[review timeout (1000ms)]
13:00:03 [log] [sess-diag] engineFetch GET /experimental/session?roots=true&limit=2000 -> HTTP 200 elapsed=39ms responseBytes=29599 engineUrl= http://127.0.0.1:61867 engineId= (default)
13:00:03 [log] [sess-diag] loadEngineSessions: 原始条数 = 1
13:00:03 [log] [sess-diag] loadEngineSessions: reconcile 后 convos = 1 order = 1
13:00:03 [log] [sess-diag] loadEngineSessions: 耗时(ms) fetch = 76 repoRoots = 4 build+reconcile = 3 set = 2 total = 84
13:00:08 [info] [intervention] {"stage":"query","at":1790312408414,"requestId":"0cbdcc0f36ec4646","origin":"b5094fe8d78e452f","elapsedMs":1037,"textChars":13,"queryChars":13,"truncated":false,"result":"unavailable"}
13:00:09 [warn] [content-review] app=mimo_pc_input_text source=input why=oneshot batch=a3d7b2cedccf7abc api=/api/audit/check len=13 images=0 sha=38f63f102357 session=ses_ffe5f298357dfffeN82Wln2VmT elapsed=1006ms verdict=unavailable reviewId=- reason=[review timeout (1000ms)]
13:00:09 [info] [intervention] {"stage":"prepared","at":1790312409430,"requestId":"0cbdcc0f36ec4646","origin":"b5094fe8d78e452f","elapsedMs":2053,"textChars":13,"result":"ready"}
13:00:09 [info] [intervention] {"stage":"claim","at":1790312409478,"requestId":"0cbdcc0f36ec4646","origin":"b5094fe8d78e452f","sessionId":"b5094fe8d78e452f","elapsedMs":2101,"textChars":13}
13:00:09 [info] [smart-router] {"origin":"ses_ffe5f298357dfffeN82Wln2VmT","model":"mimo-pro"}
13:00:09 [info] [harness] session origin=ses_ffe5f298357dfffeN82Wln2VmT sid=ses_ffe5f298357dfffeN82Wln2VmT source=user msgLen=13
13:00:09 [info] [turn-power-save] acquired sysId=6 mode=prevent-app-suspension first=run:ses_ffe5f298357dfffeN82Wln2VmT
13:00:10 [info] [intervention] {"stage":"dispatch","at":1790312410141,"requestId":"0cbdcc0f36ec4646","origin":"b5094fe8d78e452f","runId":"295708ad08ed005e","sessionId":"b5094fe8d78e452f","elapsedMs":2764,"textChars":13}
13:00:10 [info] [intervention] {"stage":"user-bound","at":1790312410447,"requestId":"0cbdcc0f36ec4646","origin":"b5094fe8d78e452f","runId":"295708ad08ed005e","sessionId":"b5094fe8d78e452f","userId":"f20ef697fb3e5515","elapsedMs":3070,"textChars":13}
13:00:11 [info] [intervention] {"stage":"model.start","at":1790312411937,"requestId":"0cbdcc0f36ec4646","origin":"b5094fe8d78e452f","runId":"295708ad08ed005e","sessionId":"b5094fe8d78e452f","userId":"f20ef697fb3e5515","assistantId":"1237984489089a66","ephemeral":false,"hasScope":true,"route":"upstream"}
13:00:11 [info] [intervention] {"stage":"fetch.start","at":1790312411954,"requestId":"0cbdcc0f36ec4646","origin":"b5094fe8d78e452f","runId":"295708ad08ed005e","sessionId":"b5094fe8d78e452f","userId":"f20ef697fb3e5515","assistantId":"1237984489089a66","ephemeral":false,"hasScope":true,"protocol":"chat-completions","route":"upstream"}
13:00:19 [info] [intervention] {"stage":"fetch.response","at":1790312419862,"requestId":"0cbdcc0f36ec4646","origin":"b5094fe8d78e452f","runId":"295708ad08ed005e","sessionId":"b5094fe8d78e452f","userId":"f20ef697fb3e5515","assistantId":"1237984489089a66","elapsedMs":7908,"status":200,"ephemeral":false,"hasScope":true,"protocol":"chat-completions","route":"upstream"}
13:00:21 [info] [content-review/turn-binding] note-no-slot key=ses_ffe5f298357dfffeN82Wln2VmT anchor=msg:msg_g001a0d6ef7168001tDRp7rORF
13:00:21 [info] [intervention] {"stage":"output","at":1790312421246,"runId":"295708ad08ed005e","sessionId":"b5094fe8d78e452f","assistantId":"1237984489089a66","textChars":2,"reviewSkipped":false}
13:00:28 [log] [perm-autopass] allow permission=bash
13:00:48 [info] [intervention] {"stage":"model.start","at":1790312448193,"requestId":"0cbdcc0f36ec4646","origin":"b5094fe8d78e452f","runId":"295708ad08ed005e","sessionId":"b5094fe8d78e452f","userId":"f20ef697fb3e5515","assistantId":"2fec119593dc3228","ephemeral":false,"hasScope":true,"route":"upstream"}
13:00:48 [info] [intervention] {"stage":"fetch.start","at":1790312448207,"requestId":"0cbdcc0f36ec4646","origin":"b5094fe8d78e452f","runId":"295708ad08ed005e","sessionId":"b5094fe8d78e452f","userId":"f20ef697fb3e5515","assistantId":"2fec119593dc3228","ephemeral":false,"hasScope":true,"protocol":"chat-completions","route":"upstream"}
13:00:58 [info] [intervention] {"stage":"fetch.response","at":1790312458185,"requestId":"0cbdcc0f36ec4646","origin":"b5094fe8d78e452f","runId":"295708ad08ed005e","sessionId":"b5094fe8d78e452f","userId":"f20ef697fb3e5515","assistantId":"2fec119593dc3228","elapsedMs":9978,"status":200,"ephemeral":false,"hasScope":true,"protocol":"chat-completions","route":"upstream"}
13:01:17 [log] [sess-diag] engineFetch GET /experimental/session?roots=true&limit=2000 -> HTTP 200 elapsed=387ms responseBytes=29599 engineUrl= http://127.0.0.1:61867 engineId= (default)
13:01:17 [log] [sess-diag] loadEngineSessions: 原始条数 = 1
13:01:17 [log] [sess-diag] loadEngineSessions: reconcile 后 convos = 1 order = 1
13:01:17 [log] [sess-diag] loadEngineSessions: 耗时(ms) fetch = 502 repoRoots = 37 build+reconcile = 3 set = 3 total = 546
13:01:33 [log] [sess-diag] engineFetch GET /experimental/session?roots=true&limit=2000 -> HTTP 200 elapsed=46ms responseBytes=29599 engineUrl= http://127.0.0.1:61867 engineId= (default)
13:01:33 [log] [sess-diag] loadEngineSessions: 原始条数 = 1
13:01:33 [log] [sess-diag] loadEngineSessions: reconcile 后 convos = 1 order = 1
13:01:33 [log] [sess-diag] loadEngineSessions: 耗时(ms) fetch = 55 repoRoots = 17 build+reconcile = 5 set = 4 total = 80
13:01:40 [info] [intervention] {"stage":"model.start","at":1790312500849,"requestId":"0cbdcc0f36ec4646","origin":"b5094fe8d78e452f","runId":"295708ad08ed005e","sessionId":"b5094fe8d78e452f","userId":"f20ef697fb3e5515","assistantId":"f14ba619d9b2f067","ephemeral":false,"hasScope":true,"route":"upstream"}
13:01:40 [info] [intervention] {"stage":"fetch.start","at":1790312500862,"requestId":"0cbdcc0f36ec4646","origin":"b5094fe8d78e452f","runId":"295708ad08ed005e","sessionId":"b5094fe8d78e452f","userId":"f20ef697fb3e5515","assistantId":"f14ba619d9b2f067","ephemeral":false,"hasScope":true,"protocol":"chat-completions","route":"upstream"}
13:01:45 [info] [intervention] {"stage":"fetch.response","at":1790312505921,"requestId":"0cbdcc0f36ec4646","origin":"b5094fe8d78e452f","runId":"295708ad08ed005e","sessionId":"b5094fe8d78e452f","userId":"f20ef697fb3e5515","assistantId":"f14ba619d9b2f067","elapsedMs":5059,"status":200,"ephemeral":false,"hasScope":true,"protocol":"chat-completions","route":"upstream"}
13:01:48 [info] [intervention] {"stage":"output","at":1790312508083,"runId":"295708ad08ed005e","sessionId":"b5094fe8d78e452f","assistantId":"f14ba619d9b2f067","textChars":3,"reviewSkipped":false}
13:01:53 [log] [sess-diag] engineFetch GET /experimental/session?roots=true&limit=2000 -> HTTP 200 elapsed=129ms responseBytes=29599 engineUrl= http://127.0.0.1:61867 engineId= (default)
13:01:53 [log] [sess-diag] loadEngineSessions: 原始条数 = 1
13:01:53 [log] [sess-diag] loadEngineSessions: reconcile 后 convos = 1 order = 1
13:01:53 [log] [sess-diag] loadEngineSessions: 耗时(ms) fetch = 142 repoRoots = 19 build+reconcile = 2 set = 1 total = 164
13:01:59 [log] [perm-autopass] allow permission=bash
13:02:51 [log] [sess-diag] engineFetch GET /experimental/session?roots=true&limit=2000 -> HTTP 200 elapsed=65ms responseBytes=29599 engineUrl= http://127.0.0.1:61867 engineId= (default)
13:02:51 [log] [sess-diag] loadEngineSessions: 原始条数 = 1
13:02:51 [log] [sess-diag] loadEngineSessions: reconcile 后 convos = 1 order = 1
13:02:51 [log] [sess-diag] loadEngineSessions: 耗时(ms) fetch = 126 repoRoots = 16 build+reconcile = 4 set = 9 total = 153
13:04:02 [info] [intervention] {"stage":"model.start","at":1790312642414,"requestId":"0cbdcc0f36ec4646","origin":"b5094fe8d78e452f","runId":"295708ad08ed005e","sessionId":"b5094fe8d78e452f","userId":"f20ef697fb3e5515","assistantId":"1b234cf28f801f12","ephemeral":false,"hasScope":true,"route":"upstream"}
13:04:02 [info] [intervention] {"stage":"fetch.start","at":1790312642426,"requestId":"0cbdcc0f36ec4646","origin":"b5094fe8d78e452f","runId":"295708ad08ed005e","sessionId":"b5094fe8d78e452f","userId":"f20ef697fb3e5515","assistantId":"1b234cf28f801f12","ephemeral":false,"hasScope":true,"protocol":"chat-completions","route":"upstream"}
13:04:19 [info] [intervention] {"stage":"fetch.response","at":1790312659256,"requestId":"0cbdcc0f36ec4646","origin":"b5094fe8d78e452f","runId":"295708ad08ed005e","sessionId":"b5094fe8d78e452f","userId":"f20ef697fb3e5515","assistantId":"1b234cf28f801f12","elapsedMs":16830,"status":200,"ephemeral":false,"hasScope":true,"protocol":"chat-completions","route":"upstream"}
13:04:28 [log] [perm-model-approve] start permission=bash model=mimo-pro
13:04:32 [log] [perm-model-approve] http candidate=session:mimo-pro protocol=openai model=mimo-pro host=mimo-server-cn.xiaomimimo.com probe=false status=200
13:04:32 [log] [perm-model-approve] judge permission=bash candidate=session model=mimo-pro queries=3 decision=ask
13:04:40 [log] [sess-diag] engineFetch GET /experimental/session?roots=true&limit=2000 -> HTTP 200 elapsed=56ms responseBytes=29599 engineUrl= http://127.0.0.1:61867 engineId= (default)
13:04:40 [log] [sess-diag] loadEngineSessions: 原始条数 = 1
13:04:40 [log] [sess-diag] loadEngineSessions: reconcile 后 convos = 1 order = 1
13:04:40 [log] [sess-diag] loadEngineSessions: 耗时(ms) fetch = 60 repoRoots = 2 build+reconcile = 1 set = 1 total = 65
13:04:50 [log] [sess-diag] engineFetch GET /experimental/session?roots=true&limit=2000 -> HTTP 200 elapsed=105ms responseBytes=29599 engineUrl= http://127.0.0.1:61867 engineId= (default)
13:04:50 [log] [sess-diag] loadEngineSessions: 原始条数 = 1
13:04:50 [log] [sess-diag] loadEngineSessions: reconcile 后 convos = 1 order = 1
13:04:50 [log] [sess-diag] loadEngineSessions: 耗时(ms) fetch = 115 repoRoots = 18 build+reconcile = 2 set = 2 total = 136
13:05:17 [info] [intervention] {"stage":"model.start","at":1790312717855,"requestId":"0cbdcc0f36ec4646","origin":"b5094fe8d78e452f","runId":"295708ad08ed005e","sessionId":"b5094fe8d78e452f","userId":"f20ef697fb3e5515","assistantId":"043eab1cbff3e49e","ephemeral":false,"hasScope":true,"route":"upstream"}
13:05:17 [info] [intervention] {"stage":"fetch.start","at":1790312717867,"requestId":"0cbdcc0f36ec4646","origin":"b5094fe8d78e452f","runId":"295708ad08ed005e","sessionId":"b5094fe8d78e452f","userId":"f20ef697fb3e5515","assistantId":"043eab1cbff3e49e","ephemeral":false,"hasScope":true,"protocol":"chat-completions","route":"upstream"}
13:06:15 [log] [sess-diag] engineFetch GET /experimental/session?roots=true&limit=2000 -> HTTP 200 elapsed=98ms responseBytes=29599 engineUrl= http://127.0.0.1:61867 engineId= (default)
13:06:15 [log] [sess-diag] loadEngineSessions: 原始条数 = 1
13:06:15 [log] [sess-diag] loadEngineSessions: reconcile 后 convos = 1 order = 1
13:06:15 [log] [sess-diag] loadEngineSessions: 耗时(ms) fetch = 121 repoRoots = 14 build+reconcile = 3 set = 3 total = 140
13:06:33 [log] [sess-diag] engineFetch GET /experimental/session?roots=true&limit=2000 -> HTTP 200 elapsed=53ms responseBytes=29599 engineUrl= http://127.0.0.1:61867 engineId= (default)
13:06:33 [log] [sess-diag] loadEngineSessions: 原始条数 = 1
13:06:34 [log] [sess-diag] loadEngineSessions: reconcile 后 convos = 1 order = 1
13:06:34 [log] [sess-diag] loadEngineSessions: 耗时(ms) fetch = 204 repoRoots = 35 build+reconcile = 3 set = 2 total = 244
13:07:03 [log] [sess-diag] engineFetch GET /experimental/session?roots=true&limit=2000 -> HTTP 200 elapsed=31ms responseBytes=29599 engineUrl= http://127.0.0.1:61867 engineId= (default)
13:07:03 [log] [sess-diag] loadEngineSessions: 原始条数 = 1
13:07:03 [log] [sess-diag] loadEngineSessions: reconcile 后 convos = 1 order = 1
13:07:03 [log] [sess-diag] loadEngineSessions: 耗时(ms) fetch = 36 repoRoots = 12 build+reconcile = 2 set = 1 total = 52
13:07:33 [log] [sess-diag] engineFetch GET /experimental/session?roots=true&limit=2000 -> HTTP 200 elapsed=32ms responseBytes=29599 engineUrl= http://127.0.0.1:61867 engineId= (default)
13:07:33 [log] [sess-diag] loadEngineSessions: 原始条数 = 1
13:07:33 [log] [sess-diag] loadEngineSessions: reconcile 后 convos = 1 order = 1
13:07:33 [log] [sess-diag] loadEngineSessions: 耗时(ms) fetch = 38 repoRoots = 10 build+reconcile = 2 set = 2 total = 52
13:08:03 [log] [sess-diag] engineFetch GET /experimental/session?roots=true&limit=2000 -> HTTP 200 elapsed=35ms responseBytes=29599 engineUrl= http://127.0.0.1:61867 engineId= (default)
13:08:03 [log] [sess-diag] loadEngineSessions: 原始条数 = 1
13:08:03 [log] [sess-diag] loadEngineSessions: reconcile 后 convos = 1 order = 1
13:08:03 [log] [sess-diag] loadEngineSessions: 耗时(ms) fetch = 43 repoRoots = 10 build+reconcile = 2 set = 2 total = 57
13:08:31 [info] [experiment] key=feature_gates id=101197 type=string value={\n    "domestic": { "show_mcp_entry": false, "show_custom_model_button": true, "loop_streak_recovery": true, "show_evolve_entry": true,"show_computeruse": false, "show_browseruse": false, "show_pay": … elapsed=2ms
13:08:31 [info] [feature-gates] refresh: ok (elapsed=56ms)
13:08:31 [info] [config] loading from: https://cdn-exp-sg-recommend.pt.xiaomi.com/service/getClientBitMapExpConf/mimoDesktop(%E6%96%B0%E5%8A%A0%E5%9D%A1)
13:08:33 [log] [sess-diag] engineFetch GET /experimental/session?roots=true&limit=2000 -> HTTP 200 elapsed=19ms responseBytes=29599 engineUrl= http://127.0.0.1:61867 engineId= (default)
13:08:33 [log] [sess-diag] loadEngineSessions: 原始条数 = 1
13:08:33 [log] [sess-diag] loadEngineSessions: reconcile 后 convos = 1 order = 1
13:08:33 [log] [sess-diag] loadEngineSessions: 耗时(ms) fetch = 24 repoRoots = 10 build+reconcile = 2 set = 1 total = 36
13:08:37 [info] [config] loaded tree for mimoDesktop(新加坡): children=2, upRuleIds=0
13:08:37 [info] [config] remote config loaded: 1 apps
13:08:37 [info] [config] loaded successfully: 1 apps
13:08:56 [info] [intervention] {"stage":"closed","at":1790312936982,"requestId":"0cbdcc0f36ec4646","origin":"b5094fe8d78e452f","runId":"295708ad08ed005e","sessionId":"b5094fe8d78e452f","userId":"f20ef697fb3e5515","elapsedMs":529605,"textChars":13}
13:08:56 [info] [turn-power-save] released sysId=6 last=run:ses_ffe5f298357dfffeN82Wln2VmT
13:08:57 [info] [intervention] {"stage":"fetch.error","at":1790312937218,"requestId":"0cbdcc0f36ec4646","origin":"b5094fe8d78e452f","runId":"295708ad08ed005e","sessionId":"b5094fe8d78e452f","userId":"f20ef697fb3e5515","assistantId":"043eab1cbff3e49e","elapsedMs":219351,"ephemeral":false,"hasScope":true,"protocol":"chat-completions","route":"upstream","errorName":"AbortError"}
13:08:57 [log] [sess-diag] engineFetch GET /session/ses_ffe5f298357dfffeN82Wln2VmT/task -> HTTP 200 elapsed=458ms responseBytes=1444 engineUrl= http://127.0.0.1:61867 engineId= mimocode
13:08:57 [log] [sess-diag] engineFetch GET /session/ses_ffe5f298357dfffeN82Wln2VmT/recovery -> HTTP 200 elapsed=518ms responseBytes=151 engineUrl= http://127.0.0.1:61867 engineId= mimocode
13:08:57 [log] [sess-diag] engineFetch GET /session/ses_ffe5f298357dfffeN82Wln2VmT -> HTTP 200 elapsed=526ms responseBytes=29556 engineUrl= http://127.0.0.1:61867 engineId= mimocode
13:08:58 [warn] [content-review] app=mimo_pc_output_text source=conversation why=flush batch=79f7f7463c4d20e2 api=/api/audit/check len=23 images=0 sha=9e612abcdccd session=ses_ffe5f298357dfffeN82Wln2VmT elapsed=1016ms verdict=unavailable reviewId=- reason=[review timeout (1000ms)]
13:08:59 [warn] [content-review] app=mimo_pc_output_text source=conversation why=flush batch=de6384b8540fef6b api=/api/audit/check len=90 images=0 sha=d5e64dac7fb6 session=ses_ffe5f298357dfffeN82Wln2VmT elapsed=1008ms verdict=unavailable reviewId=- reason=[review timeout (1000ms)]
13:08:59 [info] [intervention] {"stage":"query","at":1790312939461,"requestId":"3df9b518df1ecadb","origin":"b5094fe8d78e452f","elapsedMs":1121,"textChars":13,"queryChars":13,"truncated":false,"result":"unavailable"}
13:09:00 [warn] [content-review] app=mimo_pc_input_text source=input why=oneshot batch=e89621848b2d988e api=/api/audit/check len=13 images=0 sha=38f63f102357 session=ses_ffe5f298357dfffeN82Wln2VmT elapsed=1007ms verdict=unavailable reviewId=- reason=[review timeout (1000ms)]
13:09:00 [info] [intervention] {"stage":"prepared","at":1790312940476,"requestId":"3df9b518df1ecadb","origin":"b5094fe8d78e452f","elapsedMs":2136,"textChars":13,"result":"ready"}
13:09:00 [info] [intervention] {"stage":"claim","at":1790312940493,"requestId":"3df9b518df1ecadb","origin":"b5094fe8d78e452f","sessionId":"b5094fe8d78e452f","userId":"f20ef697fb3e5515","elapsedMs":2153,"textChars":13}
13:09:00 [info] [turn-power-save] acquired sysId=7 mode=prevent-app-suspension first=run:ses_ffe5f298357dfffeN82Wln2VmT
13:09:00 [info] [intervention] {"stage":"dispatch","at":1790312940532,"requestId":"3df9b518df1ecadb","origin":"b5094fe8d78e452f","runId":"59e71e2fa751653d","sessionId":"b5094fe8d78e452f","userId":"f20ef697fb3e5515","elapsedMs":2192,"textChars":13}
13:09:00 [info] [intervention] {"stage":"resume.request","at":1790312940532,"origin":"b5094fe8d78e452f","sessionId":"b5094fe8d78e452f","assistantId":"043eab1cbff3e49e","bodyFields":0,"hasSeed":true,"resumeKind":"assistant"}
13:09:00 [info] [intervention] {"stage":"resume.response","at":1790312940629,"origin":"b5094fe8d78e452f","sessionId":"b5094fe8d78e452f","status":202}
13:09:01 [info] [intervention] {"stage":"model.start","at":1790312941013,"requestId":"3df9b518df1ecadb","origin":"b5094fe8d78e452f","runId":"59e71e2fa751653d","sessionId":"b5094fe8d78e452f","userId":"f20ef697fb3e5515","assistantId":"da42c2861ed55cbb","ephemeral":false,"hasScope":true,"route":"upstream"}
13:09:01 [info] [intervention] {"stage":"fetch.start","at":1790312941025,"requestId":"3df9b518df1ecadb","origin":"b5094fe8d78e452f","runId":"59e71e2fa751653d","sessionId":"b5094fe8d78e452f","userId":"f20ef697fb3e5515","assistantId":"da42c2861ed55cbb","ephemeral":false,"hasScope":true,"protocol":"chat-completions","route":"upstream"}
13:09:03 [log] [sess-diag] engineFetch GET /experimental/session?roots=true&limit=2000 -> HTTP 200 elapsed=36ms responseBytes=29599 engineUrl= http://127.0.0.1:61867 engineId= (default)
13:09:03 [log] [sess-diag] loadEngineSessions: 原始条数 = 1
13:09:03 [log] [sess-diag] loadEngineSessions: reconcile 后 convos = 1 order = 1
13:09:03 [log] [sess-diag] loadEngineSessions: 耗时(ms) fetch = 44 repoRoots = 7 build+reconcile = 2 set = 1 total = 53
13:09:22 [info] [intervention] {"stage":"fetch.response","at":1790312962701,"requestId":"3df9b518df1ecadb","origin":"b5094fe8d78e452f","runId":"59e71e2fa751653d","sessionId":"b5094fe8d78e452f","userId":"f20ef697fb3e5515","assistantId":"da42c2861ed55cbb","elapsedMs":21676,"status":200,"ephemeral":false,"hasScope":true,"protocol":"chat-completions","route":"upstream"}
13:09:33 [log] [sess-diag] engineFetch GET /experimental/session?roots=true&limit=2000 -> HTTP 200 elapsed=27ms responseBytes=29599 engineUrl= http://127.0.0.1:61867 engineId= (default)
13:09:33 [log] [sess-diag] loadEngineSessions: 原始条数 = 1
13:09:33 [log] [sess-diag] loadEngineSessions: reconcile 后 convos = 1 order = 1
13:09:33 [log] [sess-diag] loadEngineSessions: 耗时(ms) fetch = 43 repoRoots = 6 build+reconcile = 2 set = 1 total = 52
13:09:43 [log] [sess-diag] engineFetch GET /experimental/session?roots=true&limit=2000 -> HTTP 200 elapsed=439ms responseBytes=29599 engineUrl= http://127.0.0.1:61867 engineId= (default)
13:09:43 [log] [sess-diag] loadEngineSessions: 原始条数 = 1
13:09:43 [log] [sess-diag] loadEngineSessions: reconcile 后 convos = 1 order = 1
13:09:43 [log] [sess-diag] loadEngineSessions: 耗时(ms) fetch = 1031 repoRoots = 276 build+reconcile = 2 set = 4 total = 1313
13:09:45 [log] [sess-diag] engineFetch GET /experimental/session?roots=true&limit=2000 -> HTTP 200 elapsed=206ms responseBytes=29599 engineUrl= http://127.0.0.1:61867 engineId= (default)
13:09:45 [log] [sess-diag] loadEngineSessions: 原始条数 = 1
13:09:46 [log] [sess-diag] loadEngineSessions: reconcile 后 convos = 1 order = 1
13:09:46 [log] [sess-diag] loadEngineSessions: 耗时(ms) fetch = 760 repoRoots = 197 build+reconcile = 3 set = 3 total = 963
13:10:03 [log] [sess-diag] engineFetch GET /experimental/session?roots=true&limit=2000 -> HTTP 200 elapsed=42ms responseBytes=29599 engineUrl= http://127.0.0.1:61867 engineId= (default)
13:10:03 [log] [sess-diag] loadEngineSessions: 原始条数 = 1
13:10:03 [log] [sess-diag] loadEngineSessions: reconcile 后 convos = 1 order = 1
13:10:03 [log] [sess-diag] loadEngineSessions: 耗时(ms) fetch = 65 repoRoots = 15 build+reconcile = 3 set = 4 total = 87
13:10:25 [info] [intervention] {"stage":"model.start","at":1790313025051,"requestId":"3df9b518df1ecadb","origin":"b5094fe8d78e452f","runId":"59e71e2fa751653d","sessionId":"b5094fe8d78e452f","userId":"f20ef697fb3e5515","assistantId":"5db0815b0fc9e3fa","ephemeral":false,"hasScope":true,"route":"upstream"}
13:10:25 [info] [intervention] {"stage":"fetch.start","at":1790313025064,"requestId":"3df9b518df1ecadb","origin":"b5094fe8d78e452f","runId":"59e71e2fa751653d","sessionId":"b5094fe8d78e452f","userId":"f20ef697fb3e5515","assistantId":"5db0815b0fc9e3fa","ephemeral":false,"hasScope":true,"protocol":"chat-completions","route":"upstream"}
13:10:33 [info] [intervention] {"stage":"fetch.response","at":1790313033157,"requestId":"3df9b518df1ecadb","origin":"b5094fe8d78e452f","runId":"59e71e2fa751653d","sessionId":"b5094fe8d78e452f","userId":"f20ef697fb3e5515","assistantId":"5db0815b0fc9e3fa","elapsedMs":8093,"status":200,"ephemeral":false,"hasScope":true,"protocol":"chat-completions","route":"upstream"}
13:10:33 [log] [sess-diag] engineFetch GET /experimental/session?roots=true&limit=2000 -> HTTP 200 elapsed=52ms responseBytes=29599 engineUrl= http://127.0.0.1:61867 engineId= (default)
13:10:33 [log] [sess-diag] loadEngineSessions: 原始条数 = 1
13:10:33 [log] [sess-diag] loadEngineSessions: reconcile 后 convos = 1 order = 1
13:10:33 [log] [sess-diag] loadEngineSessions: 耗时(ms) fetch = 175 repoRoots = 11 build+reconcile = 4 set = 4 total = 193
13:10:38 [info] [content-review/turn-binding] note-no-slot key=ses_ffe5f298357dfffeN82Wln2VmT anchor=msg:msg_g001a0d6f8cd44001zbqAFy5wY
13:10:38 [info] [intervention] {"stage":"output","at":1790313038518,"runId":"59e71e2fa751653d","sessionId":"b5094fe8d78e452f","assistantId":"5db0815b0fc9e3fa","textChars":1,"reviewSkipped":false}
13:11:03 [log] [sess-diag] engineFetch GET /experimental/session?roots=true&limit=2000 -> HTTP 200 elapsed=36ms responseBytes=29599 engineUrl= http://127.0.0.1:61867 engineId= (default)
13:11:03 [log] [sess-diag] loadEngineSessions: 原始条数 = 1
13:11:03 [log] [sess-diag] loadEngineSessions: reconcile 后 convos = 1 order = 1
13:11:03 [log] [sess-diag] loadEngineSessions: 耗时(ms) fetch = 41 repoRoots = 13 build+reconcile = 2 set = 3 total = 59
13:11:23 [log] [sess-diag] engineFetch GET /experimental/session?roots=true&limit=2000 -> HTTP 200 elapsed=391ms responseBytes=29599 engineUrl= http://127.0.0.1:61867 engineId= (default)
13:11:23 [log] [sess-diag] loadEngineSessions: 原始条数 = 1
13:11:23 [log] [sess-diag] loadEngineSessions: reconcile 后 convos = 1 order = 1
13:11:23 [log] [sess-diag] loadEngineSessions: 耗时(ms) fetch = 1142 repoRoots = 242 build+reconcile = 2 set = 3 total = 1390
13:11:28 [log] [sess-diag] engineFetch GET /experimental/session?roots=true&limit=2000 -> HTTP 200 elapsed=179ms responseBytes=29599 engineUrl= http://127.0.0.1:61867 engineId= (default)
13:11:28 [log] [sess-diag] loadEngineSessions: 原始条数 = 1
13:11:28 [log] [sess-diag] loadEngineSessions: reconcile 后 convos = 1 order = 1
13:11:28 [log] [sess-diag] loadEngineSessions: 耗时(ms) fetch = 566 repoRoots = 185 build+reconcile = 2 set = 1 total = 754
13:11:33 [log] [sess-diag] engineFetch GET /experimental/session?roots=true&limit=2000 -> HTTP 200 elapsed=80ms responseBytes=29599 engineUrl= http://127.0.0.1:61867 engineId= (default)
13:11:33 [log] [sess-diag] loadEngineSessions: 原始条数 = 1
13:11:33 [log] [sess-diag] loadEngineSessions: reconcile 后 convos = 1 order = 1
13:11:33 [log] [sess-diag] loadEngineSessions: 耗时(ms) fetch = 91 repoRoots = 22 build+reconcile = 4 set = 5 total = 122
13:11:47 [info] [intervention] {"stage":"model.start","at":1790313107744,"requestId":"3df9b518df1ecadb","origin":"b5094fe8d78e452f","runId":"59e71e2fa751653d","sessionId":"b5094fe8d78e452f","userId":"f20ef697fb3e5515","assistantId":"fc220e43427f6c4f","ephemeral":false,"hasScope":true,"route":"upstream"}
13:11:47 [info] [intervention] {"stage":"fetch.start","at":1790313107762,"requestId":"3df9b518df1ecadb","origin":"b5094fe8d78e452f","runId":"59e71e2fa751653d","sessionId":"b5094fe8d78e452f","userId":"f20ef697fb3e5515","assistantId":"fc220e43427f6c4f","ephemeral":false,"hasScope":true,"protocol":"chat-completions","route":"upstream"}
13:11:51 [info] [intervention] {"stage":"fetch.response","at":1790313111000,"requestId":"3df9b518df1ecadb","origin":"b5094fe8d78e452f","runId":"59e71e2fa751653d","sessionId":"b5094fe8d78e452f","userId":"f20ef697fb3e5515","assistantId":"fc220e43427f6c4f","elapsedMs":3238,"status":200,"ephemeral":false,"hasScope":true,"protocol":"chat-completions","route":"upstream"}
13:11:57 [info] [intervention] {"stage":"output","at":1790313117237,"runId":"59e71e2fa751653d","sessionId":"b5094fe8d78e452f","assistantId":"fc220e43427f6c4f","textChars":5,"reviewSkipped":false}
13:12:03 [log] [sess-diag] engineFetch GET /experimental/session?roots=true&limit=2000 -> HTTP 200 elapsed=74ms responseBytes=29599 engineUrl= http://127.0.0.1:61867 engineId= (default)
13:12:04 [log] [sess-diag] loadEngineSessions: 原始条数 = 1
13:12:04 [log] [sess-diag] loadEngineSessions: reconcile 后 convos = 1 order = 1
13:12:04 [log] [sess-diag] loadEngineSessions: 耗时(ms) fetch = 284 repoRoots = 44 build+reconcile = 3 set = 4 total = 333
13:12:37 [info] [intervention] {"stage":"model.start","at":1790313157218,"requestId":"3df9b518df1ecadb","origin":"b5094fe8d78e452f","runId":"59e71e2fa751653d","sessionId":"b5094fe8d78e452f","userId":"f20ef697fb3e5515","assistantId":"4d0cfb34afc860e9","ephemeral":false,"hasScope":true,"route":"upstream"}
13:12:37 [info] [intervention] {"stage":"fetch.start","at":1790313157251,"requestId":"3df9b518df1ecadb","origin":"b5094fe8d78e452f","runId":"59e71e2fa751653d","sessionId":"b5094fe8d78e452f","userId":"f20ef697fb3e5515","assistantId":"4d0cfb34afc860e9","ephemeral":false,"hasScope":true,"protocol":"chat-completions","route":"upstream"}
13:12:42 [info] [intervention] {"stage":"fetch.response","at":1790313162185,"requestId":"3df9b518df1ecadb","origin":"b5094fe8d78e452f","runId":"59e71e2fa751653d","sessionId":"b5094fe8d78e452f","userId":"f20ef697fb3e5515","assistantId":"4d0cfb34afc860e9","elapsedMs":4934,"status":200,"ephemeral":false,"hasScope":true,"protocol":"chat-completions","route":"upstream"}
13:12:52 [log] [sess-diag] engineFetch GET /experimental/session?roots=true&limit=2000 -> HTTP 200 elapsed=236ms responseBytes=29599 engineUrl= http://127.0.0.1:61867 engineId= (default)
13:12:52 [log] [sess-diag] loadEngineSessions: 原始条数 = 1
13:12:52 [log] [sess-diag] loadEngineSessions: reconcile 后 convos = 1 order = 1
13:12:52 [log] [sess-diag] loadEngineSessions: 耗时(ms) fetch = 900 repoRoots = 124 build+reconcile = 3 set = 3 total = 1030
13:13:03 [log] [sess-diag] engineFetch GET /experimental/session?roots=true&limit=2000 -> HTTP 200 elapsed=38ms responseBytes=29599 engineUrl= http://127.0.0.1:61867 engineId= (default)
13:13:03 [log] [sess-diag] loadEngineSessions: 原始条数 = 1
13:13:03 [log] [sess-diag] loadEngineSessions: reconcile 后 convos = 1 order = 1
13:13:03 [log] [sess-diag] loadEngineSessions: 耗时(ms) fetch = 79 repoRoots = 14 build+reconcile = 2 set = 2 total = 97
13:13:32 [log] [sess-diag] engineFetch GET /experimental/session?roots=true&limit=2000 -> HTTP 200 elapsed=297ms responseBytes=29599 engineUrl= http://127.0.0.1:61867 engineId= (default)
13:13:32 [log] [sess-diag] loadEngineSessions: 原始条数 = 1
13:13:32 [log] [sess-diag] loadEngineSessions: reconcile 后 convos = 1 order = 1
13:13:32 [log] [sess-diag] loadEngineSessions: 耗时(ms) fetch = 863 repoRoots = 218 build+reconcile = 2 set = 4 total = 1087
13:14:38 [info] [intervention] {"stage":"model.start","at":1790313278716,"requestId":"3df9b518df1ecadb","origin":"b5094fe8d78e452f","runId":"59e71e2fa751653d","sessionId":"b5094fe8d78e452f","userId":"f20ef697fb3e5515","assistantId":"eabb0ff1d2074690","ephemeral":false,"hasScope":true,"route":"upstream"}
13:14:38 [info] [intervention] {"stage":"fetch.start","at":1790313278728,"requestId":"3df9b518df1ecadb","origin":"b5094fe8d78e452f","runId":"59e71e2fa751653d","sessionId":"b5094fe8d78e452f","userId":"f20ef697fb3e5515","assistantId":"eabb0ff1d2074690","ephemeral":false,"hasScope":true,"protocol":"chat-completions","route":"upstream"}
13:14:42 [log] [sess-diag] engineFetch GET /experimental/session?roots=true&limit=2000 -> HTTP 200 elapsed=333ms responseBytes=29599 engineUrl= http://127.0.0.1:61867 engineId= (default)
13:14:42 [log] [sess-diag] loadEngineSessions: 原始条数 = 1
13:14:42 [log] [sess-diag] loadEngineSessions: reconcile 后 convos = 1 order = 1
13:14:42 [log] [sess-diag] loadEngineSessions: 耗时(ms) fetch = 695 repoRoots = 142 build+reconcile = 4 set = 2 total = 843
13:14:43 [info] [intervention] {"stage":"fetch.response","at":1790313283529,"requestId":"3df9b518df1ecadb","origin":"b5094fe8d78e452f","runId":"59e71e2fa751653d","sessionId":"b5094fe8d78e452f","userId":"f20ef697fb3e5515","assistantId":"eabb0ff1d2074690","elapsedMs":4800,"status":200,"ephemeral":false,"hasScope":true,"protocol":"chat-completions","route":"upstream"}
13:15:03 [info] [intervention] {"stage":"output","at":1790313303168,"runId":"59e71e2fa751653d","sessionId":"b5094fe8d78e452f","assistantId":"eabb0ff1d2074690","textChars":4,"reviewSkipped":false}
13:15:04 [log] [sess-diag] engineFetch GET /experimental/session?roots=true&limit=2000 -> HTTP 200 elapsed=155ms responseBytes=29599 engineUrl= http://127.0.0.1:61867 engineId= (default)
13:15:04 [log] [sess-diag] loadEngineSessions: 原始条数 = 1
13:15:04 [log] [sess-diag] loadEngineSessions: reconcile 后 convos = 1 order = 1
13:15:04 [log] [sess-diag] loadEngineSessions: 耗时(ms) fetch = 246 repoRoots = 10 build+reconcile = 4 set = 2 total = 262
13:15:23 [info] [intervention] {"stage":"query","at":1790313323165,"requestId":"3f0792434f8880f2","origin":"b5094fe8d78e452f","elapsedMs":392,"textChars":32,"queryChars":32,"truncated":false,"result":"miss","reviewId":"mimo-intv-mimo_pc_input_text-4554745a230d41e98d4303b8146aeca1"}
13:15:23 [info] [content-review] app=mimo_pc_input_text source=input why=oneshot batch=35292d754acecd8a api=/api/audit/check len=32 images=0 sha=d4c1e3755d8e session=ses_ffe5f298357dfffeN82Wln2VmT elapsed=537ms verdict=pass reviewId=mimo-mimo_pc_input_text-20aa18c6a5604f2ba0d698c4204e9db1 detail=[serverVerdict=pass resultCode=1 subCode=9 aigc=- hints=0 detailsLen=0 resp=[passed=pass resultCode=1 reviewId=mimo-mimo_pc_input_text-20aa18c6a5604f2ba0d698c4204e9db1 offlineReason= offlineDetails=[0 chars] hint=[0 items] subCode=9 aigc=null]]
13:15:23 [info] [intervention] {"stage":"prepared","at":1790313323714,"requestId":"3f0792434f8880f2","origin":"b5094fe8d78e452f","elapsedMs":942,"textChars":32,"result":"ready","reviewId":"mimo-intv-mimo_pc_input_text-4554745a230d41e98d4303b8146aeca1"}
13:15:23 [info] [intervention] {"stage":"claim","at":1790313323743,"requestId":"3f0792434f8880f2","origin":"b5094fe8d78e452f","sessionId":"b5094fe8d78e452f","elapsedMs":971,"textChars":32,"reviewId":"mimo-intv-mimo_pc_input_text-4554745a230d41e98d4303b8146aeca1"}
13:15:23 [info] [intervention] {"stage":"dispatch","at":1790313323913,"requestId":"3f0792434f8880f2","origin":"b5094fe8d78e452f","runId":"59e71e2fa751653d","sessionId":"b5094fe8d78e452f","elapsedMs":1141,"textChars":32,"reviewId":"mimo-intv-mimo_pc_input_text-4554745a230d41e98d4303b8146aeca1"}
13:15:24 [info] [intervention] {"stage":"user-bound","at":1790313324053,"requestId":"3f0792434f8880f2","origin":"b5094fe8d78e452f","runId":"59e71e2fa751653d","sessionId":"b5094fe8d78e452f","userId":"2de0066204aa72e2","elapsedMs":1281,"textChars":32,"reviewId":"mimo-intv-mimo_pc_input_text-4554745a230d41e98d4303b8146aeca1"}
13:15:33 [log] [sess-diag] engineFetch GET /experimental/session?roots=true&limit=2000 -> HTTP 200 elapsed=58ms responseBytes=29599 engineUrl= http://127.0.0.1:61867 engineId= (default)
13:15:33 [log] [sess-diag] loadEngineSessions: 原始条数 = 1
13:15:33 [log] [sess-diag] loadEngineSessions: reconcile 后 convos = 1 order = 1
13:15:33 [log] [sess-diag] loadEngineSessions: 耗时(ms) fetch = 70 repoRoots = 26 build+reconcile = 5 set = 2 total = 102
13:15:41 [info] [intervention] {"stage":"model.start","at":1790313341592,"requestId":"3f0792434f8880f2","origin":"b5094fe8d78e452f","runId":"59e71e2fa751653d","sessionId":"b5094fe8d78e452f","userId":"2de0066204aa72e2","assistantId":"def987497c5ff9ef","ephemeral":false,"hasScope":true,"route":"upstream"}
13:15:41 [info] [intervention] {"stage":"fetch.start","at":1790313341603,"requestId":"3f0792434f8880f2","origin":"b5094fe8d78e452f","runId":"59e71e2fa751653d","sessionId":"b5094fe8d78e452f","userId":"2de0066204aa72e2","assistantId":"def987497c5ff9ef","ephemeral":false,"hasScope":true,"protocol":"chat-completions","route":"upstream"}
13:15:42 [log] [sess-diag] [white-screen-up] {"id":"ses_ffe5f298357dfffeN82Wln2VmT","upDelta":1404,"prevTop":6386.66650390625,"top":4982.66650390625,"clientHeight":883,"prevScrollHeight":7269,"scrollHeight":5865,"following":true,"lastPinSource":"floor","stack":"Error: white-screen-up-scroll\n    at Fn (app://-/renderer/assets/ThreadView-D9cl-a57.js:1:5217)\n    at HTMLDivElement.A (app://-/renderer/assets/ThreadView-D9cl-a57.js:1:24046)"}
13:15:55 [info] [intervention] {"stage":"fetch.response","at":1790313355101,"requestId":"3f0792434f8880f2","origin":"b5094fe8d78e452f","runId":"59e71e2fa751653d","sessionId":"b5094fe8d78e452f","userId":"2de0066204aa72e2","assistantId":"def987497c5ff9ef","elapsedMs":13498,"status":200,"ephemeral":false,"hasScope":true,"protocol":"chat-completions","route":"upstream"}
13:16:02 [info] [intervention] {"stage":"output","at":1790313362337,"runId":"59e71e2fa751653d","sessionId":"b5094fe8d78e452f","assistantId":"def987497c5ff9ef","textChars":8,"reviewSkipped":false}
13:16:03 [log] [sess-diag] engineFetch GET /experimental/session?roots=true&limit=2000 -> HTTP 200 elapsed=37ms responseBytes=29599 engineUrl= http://127.0.0.1:61867 engineId= (default)
13:16:03 [log] [sess-diag] loadEngineSessions: 原始条数 = 1
13:16:03 [log] [sess-diag] loadEngineSessions: reconcile 后 convos = 1 order = 1
13:16:03 [log] [sess-diag] loadEngineSessions: 耗时(ms) fetch = 53 repoRoots = 3 build+reconcile = 2 set = 2 total = 60
13:16:33 [log] [sess-diag] engineFetch GET /experimental/session?roots=true&limit=2000 -> HTTP 200 elapsed=35ms responseBytes=29599 engineUrl= http://127.0.0.1:61867 engineId= (default)
13:16:33 [log] [sess-diag] loadEngineSessions: 原始条数 = 1
13:16:33 [log] [sess-diag] loadEngineSessions: reconcile 后 convos = 1 order = 1
13:16:33 [log] [sess-diag] loadEngineSessions: 耗时(ms) fetch = 43 repoRoots = 8 build+reconcile = 2 set = 2 total = 55
13:17:03 [log] [sess-diag] engineFetch GET /experimental/session?roots=true&limit=2000 -> HTTP 200 elapsed=35ms responseBytes=29599 engineUrl= http://127.0.0.1:61867 engineId= (default)
13:17:03 [log] [sess-diag] loadEngineSessions: 原始条数 = 1
13:17:03 [log] [sess-diag] loadEngineSessions: reconcile 后 convos = 1 order = 1
13:17:03 [log] [sess-diag] loadEngineSessions: 耗时(ms) fetch = 41 repoRoots = 8 build+reconcile = 2 set = 1 total = 52
13:17:15 [info] [intervention] {"stage":"model.start","at":1790313435524,"requestId":"3f0792434f8880f2","origin":"b5094fe8d78e452f","runId":"59e71e2fa751653d","sessionId":"b5094fe8d78e452f","userId":"2de0066204aa72e2","assistantId":"015d221e8b41d304","ephemeral":false,"hasScope":true,"route":"upstream"}
13:17:15 [info] [intervention] {"stage":"fetch.start","at":1790313435534,"requestId":"3f0792434f8880f2","origin":"b5094fe8d78e452f","runId":"59e71e2fa751653d","sessionId":"b5094fe8d78e452f","userId":"2de0066204aa72e2","assistantId":"015d221e8b41d304","ephemeral":false,"hasScope":true,"protocol":"chat-completions","route":"upstream"}
13:17:19 [info] [intervention] {"stage":"fetch.response","at":1790313439071,"requestId":"3f0792434f8880f2","origin":"b5094fe8d78e452f","runId":"59e71e2fa751653d","sessionId":"b5094fe8d78e452f","userId":"2de0066204aa72e2","assistantId":"015d221e8b41d304","elapsedMs":3537,"status":200,"ephemeral":false,"hasScope":true,"protocol":"chat-completions","route":"upstream"}
13:17:26 [info] [intervention] {"stage":"output","at":1790313446481,"runId":"59e71e2fa751653d","sessionId":"b5094fe8d78e452f","assistantId":"015d221e8b41d304","textChars":4,"reviewSkipped":false}
13:17:33 [log] [sess-diag] engineFetch GET /experimental/session?roots=true&limit=2000 -> HTTP 200 elapsed=69ms responseBytes=29599 engineUrl= http://127.0.0.1:61867 engineId= (default)
13:17:34 [log] [sess-diag] loadEngineSessions: 原始条数 = 1
13:17:34 [log] [sess-diag] loadEngineSessions: reconcile 后 convos = 1 order = 1
13:17:34 [log] [sess-diag] loadEngineSessions: 耗时(ms) fetch = 251 repoRoots = 23 build+reconcile = 3 set = 2 total = 279
13:18:03 [log] [sess-diag] engineFetch GET /experimental/session?roots=true&limit=2000 -> HTTP 200 elapsed=36ms responseBytes=29599 engineUrl= http://127.0.0.1:61867 engineId= (default)
13:18:03 [log] [sess-diag] loadEngineSessions: 原始条数 = 1
13:18:03 [log] [sess-diag] loadEngineSessions: reconcile 后 convos = 1 order = 1
13:18:03 [log] [sess-diag] loadEngineSessions: 耗时(ms) fetch = 43 repoRoots = 12 build+reconcile = 3 set = 3 total = 61
13:18:31 [info] [experiment] key=feature_gates id=101197 type=string value={\n    "domestic": { "show_mcp_entry": false, "show_custom_model_button": true, "loop_streak_recovery": true, "show_evolve_entry": true,"show_computeruse": false, "show_browseruse": false, "show_pay": … elapsed=3ms
13:18:31 [info] [feature-gates] refresh: ok (elapsed=24ms)
13:18:31 [info] [config] loading from: https://cdn-exp-sg-recommend.pt.xiaomi.com/service/getClientBitMapExpConf/mimoDesktop(%E6%96%B0%E5%8A%A0%E5%9D%A1)
13:18:32 [info] [config] loaded tree for mimoDesktop(新加坡): children=2, upRuleIds=0
13:18:32 [info] [config] remote config loaded: 1 apps
13:18:32 [info] [config] loaded successfully: 1 apps
13:18:33 [log] [sess-diag] engineFetch GET /experimental/session?roots=true&limit=2000 -> HTTP 200 elapsed=22ms responseBytes=29599 engineUrl= http://127.0.0.1:61867 engineId= (default)
13:18:33 [log] [sess-diag] loadEngineSessions: 原始条数 = 1
13:18:33 [log] [sess-diag] loadEngineSessions: reconcile 后 convos = 1 order = 1
13:18:33 [log] [sess-diag] loadEngineSessions: 耗时(ms) fetch = 36 repoRoots = 2 build+reconcile = 3 set = 2 total = 43
13:18:58 [log] [sess-diag] engineFetch GET /experimental/session?roots=true&limit=2000 -> HTTP 200 elapsed=317ms responseBytes=29599 engineUrl= http://127.0.0.1:61867 engineId= (default)
13:18:58 [log] [sess-diag] loadEngineSessions: 原始条数 = 1
13:18:58 [log] [sess-diag] loadEngineSessions: reconcile 后 convos = 1 order = 1
13:18:58 [log] [sess-diag] loadEngineSessions: 耗时(ms) fetch = 613 repoRoots = 16 build+reconcile = 2 set = 2 total = 633
13:19:54 [log] [sess-diag] engineFetch GET /experimental/session?roots=true&limit=2000 -> HTTP 200 elapsed=234ms responseBytes=29599 engineUrl= http://127.0.0.1:61867 engineId= (default)
13:19:54 [log] [sess-diag] loadEngineSessions: 原始条数 = 1
13:19:54 [log] [sess-diag] loadEngineSessions: reconcile 后 convos = 1 order = 1
13:19:54 [log] [sess-diag] loadEngineSessions: 耗时(ms) fetch = 429 repoRoots = 75 build+reconcile = 2 set = 1 total = 507
13:20:03 [info] [intervention] {"stage":"model.start","at":1790313603737,"requestId":"3f0792434f8880f2","origin":"b5094fe8d78e452f","runId":"59e71e2fa751653d","sessionId":"b5094fe8d78e452f","userId":"2de0066204aa72e2","assistantId":"de636f337e268f59","ephemeral":false,"hasScope":true,"route":"upstream"}
13:20:03 [info] [intervention] {"stage":"fetch.start","at":1790313603748,"requestId":"3f0792434f8880f2","origin":"b5094fe8d78e452f","runId":"59e71e2fa751653d","sessionId":"b5094fe8d78e452f","userId":"2de0066204aa72e2","assistantId":"de636f337e268f59","ephemeral":false,"hasScope":true,"protocol":"chat-completions","route":"upstream"}
13:20:04 [log] [sess-diag] engineFetch GET /experimental/session?roots=true&limit=2000 -> HTTP 200 elapsed=289ms responseBytes=29599 engineUrl= http://127.0.0.1:61867 engineId= (default)
13:20:04 [log] [sess-diag] loadEngineSessions: 原始条数 = 1
13:20:04 [log] [sess-diag] loadEngineSessions: reconcile 后 convos = 1 order = 1
13:20:04 [log] [sess-diag] loadEngineSessions: 耗时(ms) fetch = 365 repoRoots = 33 build+reconcile = 2 set = 3 total = 402
13:20:09 [info] [intervention] {"stage":"fetch.response","at":1790313609881,"requestId":"3f0792434f8880f2","origin":"b5094fe8d78e452f","runId":"59e71e2fa751653d","sessionId":"b5094fe8d78e452f","userId":"2de0066204aa72e2","assistantId":"de636f337e268f59","elapsedMs":6133,"status":200,"ephemeral":false,"hasScope":true,"protocol":"chat-completions","route":"upstream"}
13:20:33 [log] [sess-diag] engineFetch GET /experimental/session?roots=true&limit=2000 -> HTTP 200 elapsed=52ms responseBytes=29599 engineUrl= http://127.0.0.1:61867 engineId= (default)
13:20:33 [log] [sess-diag] loadEngineSessions: 原始条数 = 1
13:20:33 [log] [sess-diag] loadEngineSessions: reconcile 后 convos = 1 order = 1
13:20:33 [log] [sess-diag] loadEngineSessions: 耗时(ms) fetch = 69 repoRoots = 15 build+reconcile = 2 set = 5 total = 90
13:21:03 [log] [sess-diag] engineFetch GET /experimental/session?roots=true&limit=2000 -> HTTP 200 elapsed=32ms responseBytes=29599 engineUrl= http://127.0.0.1:61867 engineId= (default)
13:21:03 [log] [sess-diag] loadEngineSessions: 原始条数 = 1
13:21:03 [log] [sess-diag] loadEngineSessions: reconcile 后 convos = 1 order = 1
13:21:03 [log] [sess-diag] loadEngineSessions: 耗时(ms) fetch = 40 repoRoots = 12 build+reconcile = 8 set = 2 total = 62
13:21:33 [log] [sess-diag] engineFetch GET /experimental/session?roots=true&limit=2000 -> HTTP 200 elapsed=34ms responseBytes=29599 engineUrl= http://127.0.0.1:61867 engineId= (default)
13:21:33 [log] [sess-diag] loadEngineSessions: 原始条数 = 1
13:21:33 [log] [sess-diag] loadEngineSessions: reconcile 后 convos = 1 order = 1
13:21:33 [log] [sess-diag] loadEngineSessions: 耗时(ms) fetch = 41 repoRoots = 8 build+reconcile = 2 set = 1 total = 51
13:22:03 [log] [sess-diag] engineFetch GET /experimental/session?roots=true&limit=2000 -> HTTP 200 elapsed=23ms responseBytes=29599 engineUrl= http://127.0.0.1:61867 engineId= (default)
13:22:03 [log] [sess-diag] loadEngineSessions: 原始条数 = 1
13:22:03 [log] [sess-diag] loadEngineSessions: reconcile 后 convos = 1 order = 1
13:22:03 [log] [sess-diag] loadEngineSessions: 耗时(ms) fetch = 41 repoRoots = 11 build+reconcile = 2 set = 2 total = 56
13:22:33 [log] [sess-diag] engineFetch GET /experimental/session?roots=true&limit=2000 -> HTTP 200 elapsed=22ms responseBytes=29599 engineUrl= http://127.0.0.1:61867 engineId= (default)
13:22:33 [log] [sess-diag] loadEngineSessions: 原始条数 = 1
13:22:33 [log] [sess-diag] loadEngineSessions: reconcile 后 convos = 1 order = 1
13:22:33 [log] [sess-diag] loadEngineSessions: 耗时(ms) fetch = 30 repoRoots = 9 build+reconcile = 2 set = 3 total = 44
13:23:03 [log] [sess-diag] engineFetch GET /experimental/session?roots=true&limit=2000 -> HTTP 200 elapsed=58ms responseBytes=29599 engineUrl= http://127.0.0.1:61867 engineId= (default)
13:23:03 [log] [sess-diag] loadEngineSessions: 原始条数 = 1
13:23:04 [log] [sess-diag] loadEngineSessions: reconcile 后 convos = 1 order = 1
13:23:04 [log] [sess-diag] loadEngineSessions: 耗时(ms) fetch = 205 repoRoots = 50 build+reconcile = 3 set = 6 total = 265
13:23:33 [log] [sess-diag] engineFetch GET /experimental/session?roots=true&limit=2000 -> HTTP 200 elapsed=25ms responseBytes=29599 engineUrl= http://127.0.0.1:61867 engineId= (default)
13:23:33 [log] [sess-diag] loadEngineSessions: 原始条数 = 1
13:23:33 [log] [sess-diag] loadEngineSessions: reconcile 后 convos = 1 order = 1
13:23:33 [log] [sess-diag] loadEngineSessions: 耗时(ms) fetch = 38 repoRoots = 2 build+reconcile = 1 set = 5 total = 47
13:24:03 [log] [sess-diag] engineFetch GET /experimental/session?roots=true&limit=2000 -> HTTP 200 elapsed=20ms responseBytes=29599 engineUrl= http://127.0.0.1:61867 engineId= (default)
13:24:03 [log] [sess-diag] loadEngineSessions: 原始条数 = 1
13:24:03 [log] [sess-diag] loadEngineSessions: reconcile 后 convos = 1 order = 1
13:24:03 [log] [sess-diag] loadEngineSessions: 耗时(ms) fetch = 23 repoRoots = 10 build+reconcile = 1 set = 1 total = 36
13:24:10 [info] [intervention] {"stage":"model.start","at":1790313850327,"requestId":"3f0792434f8880f2","origin":"b5094fe8d78e452f","runId":"59e71e2fa751653d","sessionId":"b5094fe8d78e452f","userId":"2de0066204aa72e2","assistantId":"f23bbaa3fe76dfb3","ephemeral":false,"hasScope":true,"route":"upstream"}
13:24:10 [info] [intervention] {"stage":"fetch.start","at":1790313850350,"requestId":"3f0792434f8880f2","origin":"b5094fe8d78e452f","runId":"59e71e2fa751653d","sessionId":"b5094fe8d78e452f","userId":"2de0066204aa72e2","assistantId":"f23bbaa3fe76dfb3","ephemeral":false,"hasScope":true,"protocol":"chat-completions","route":"upstream"}
13:24:16 [info] [intervention] {"stage":"fetch.response","at":1790313856879,"requestId":"3f0792434f8880f2","origin":"b5094fe8d78e452f","runId":"59e71e2fa751653d","sessionId":"b5094fe8d78e452f","userId":"2de0066204aa72e2","assistantId":"f23bbaa3fe76dfb3","elapsedMs":6529,"status":200,"ephemeral":false,"hasScope":true,"protocol":"chat-completions","route":"upstream"}
13:24:19 [info] [intervention] {"stage":"output","at":1790313859579,"runId":"59e71e2fa751653d","sessionId":"b5094fe8d78e452f","assistantId":"f23bbaa3fe76dfb3","textChars":8,"reviewSkipped":false}
13:24:34 [log] [sess-diag] engineFetch GET /experimental/session?roots=true&limit=2000 -> HTTP 200 elapsed=47ms responseBytes=29599 engineUrl= http://127.0.0.1:61867 engineId= (default)
13:24:34 [log] [sess-diag] loadEngineSessions: 原始条数 = 1
13:24:34 [log] [sess-diag] loadEngineSessions: reconcile 后 convos = 1 order = 1
13:24:34 [log] [sess-diag] loadEngineSessions: 耗时(ms) fetch = 357 repoRoots = 18 build+reconcile = 2 set = 4 total = 382
13:24:47 [info] [intervention] {"stage":"model.start","at":1790313887503,"requestId":"3f0792434f8880f2","origin":"b5094fe8d78e452f","runId":"59e71e2fa751653d","sessionId":"b5094fe8d78e452f","userId":"2de0066204aa72e2","assistantId":"f3a0050232541d20","ephemeral":false,"hasScope":true,"route":"upstream"}
13:24:47 [info] [intervention] {"stage":"fetch.start","at":1790313887524,"requestId":"3f0792434f8880f2","origin":"b5094fe8d78e452f","runId":"59e71e2fa751653d","sessionId":"b5094fe8d78e452f","userId":"2de0066204aa72e2","assistantId":"f3a0050232541d20","ephemeral":false,"hasScope":true,"protocol":"chat-completions","route":"upstream"}
13:24:48 [log] [sess-diag] engineFetch GET /experimental/session?roots=true&limit=2000 -> HTTP 200 elapsed=273ms responseBytes=29599 engineUrl= http://127.0.0.1:61867 engineId= (default)
13:24:48 [log] [sess-diag] loadEngineSessions: 原始条数 = 1
13:24:48 [log] [sess-diag] loadEngineSessions: reconcile 后 convos = 1 order = 1
13:24:48 [log] [sess-diag] loadEngineSessions: 耗时(ms) fetch = 609 repoRoots = 21 build+reconcile = 2 set = 5 total = 637
13:24:59 [info] [intervention] {"stage":"fetch.response","at":1790313899687,"requestId":"3f0792434f8880f2","origin":"b5094fe8d78e452f","runId":"59e71e2fa751653d","sessionId":"b5094fe8d78e452f","userId":"2de0066204aa72e2","assistantId":"f3a0050232541d20","elapsedMs":12163,"status":200,"ephemeral":false,"hasScope":true,"protocol":"chat-completions","route":"upstream"}
13:25:01 [info] [intervention] {"stage":"output","at":1790313901198,"runId":"59e71e2fa751653d","sessionId":"b5094fe8d78e452f","assistantId":"f3a0050232541d20","textChars":5,"reviewSkipped":false}
13:25:20 [log] [sess-diag] engineFetch GET /experimental/session?roots=true&limit=2000 -> HTTP 200 elapsed=517ms responseBytes=29599 engineUrl= http://127.0.0.1:61867 engineId= (default)
13:25:20 [log] [sess-diag] loadEngineSessions: 原始条数 = 1
13:25:20 [log] [sess-diag] loadEngineSessions: reconcile 后 convos = 1 order = 1
13:25:20 [log] [sess-diag] loadEngineSessions: 耗时(ms) fetch = 955 repoRoots = 240 build+reconcile = 10 set = 3 total = 1207
13:25:33 [info] [intervention] {"stage":"model.start","at":1790313933500,"requestId":"3f0792434f8880f2","origin":"b5094fe8d78e452f","runId":"59e71e2fa751653d","sessionId":"b5094fe8d78e452f","userId":"2de0066204aa72e2","assistantId":"65b5005e68b559a5","ephemeral":false,"hasScope":true,"route":"upstream"}
13:25:33 [info] [intervention] {"stage":"fetch.start","at":1790313933512,"requestId":"3f0792434f8880f2","origin":"b5094fe8d78e452f","runId":"59e71e2fa751653d","sessionId":"b5094fe8d78e452f","userId":"2de0066204aa72e2","assistantId":"65b5005e68b559a5","ephemeral":false,"hasScope":true,"protocol":"chat-completions","route":"upstream"}
13:25:34 [log] [sess-diag] engineFetch GET /experimental/session?roots=true&limit=2000 -> HTTP 200 elapsed=121ms responseBytes=29599 engineUrl= http://127.0.0.1:61867 engineId= (default)
13:25:34 [log] [sess-diag] loadEngineSessions: 原始条数 = 1
13:25:34 [log] [sess-diag] loadEngineSessions: reconcile 后 convos = 1 order = 1
13:25:34 [log] [sess-diag] loadEngineSessions: 耗时(ms) fetch = 146 repoRoots = 12 build+reconcile = 2 set = 3 total = 163
13:25:38 [info] [intervention] {"stage":"fetch.response","at":1790313938177,"requestId":"3f0792434f8880f2","origin":"b5094fe8d78e452f","runId":"59e71e2fa751653d","sessionId":"b5094fe8d78e452f","userId":"2de0066204aa72e2","assistantId":"65b5005e68b559a5","elapsedMs":4665,"status":200,"ephemeral":false,"hasScope":true,"protocol":"chat-completions","route":"upstream"}
13:25:50 [info] [intervention] {"stage":"model.start","at":1790313950237,"requestId":"3f0792434f8880f2","origin":"b5094fe8d78e452f","runId":"59e71e2fa751653d","sessionId":"b5094fe8d78e452f","userId":"2de0066204aa72e2","assistantId":"5b2cd6aad75ec42e","ephemeral":false,"hasScope":true,"route":"upstream"}
13:25:50 [info] [intervention] {"stage":"fetch.start","at":1790313950251,"requestId":"3f0792434f8880f2","origin":"b5094fe8d78e452f","runId":"59e71e2fa751653d","sessionId":"b5094fe8d78e452f","userId":"2de0066204aa72e2","assistantId":"5b2cd6aad75ec42e","ephemeral":false,"hasScope":true,"protocol":"chat-completions","route":"upstream"}
13:25:55 [info] [intervention] {"stage":"fetch.response","at":1790313955792,"requestId":"3f0792434f8880f2","origin":"b5094fe8d78e452f","runId":"59e71e2fa751653d","sessionId":"b5094fe8d78e452f","userId":"2de0066204aa72e2","assistantId":"5b2cd6aad75ec42e","elapsedMs":5541,"status":200,"ephemeral":false,"hasScope":true,"protocol":"chat-completions","route":"upstream"}
13:26:03 [log] [sess-diag] engineFetch GET /experimental/session?roots=true&limit=2000 -> HTTP 200 elapsed=49ms responseBytes=29599 engineUrl= http://127.0.0.1:61867 engineId= (default)
13:26:03 [log] [sess-diag] loadEngineSessions: 原始条数 = 1
13:26:03 [log] [sess-diag] loadEngineSessions: reconcile 后 convos = 1 order = 1
13:26:03 [log] [sess-diag] loadEngineSessions: 耗时(ms) fetch = 58 repoRoots = 17 build+reconcile = 3 set = 3 total = 81
13:26:06 [info] [intervention] {"stage":"model.start","at":1790313966741,"requestId":"3f0792434f8880f2","origin":"b5094fe8d78e452f","runId":"59e71e2fa751653d","sessionId":"b5094fe8d78e452f","userId":"2de0066204aa72e2","assistantId":"fec89ad256b22053","ephemeral":false,"hasScope":true,"route":"upstream"}
13:26:06 [info] [intervention] {"stage":"fetch.start","at":1790313966762,"requestId":"3f0792434f8880f2","origin":"b5094fe8d78e452f","runId":"59e71e2fa751653d","sessionId":"b5094fe8d78e452f","userId":"2de0066204aa72e2","assistantId":"fec89ad256b22053","ephemeral":false,"hasScope":true,"protocol":"chat-completions","route":"upstream"}
13:26:21 [info] [intervention] {"stage":"fetch.response","at":1790313981388,"requestId":"3f0792434f8880f2","origin":"b5094fe8d78e452f","runId":"59e71e2fa751653d","sessionId":"b5094fe8d78e452f","userId":"2de0066204aa72e2","assistantId":"fec89ad256b22053","elapsedMs":14626,"status":200,"ephemeral":false,"hasScope":true,"protocol":"chat-completions","route":"upstream"}
13:26:39 [info] [intervention] {"stage":"model.start","at":1790313999605,"requestId":"3f0792434f8880f2","origin":"b5094fe8d78e452f","runId":"59e71e2fa751653d","sessionId":"b5094fe8d78e452f","userId":"2de0066204aa72e2","assistantId":"06b582384300ced2","ephemeral":false,"hasScope":true,"route":"upstream"}
13:26:39 [info] [intervention] {"stage":"fetch.start","at":1790313999618,"requestId":"3f0792434f8880f2","origin":"b5094fe8d78e452f","runId":"59e71e2fa751653d","sessionId":"b5094fe8d78e452f","userId":"2de0066204aa72e2","assistantId":"06b582384300ced2","ephemeral":false,"hasScope":true,"protocol":"chat-completions","route":"upstream"}
13:26:53 [info] [intervention] {"stage":"fetch.response","at":1790314013549,"requestId":"3f0792434f8880f2","origin":"b5094fe8d78e452f","runId":"59e71e2fa751653d","sessionId":"b5094fe8d78e452f","userId":"2de0066204aa72e2","assistantId":"06b582384300ced2","elapsedMs":13931,"status":200,"ephemeral":false,"hasScope":true,"protocol":"chat-completions","route":"upstream"}
13:27:48 [log] [sess-diag] engineFetch GET /experimental/session?roots=true&limit=2000 -> HTTP 200 elapsed=525ms responseBytes=29599 engineUrl= http://127.0.0.1:61867 engineId= (default)
13:27:48 [log] [sess-diag] loadEngineSessions: 原始条数 = 1
13:27:48 [log] [sess-diag] loadEngineSessions: reconcile 后 convos = 1 order = 1
13:27:48 [log] [sess-diag] loadEngineSessions: 耗时(ms) fetch = 755 repoRoots = 191 build+reconcile = 3 set = 3 total = 952
13:27:58 [info] [intervention] {"stage":"model.start","at":1790314078092,"requestId":"3f0792434f8880f2","origin":"b5094fe8d78e452f","runId":"59e71e2fa751653d","sessionId":"b5094fe8d78e452f","userId":"2de0066204aa72e2","assistantId":"d6dee21323c20da2","ephemeral":false,"hasScope":true,"route":"upstream"}
13:27:58 [info] [intervention] {"stage":"fetch.start","at":1790314078104,"requestId":"3f0792434f8880f2","origin":"b5094fe8d78e452f","runId":"59e71e2fa751653d","sessionId":"b5094fe8d78e452f","userId":"2de0066204aa72e2","assistantId":"d6dee21323c20da2","ephemeral":false,"hasScope":true,"protocol":"chat-completions","route":"upstream"}
13:28:03 [info] [intervention] {"stage":"fetch.response","at":1790314083181,"requestId":"3f0792434f8880f2","origin":"b5094fe8d78e452f","runId":"59e71e2fa751653d","sessionId":"b5094fe8d78e452f","userId":"2de0066204aa72e2","assistantId":"d6dee21323c20da2","elapsedMs":5077,"status":200,"ephemeral":false,"hasScope":true,"protocol":"chat-completions","route":"upstream"}
13:28:03 [log] [sess-diag] engineFetch GET /experimental/session?roots=true&limit=2000 -> HTTP 200 elapsed=33ms responseBytes=29599 engineUrl= http://127.0.0.1:61867 engineId= (default)
13:28:03 [log] [sess-diag] loadEngineSessions: 原始条数 = 1
13:28:03 [log] [sess-diag] loadEngineSessions: reconcile 后 convos = 1 order = 1
13:28:03 [log] [sess-diag] loadEngineSessions: 耗时(ms) fetch = 40 repoRoots = 11 build+reconcile = 2 set = 2 total = 55
13:28:08 [info] [intervention] {"stage":"output","at":1790314088538,"runId":"59e71e2fa751653d","sessionId":"b5094fe8d78e452f","assistantId":"d6dee21323c20da2","textChars":7,"reviewSkipped":false}
13:28:31 [info] [experiment] key=feature_gates id=101197 type=string value={\n    "domestic": { "show_mcp_entry": false, "show_custom_model_button": true, "loop_streak_recovery": true, "show_evolve_entry": true,"show_computeruse": false, "show_browseruse": false, "show_pay": … elapsed=6ms
13:28:31 [info] [feature-gates] refresh: ok (elapsed=47ms)
13:28:31 [info] [config] loading from: https://cdn-exp-sg-recommend.pt.xiaomi.com/service/getClientBitMapExpConf/mimoDesktop(%E6%96%B0%E5%8A%A0%E5%9D%A1)
13:28:32 [info] [config] loaded tree for mimoDesktop(新加坡): children=2, upRuleIds=0
13:28:32 [info] [config] remote config loaded: 1 apps
13:28:32 [info] [config] loaded successfully: 1 apps
13:28:33 [log] [sess-diag] engineFetch GET /experimental/session?roots=true&limit=2000 -> HTTP 200 elapsed=74ms responseBytes=29599 engineUrl= http://127.0.0.1:61867 engineId= (default)
13:28:34 [log] [sess-diag] loadEngineSessions: 原始条数 = 1
13:28:34 [log] [sess-diag] loadEngineSessions: reconcile 后 convos = 1 order = 1
13:28:34 [log] [sess-diag] loadEngineSessions: 耗时(ms) fetch = 253 repoRoots = 38 build+reconcile = 5 set = 3 total = 299
13:29:03 [log] [sess-diag] engineFetch GET /experimental/session?roots=true&limit=2000 -> HTTP 200 elapsed=19ms responseBytes=29599 engineUrl= http://127.0.0.1:61867 engineId= (default)
13:29:03 [log] [sess-diag] loadEngineSessions: 原始条数 = 1
13:29:03 [log] [sess-diag] loadEngineSessions: reconcile 后 convos = 1 order = 1
13:29:03 [log] [sess-diag] loadEngineSessions: 耗时(ms) fetch = 22 repoRoots = 3 build+reconcile = 3 set = 3 total = 31
13:29:33 [log] [sess-diag] engineFetch GET /experimental/session?roots=true&limit=2000 -> HTTP 200 elapsed=36ms responseBytes=29599 engineUrl= http://127.0.0.1:61867 engineId= (default)
13:29:33 [log] [sess-diag] loadEngineSessions: 原始条数 = 1
13:29:33 [log] [sess-diag] loadEngineSessions: reconcile 后 convos = 1 order = 1
13:29:33 [log] [sess-diag] loadEngineSessions: 耗时(ms) fetch = 45 repoRoots = 13 build+reconcile = 3 set = 3 total = 63
13:30:03 [log] [sess-diag] engineFetch GET /experimental/session?roots=true&limit=2000 -> HTTP 200 elapsed=33ms responseBytes=29599 engineUrl= http://127.0.0.1:61867 engineId= (default)
13:30:03 [log] [sess-diag] loadEngineSessions: 原始条数 = 1
13:30:03 [log] [sess-diag] loadEngineSessions: reconcile 后 convos = 1 order = 1
13:30:03 [log] [sess-diag] loadEngineSessions: 耗时(ms) fetch = 54 repoRoots = 13 build+reconcile = 5 set = 3 total = 75
13:30:22 [info] [intervention] {"stage":"model.start","at":1790314222483,"requestId":"3f0792434f8880f2","origin":"b5094fe8d78e452f","runId":"59e71e2fa751653d","sessionId":"b5094fe8d78e452f","userId":"2de0066204aa72e2","assistantId":"63bcb4d4d4a7cc9e","ephemeral":false,"hasScope":true,"route":"upstream"}
13:30:22 [info] [intervention] {"stage":"fetch.start","at":1790314222501,"requestId":"3f0792434f8880f2","origin":"b5094fe8d78e452f","runId":"59e71e2fa751653d","sessionId":"b5094fe8d78e452f","userId":"2de0066204aa72e2","assistantId":"63bcb4d4d4a7cc9e","ephemeral":false,"hasScope":true,"protocol":"chat-completions","route":"upstream"}
13:30:33 [log] [sess-diag] engineFetch GET /experimental/session?roots=true&limit=2000 -> HTTP 200 elapsed=34ms responseBytes=29599 engineUrl= http://127.0.0.1:61867 engineId= (default)
13:30:33 [log] [sess-diag] loadEngineSessions: 原始条数 = 1
13:30:33 [log] [sess-diag] loadEngineSessions: reconcile 后 convos = 1 order = 1
13:30:33 [log] [sess-diag] loadEngineSessions: 耗时(ms) fetch = 38 repoRoots = 11 build+reconcile = 2 set = 2 total = 53
13:30:50 [info] [intervention] {"stage":"fetch.response","at":1790314250295,"requestId":"3f0792434f8880f2","origin":"b5094fe8d78e452f","runId":"59e71e2fa751653d","sessionId":"b5094fe8d78e452f","userId":"2de0066204aa72e2","assistantId":"63bcb4d4d4a7cc9e","elapsedMs":27794,"status":200,"ephemeral":false,"hasScope":true,"protocol":"chat-completions","route":"upstream"}
13:31:03 [log] [sess-diag] engineFetch GET /experimental/session?roots=true&limit=2000 -> HTTP 200 elapsed=34ms responseBytes=29599 engineUrl= http://127.0.0.1:61867 engineId= (default)
13:31:03 [log] [sess-diag] loadEngineSessions: 原始条数 = 1
13:31:03 [log] [sess-diag] loadEngineSessions: reconcile 后 convos = 1 order = 1
13:31:03 [log] [sess-diag] loadEngineSessions: 耗时(ms) fetch = 44 repoRoots = 11 build+reconcile = 4 set = 2 total = 61
13:32:24 [log] [sess-diag] engineFetch GET /experimental/session?roots=true&limit=2000 -> HTTP 200 elapsed=388ms responseBytes=29599 engineUrl= http://127.0.0.1:61867 engineId= (default)
13:32:24 [log] [sess-diag] loadEngineSessions: 原始条数 = 1
13:32:24 [log] [sess-diag] loadEngineSessions: reconcile 后 convos = 1 order = 1
13:32:24 [log] [sess-diag] loadEngineSessions: 耗时(ms) fetch = 822 repoRoots = 332 build+reconcile = 6 set = 6 total = 1166
13:32:33 [log] [sess-diag] engineFetch GET /experimental/session?roots=true&limit=2000 -> HTTP 200 elapsed=46ms responseBytes=29599 engineUrl= http://127.0.0.1:61867 engineId= (default)
13:32:33 [log] [sess-diag] loadEngineSessions: 原始条数 = 1
13:32:33 [log] [sess-diag] loadEngineSessions: reconcile 后 convos = 1 order = 1
13:32:33 [log] [sess-diag] loadEngineSessions: 耗时(ms) fetch = 58 repoRoots = 17 build+reconcile = 3 set = 3 total = 80
13:33:04 [info] [intervention] {"stage":"model.start","at":1790314384027,"requestId":"3f0792434f8880f2","origin":"b5094fe8d78e452f","runId":"59e71e2fa751653d","sessionId":"b5094fe8d78e452f","userId":"2de0066204aa72e2","assistantId":"0194599f31731764","ephemeral":false,"hasScope":true,"route":"upstream"}
13:33:04 [info] [intervention] {"stage":"fetch.start","at":1790314384048,"requestId":"3f0792434f8880f2","origin":"b5094fe8d78e452f","runId":"59e71e2fa751653d","sessionId":"b5094fe8d78e452f","userId":"2de0066204aa72e2","assistantId":"0194599f31731764","ephemeral":false,"hasScope":true,"protocol":"chat-completions","route":"upstream"}
13:33:04 [log] [sess-diag] engineFetch GET /experimental/session?roots=true&limit=2000 -> HTTP 200 elapsed=639ms responseBytes=29599 engineUrl= http://127.0.0.1:61867 engineId= (default)
13:33:04 [log] [sess-diag] loadEngineSessions: 原始条数 = 1
13:33:04 [log] [sess-diag] loadEngineSessions: reconcile 后 convos = 1 order = 1
13:33:04 [log] [sess-diag] loadEngineSessions: 耗时(ms) fetch = 734 repoRoots = 62 build+reconcile = 6 set = 6 total = 807
13:33:08 [info] [intervention] {"stage":"fetch.response","at":1790314388332,"requestId":"3f0792434f8880f2","origin":"b5094fe8d78e452f","runId":"59e71e2fa751653d","sessionId":"b5094fe8d78e452f","userId":"2de0066204aa72e2","assistantId":"0194599f31731764","elapsedMs":4284,"status":200,"ephemeral":false,"hasScope":true,"protocol":"chat-completions","route":"upstream"}
13:33:32 [info] [intervention] {"stage":"output","at":1790314412977,"runId":"59e71e2fa751653d","sessionId":"b5094fe8d78e452f","assistantId":"0194599f31731764","textChars":2,"reviewSkipped":false}
13:33:33 [log] [sess-diag] engineFetch GET /experimental/session?roots=true&limit=2000 -> HTTP 200 elapsed=39ms responseBytes=29599 engineUrl= http://127.0.0.1:61867 engineId= (default)
13:33:33 [log] [sess-diag] loadEngineSessions: 原始条数 = 1
13:33:33 [log] [sess-diag] loadEngineSessions: reconcile 后 convos = 1 order = 1
13:33:33 [log] [sess-diag] loadEngineSessions: 耗时(ms) fetch = 64 repoRoots = 14 build+reconcile = 5 set = 6 total = 89
13:34:03 [log] [sess-diag] engineFetch GET /experimental/session?roots=true&limit=2000 -> HTTP 200 elapsed=50ms responseBytes=29599 engineUrl= http://127.0.0.1:61867 engineId= (default)
13:34:03 [log] [sess-diag] loadEngineSessions: 原始条数 = 1
13:34:04 [log] [sess-diag] loadEngineSessions: reconcile 后 convos = 1 order = 1
13:34:04 [log] [sess-diag] loadEngineSessions: 耗时(ms) fetch = 217 repoRoots = 34 build+reconcile = 3 set = 4 total = 258
13:34:33 [log] [sess-diag] engineFetch GET /experimental/session?roots=true&limit=2000 -> HTTP 200 elapsed=36ms responseBytes=29599 engineUrl= http://127.0.0.1:61867 engineId= (default)
13:34:33 [log] [sess-diag] loadEngineSessions: 原始条数 = 1
13:34:33 [log] [sess-diag] loadEngineSessions: reconcile 后 convos = 1 order = 1
13:34:33 [log] [sess-diag] loadEngineSessions: 耗时(ms) fetch = 43 repoRoots = 9 build+reconcile = 2 set = 2 total = 56
13:35:03 [log] [sess-diag] engineFetch GET /experimental/session?roots=true&limit=2000 -> HTTP 200 elapsed=36ms responseBytes=29599 engineUrl= http://127.0.0.1:61867 engineId= (default)
13:35:03 [log] [sess-diag] loadEngineSessions: 原始条数 = 1
13:35:03 [log] [sess-diag] loadEngineSessions: reconcile 后 convos = 1 order = 1
13:35:03 [log] [sess-diag] loadEngineSessions: 耗时(ms) fetch = 43 repoRoots = 12 build+reconcile = 3 set = 3 total = 60
13:35:15 [info] [intervention] {"stage":"model.start","at":1790314515947,"requestId":"3f0792434f8880f2","origin":"b5094fe8d78e452f","runId":"59e71e2fa751653d","sessionId":"b5094fe8d78e452f","userId":"2de0066204aa72e2","assistantId":"a0d400900a47417e","ephemeral":false,"hasScope":true,"route":"upstream"}
13:35:15 [info] [intervention] {"stage":"fetch.start","at":1790314515967,"requestId":"3f0792434f8880f2","origin":"b5094fe8d78e452f","runId":"59e71e2fa751653d","sessionId":"b5094fe8d78e452f","userId":"2de0066204aa72e2","assistantId":"a0d400900a47417e","ephemeral":false,"hasScope":true,"protocol":"chat-completions","route":"upstream"}
13:35:22 [info] [intervention] {"stage":"fetch.response","at":1790314522891,"requestId":"3f0792434f8880f2","origin":"b5094fe8d78e452f","runId":"59e71e2fa751653d","sessionId":"b5094fe8d78e452f","userId":"2de0066204aa72e2","assistantId":"a0d400900a47417e","elapsedMs":6924,"status":200,"ephemeral":false,"hasScope":true,"protocol":"chat-completions","route":"upstream"}
13:35:33 [log] [sess-diag] engineFetch GET /experimental/session?roots=true&limit=2000 -> HTTP 200 elapsed=38ms responseBytes=29599 engineUrl= http://127.0.0.1:61867 engineId= (default)
13:35:33 [log] [sess-diag] loadEngineSessions: 原始条数 = 1
13:35:33 [log] [sess-diag] loadEngineSessions: reconcile 后 convos = 1 order = 1
13:35:33 [log] [sess-diag] loadEngineSessions: 耗时(ms) fetch = 60 repoRoots = 14 build+reconcile = 2 set = 5 total = 81
13:36:03 [log] [sess-diag] engineFetch GET /experimental/session?roots=true&limit=2000 -> HTTP 200 elapsed=44ms responseBytes=29599 engineUrl= http://127.0.0.1:61867 engineId= (default)
13:36:03 [log] [sess-diag] loadEngineSessions: 原始条数 = 1
13:36:03 [log] [sess-diag] loadEngineSessions: reconcile 后 convos = 1 order = 1
13:36:03 [log] [sess-diag] loadEngineSessions: 耗时(ms) fetch = 51 repoRoots = 12 build+reconcile = 2 set = 5 total = 70
13:36:33 [log] [sess-diag] engineFetch GET /experimental/session?roots=true&limit=2000 -> HTTP 200 elapsed=43ms responseBytes=29599 engineUrl= http://127.0.0.1:61867 engineId= (default)
13:36:33 [log] [sess-diag] loadEngineSessions: 原始条数 = 1
13:36:33 [log] [sess-diag] loadEngineSessions: reconcile 后 convos = 1 order = 1
13:36:33 [log] [sess-diag] loadEngineSessions: 耗时(ms) fetch = 49 repoRoots = 17 build+reconcile = 4 set = 4 total = 75
13:37:03 [log] [sess-diag] engineFetch GET /experimental/session?roots=true&limit=2000 -> HTTP 200 elapsed=41ms responseBytes=29599 engineUrl= http://127.0.0.1:61867 engineId= (default)
13:37:03 [log] [sess-diag] loadEngineSessions: 原始条数 = 1
13:37:03 [log] [sess-diag] loadEngineSessions: reconcile 后 convos = 1 order = 1
13:37:03 [log] [sess-diag] loadEngineSessions: 耗时(ms) fetch = 47 repoRoots = 3 build+reconcile = 3 set = 6 total = 58
13:37:32 [info] [intervention] {"stage":"model.start","at":1790314652852,"requestId":"3f0792434f8880f2","origin":"b5094fe8d78e452f","runId":"59e71e2fa751653d","sessionId":"b5094fe8d78e452f","userId":"2de0066204aa72e2","assistantId":"cca05532c36ff70c","ephemeral":false,"hasScope":true,"route":"upstream"}
13:37:32 [info] [intervention] {"stage":"fetch.start","at":1790314652873,"requestId":"3f0792434f8880f2","origin":"b5094fe8d78e452f","runId":"59e71e2fa751653d","sessionId":"b5094fe8d78e452f","userId":"2de0066204aa72e2","assistantId":"cca05532c36ff70c","ephemeral":false,"hasScope":true,"protocol":"chat-completions","route":"upstream"}
13:37:33 [log] [sess-diag] engineFetch GET /experimental/session?roots=true&limit=2000 -> HTTP 200 elapsed=31ms responseBytes=29599 engineUrl= http://127.0.0.1:61867 engineId= (default)
13:37:33 [log] [sess-diag] loadEngineSessions: 原始条数 = 1
13:37:33 [log] [sess-diag] loadEngineSessions: reconcile 后 convos = 1 order = 1
13:37:33 [log] [sess-diag] loadEngineSessions: 耗时(ms) fetch = 38 repoRoots = 11 build+reconcile = 2 set = 2 total = 52
13:37:44 [info] [intervention] {"stage":"fetch.response","at":1790314663999,"requestId":"3f0792434f8880f2","origin":"b5094fe8d78e452f","runId":"59e71e2fa751653d","sessionId":"b5094fe8d78e452f","userId":"2de0066204aa72e2","assistantId":"cca05532c36ff70c","elapsedMs":11126,"status":200,"ephemeral":false,"hasScope":true,"protocol":"chat-completions","route":"upstream"}
13:38:03 [log] [sess-diag] engineFetch GET /experimental/session?roots=true&limit=2000 -> HTTP 200 elapsed=43ms responseBytes=29599 engineUrl= http://127.0.0.1:61867 engineId= (default)
13:38:03 [log] [sess-diag] loadEngineSessions: 原始条数 = 1
13:38:03 [log] [sess-diag] loadEngineSessions: reconcile 后 convos = 1 order = 1
13:38:03 [log] [sess-diag] loadEngineSessions: 耗时(ms) fetch = 47 repoRoots = 4 build+reconcile = 6 set = 3 total = 60
13:38:31 [info] [experiment] key=feature_gates id=101197 type=string value={\n    "domestic": { "show_mcp_entry": false, "show_custom_model_button": true, "loop_streak_recovery": true, "show_evolve_entry": true,"show_computeruse": false, "show_browseruse": false, "show_pay": … elapsed=1ms
13:38:31 [info] [feature-gates] refresh: ok (elapsed=44ms)
13:38:31 [info] [config] loading from: https://cdn-exp-sg-recommend.pt.xiaomi.com/service/getClientBitMapExpConf/mimoDesktop(%E6%96%B0%E5%8A%A0%E5%9D%A1)
13:38:32 [info] [config] loaded tree for mimoDesktop(新加坡): children=2, upRuleIds=0
13:38:32 [info] [config] remote config loaded: 1 apps
13:38:32 [info] [config] loaded successfully: 1 apps
13:38:33 [log] [sess-diag] engineFetch GET /experimental/session?roots=true&limit=2000 -> HTTP 200 elapsed=41ms responseBytes=29599 engineUrl= http://127.0.0.1:61867 engineId= (default)
13:38:33 [log] [sess-diag] loadEngineSessions: 原始条数 = 1
13:38:33 [log] [sess-diag] loadEngineSessions: reconcile 后 convos = 1 order = 1
13:38:33 [log] [sess-diag] loadEngineSessions: 耗时(ms) fetch = 73 repoRoots = 24 build+reconcile = 4 set = 6 total = 108
13:39:03 [log] [sess-diag] engineFetch GET /experimental/session?roots=true&limit=2000 -> HTTP 200 elapsed=44ms responseBytes=29599 engineUrl= http://127.0.0.1:61867 engineId= (default)
13:39:03 [log] [sess-diag] loadEngineSessions: 原始条数 = 1
13:39:03 [log] [sess-diag] loadEngineSessions: reconcile 后 convos = 1 order = 1
13:39:03 [log] [sess-diag] loadEngineSessions: 耗时(ms) fetch = 50 repoRoots = 17 build+reconcile = 5 set = 6 total = 79
13:39:33 [log] [sess-diag] engineFetch GET /experimental/session?roots=true&limit=2000 -> HTTP 200 elapsed=52ms responseBytes=29599 engineUrl= http://127.0.0.1:61867 engineId= (default)
13:39:34 [log] [sess-diag] loadEngineSessions: 原始条数 = 1
13:39:34 [log] [sess-diag] loadEngineSessions: reconcile 后 convos = 1 order = 1
13:39:34 [log] [sess-diag] loadEngineSessions: 耗时(ms) fetch = 294 repoRoots = 27 build+reconcile = 6 set = 3 total = 329
13:40:03 [log] [sess-diag] engineFetch GET /experimental/session?roots=true&limit=2000 -> HTTP 200 elapsed=36ms responseBytes=29599 engineUrl= http://127.0.0.1:61867 engineId= (default)
13:40:03 [log] [sess-diag] loadEngineSessions: 原始条数 = 1
13:40:03 [log] [sess-diag] loadEngineSessions: reconcile 后 convos = 1 order = 1
13:40:03 [log] [sess-diag] loadEngineSessions: 耗时(ms) fetch = 68 repoRoots = 19 build+reconcile = 3 set = 8 total = 98
13:40:33 [log] [sess-diag] engineFetch GET /experimental/session?roots=true&limit=2000 -> HTTP 200 elapsed=41ms responseBytes=29599 engineUrl= http://127.0.0.1:61867 engineId= (default)
13:40:33 [log] [sess-diag] loadEngineSessions: 原始条数 = 1
13:40:33 [log] [sess-diag] loadEngineSessions: reconcile 后 convos = 1 order = 1
13:40:33 [log] [sess-diag] loadEngineSessions: 耗时(ms) fetch = 46 repoRoots = 3 build+reconcile = 4 set = 5 total = 58
13:40:51 [info] [intervention] {"stage":"model.start","at":1790314851822,"requestId":"3f0792434f8880f2","origin":"b5094fe8d78e452f","runId":"59e71e2fa751653d","sessionId":"b5094fe8d78e452f","userId":"2de0066204aa72e2","assistantId":"a59c5045017fff04","ephemeral":false,"hasScope":true,"route":"upstream"}
13:40:51 [info] [intervention] {"stage":"fetch.start","at":1790314851855,"requestId":"3f0792434f8880f2","origin":"b5094fe8d78e452f","runId":"59e71e2fa751653d","sessionId":"b5094fe8d78e452f","userId":"2de0066204aa72e2","assistantId":"a59c5045017fff04","ephemeral":false,"hasScope":true,"protocol":"chat-completions","route":"upstream"}
13:40:57 [info] [intervention] {"stage":"fetch.response","at":1790314857960,"requestId":"3f0792434f8880f2","origin":"b5094fe8d78e452f","runId":"59e71e2fa751653d","sessionId":"b5094fe8d78e452f","userId":"2de0066204aa72e2","assistantId":"a59c5045017fff04","elapsedMs":6105,"status":200,"ephemeral":false,"hasScope":true,"protocol":"chat-completions","route":"upstream"}
13:40:59 [info] [intervention] {"stage":"output","at":1790314859223,"runId":"59e71e2fa751653d","sessionId":"b5094fe8d78e452f","assistantId":"a59c5045017fff04","textChars":1,"reviewSkipped":false}
13:41:22 [log] [sess-diag] engineFetch GET /experimental/session?roots=true&limit=2000 -> HTTP 200 elapsed=580ms responseBytes=29599 engineUrl= http://127.0.0.1:61867 engineId= (default)
13:41:22 [log] [sess-diag] loadEngineSessions: 原始条数 = 1
13:41:22 [log] [sess-diag] loadEngineSessions: reconcile 后 convos = 1 order = 1
13:41:22 [log] [sess-diag] loadEngineSessions: 耗时(ms) fetch = 1279 repoRoots = 38 build+reconcile = 7 set = 3 total = 1328
13:41:33 [log] [sess-diag] engineFetch GET /experimental/session?roots=true&limit=2000 -> HTTP 200 elapsed=47ms responseBytes=29599 engineUrl= http://127.0.0.1:61867 engineId= (default)
13:41:33 [log] [sess-diag] loadEngineSessions: 原始条数 = 1
13:41:33 [log] [sess-diag] loadEngineSessions: reconcile 后 convos = 1 order = 1
13:41:33 [log] [sess-diag] loadEngineSessions: 耗时(ms) fetch = 60 repoRoots = 19 build+reconcile = 4 set = 6 total = 89
13:41:36 [log] [sess-diag] engineFetch GET /experimental/session?roots=true&limit=2000 -> HTTP 200 elapsed=371ms responseBytes=29599 engineUrl= http://127.0.0.1:61867 engineId= (default)
13:41:36 [log] [sess-diag] loadEngineSessions: 原始条数 = 1
13:41:36 [log] [sess-diag] loadEngineSessions: reconcile 后 convos = 1 order = 1
13:41:36 [log] [sess-diag] loadEngineSessions: 耗时(ms) fetch = 1136 repoRoots = 353 build+reconcile = 5 set = 6 total = 1499
13:41:40 [info] [intervention] {"stage":"model.start","at":1790314900653,"requestId":"3f0792434f8880f2","origin":"b5094fe8d78e452f","runId":"59e71e2fa751653d","sessionId":"b5094fe8d78e452f","userId":"2de0066204aa72e2","assistantId":"adec491a6fa41b5b","ephemeral":false,"hasScope":true,"route":"upstream"}
13:41:40 [info] [intervention] {"stage":"fetch.start","at":1790314900680,"requestId":"3f0792434f8880f2","origin":"b5094fe8d78e452f","runId":"59e71e2fa751653d","sessionId":"b5094fe8d78e452f","userId":"2de0066204aa72e2","assistantId":"adec491a6fa41b5b","ephemeral":false,"hasScope":true,"protocol":"chat-completions","route":"upstream"}
13:41:45 [info] [intervention] {"stage":"fetch.response","at":1790314905471,"requestId":"3f0792434f8880f2","origin":"b5094fe8d78e452f","runId":"59e71e2fa751653d","sessionId":"b5094fe8d78e452f","userId":"2de0066204aa72e2","assistantId":"adec491a6fa41b5b","elapsedMs":4791,"status":200,"ephemeral":false,"hasScope":true,"protocol":"chat-completions","route":"upstream"}
13:41:51 [log] [sess-diag] engineFetch GET /experimental/session?roots=true&limit=2000 -> HTTP 200 elapsed=726ms responseBytes=29599 engineUrl= http://127.0.0.1:61867 engineId= (default)
13:41:51 [log] [sess-diag] loadEngineSessions: 原始条数 = 1
13:41:51 [log] [sess-diag] loadEngineSessions: reconcile 后 convos = 1 order = 1
13:41:51 [log] [sess-diag] loadEngineSessions: 耗时(ms) fetch = 1155 repoRoots = 184 build+reconcile = 4 set = 4 total = 1347
13:41:53 [log] [sess-diag] engineFetch GET /experimental/session?roots=true&limit=2000 -> HTTP 200 elapsed=360ms responseBytes=29599 engineUrl= http://127.0.0.1:61867 engineId= (default)
13:41:53 [log] [sess-diag] loadEngineSessions: 原始条数 = 1
13:41:53 [log] [sess-diag] loadEngineSessions: reconcile 后 convos = 1 order = 1
13:41:53 [log] [sess-diag] loadEngineSessions: 耗时(ms) fetch = 794 repoRoots = 199 build+reconcile = 2 set = 4 total = 999
13:42:05 [info] [intervention] {"stage":"model.start","at":1790314925759,"requestId":"3f0792434f8880f2","origin":"b5094fe8d78e452f","runId":"59e71e2fa751653d","sessionId":"b5094fe8d78e452f","userId":"2de0066204aa72e2","assistantId":"512efa54b7da582e","ephemeral":false,"hasScope":true,"route":"upstream"}
13:42:05 [info] [intervention] {"stage":"fetch.start","at":1790314925791,"requestId":"3f0792434f8880f2","origin":"b5094fe8d78e452f","runId":"59e71e2fa751653d","sessionId":"b5094fe8d78e452f","userId":"2de0066204aa72e2","assistantId":"512efa54b7da582e","ephemeral":false,"hasScope":true,"protocol":"chat-completions","route":"upstream"}
13:42:09 [info] [intervention] {"stage":"fetch.response","at":1790314929434,"requestId":"3f0792434f8880f2","origin":"b5094fe8d78e452f","runId":"59e71e2fa751653d","sessionId":"b5094fe8d78e452f","userId":"2de0066204aa72e2","assistantId":"512efa54b7da582e","elapsedMs":3643,"status":200,"ephemeral":false,"hasScope":true,"protocol":"chat-completions","route":"upstream"}
13:42:32 [log] [sess-diag] engineFetch GET /experimental/session?roots=true&limit=2000 -> HTTP 200 elapsed=420ms responseBytes=29599 engineUrl= http://127.0.0.1:61867 engineId= (default)
13:42:32 [log] [sess-diag] loadEngineSessions: 原始条数 = 1
13:42:32 [log] [sess-diag] loadEngineSessions: reconcile 后 convos = 1 order = 1
13:42:32 [log] [sess-diag] loadEngineSessions: 耗时(ms) fetch = 1481 repoRoots = 188 build+reconcile = 5 set = 6 total = 1681
13:42:34 [log] [sess-diag] engineFetch GET /experimental/session?roots=true&limit=2000 -> HTTP 200 elapsed=517ms responseBytes=29599 engineUrl= http://127.0.0.1:61867 engineId= (default)
13:42:34 [log] [sess-diag] loadEngineSessions: 原始条数 = 1
13:42:35 [log] [sess-diag] loadEngineSessions: reconcile 后 convos = 1 order = 1
13:42:35 [log] [sess-diag] loadEngineSessions: 耗时(ms) fetch = 759 repoRoots = 216 build+reconcile = 4 set = 2 total = 981
13:45:31 [log] [sess-diag] engineFetch GET /experimental/session?roots=true&limit=2000 -> HTTP 200 elapsed=655ms responseBytes=29599 engineUrl= http://127.0.0.1:61867 engineId= (default)
13:45:31 [log] [sess-diag] loadEngineSessions: 原始条数 = 1
13:45:31 [log] [sess-diag] loadEngineSessions: reconcile 后 convos = 1 order = 1
13:45:31 [log] [sess-diag] loadEngineSessions: 耗时(ms) fetch = 1135 repoRoots = 53 build+reconcile = 2 set = 3 total = 1194
13:45:33 [log] [sess-diag] engineFetch GET /experimental/session?roots=true&limit=2000 -> HTTP 200 elapsed=35ms responseBytes=29599 engineUrl= http://127.0.0.1:61867 engineId= (default)
13:45:33 [log] [sess-diag] loadEngineSessions: 原始条数 = 1
13:45:33 [log] [sess-diag] loadEngineSessions: reconcile 后 convos = 1 order = 1
13:45:33 [log] [sess-diag] loadEngineSessions: 耗时(ms) fetch = 59 repoRoots = 20 build+reconcile = 3 set = 2 total = 84
13:46:03 [log] [sess-diag] engineFetch GET /experimental/session?roots=true&limit=2000 -> HTTP 200 elapsed=42ms responseBytes=29599 engineUrl= http://127.0.0.1:61867 engineId= (default)
13:46:03 [log] [sess-diag] loadEngineSessions: 原始条数 = 1
13:46:03 [log] [sess-diag] loadEngineSessions: reconcile 后 convos = 1 order = 1
13:46:03 [log] [sess-diag] loadEngineSessions: 耗时(ms) fetch = 47 repoRoots = 4 build+reconcile = 4 set = 4 total = 59
13:46:13 [log] [sess-diag] engineFetch GET /experimental/session?roots=true&limit=2000 -> HTTP 200 elapsed=331ms responseBytes=29599 engineUrl= http://127.0.0.1:61867 engineId= (default)
13:46:13 [log] [sess-diag] loadEngineSessions: 原始条数 = 1
13:46:13 [log] [sess-diag] loadEngineSessions: reconcile 后 convos = 1 order = 1
13:46:13 [log] [sess-diag] loadEngineSessions: 耗时(ms) fetch = 892 repoRoots = 188 build+reconcile = 4 set = 4 total = 1088
13:46:50 [info] [intervention] {"stage":"model.start","at":1790315210253,"requestId":"3f0792434f8880f2","origin":"b5094fe8d78e452f","runId":"59e71e2fa751653d","sessionId":"b5094fe8d78e452f","userId":"2de0066204aa72e2","assistantId":"473dddc6c8b5c062","ephemeral":false,"hasScope":true,"route":"upstream"}
13:46:50 [info] [intervention] {"stage":"fetch.start","at":1790315210316,"requestId":"3f0792434f8880f2","origin":"b5094fe8d78e452f","runId":"59e71e2fa751653d","sessionId":"b5094fe8d78e452f","userId":"2de0066204aa72e2","assistantId":"473dddc6c8b5c062","ephemeral":false,"hasScope":true,"protocol":"chat-completions","route":"upstream"}
13:47:46 [log] [sess-diag] engineFetch GET /experimental/session?roots=true&limit=2000 -> HTTP 200 elapsed=507ms responseBytes=29599 engineUrl= http://127.0.0.1:61867 engineId= (default)
13:47:46 [log] [sess-diag] loadEngineSessions: 原始条数 = 1
13:47:46 [log] [sess-diag] loadEngineSessions: reconcile 后 convos = 1 order = 1
13:47:46 [log] [sess-diag] loadEngineSessions: 耗时(ms) fetch = 1390 repoRoots = 215 build+reconcile = 5 set = 5 total = 1614
13:47:59 [log] [sess-diag] engineFetch GET /experimental/session?roots=true&limit=2000 -> HTTP 200 elapsed=335ms responseBytes=29599 engineUrl= http://127.0.0.1:61867 engineId= (default)
13:47:59 [log] [sess-diag] loadEngineSessions: 原始条数 = 1
13:48:00 [log] [sess-diag] loadEngineSessions: reconcile 后 convos = 1 order = 1
13:48:00 [log] [sess-diag] loadEngineSessions: 耗时(ms) fetch = 731 repoRoots = 211 build+reconcile = 2 set = 5 total = 950
13:48:05 [log] [sess-diag] engineFetch GET /experimental/session?roots=true&limit=2000 -> HTTP 200 elapsed=293ms responseBytes=29599 engineUrl= http://127.0.0.1:61867 engineId= (default)
13:48:05 [log] [sess-diag] loadEngineSessions: 原始条数 = 1
13:48:05 [log] [sess-diag] loadEngineSessions: reconcile 后 convos = 1 order = 1
13:48:05 [log] [sess-diag] loadEngineSessions: 耗时(ms) fetch = 902 repoRoots = 166 build+reconcile = 3 set = 4 total = 1075
13:48:31 [info] [experiment] key=feature_gates id=101197 type=string value={\n    "domestic": { "show_mcp_entry": false, "show_custom_model_button": true, "loop_streak_recovery": true, "show_evolve_entry": true,"show_computeruse": false, "show_browseruse": false, "show_pay": … elapsed=1ms
13:48:31 [info] [feature-gates] refresh: ok (elapsed=31ms)
13:48:31 [info] [config] loading from: https://cdn-exp-sg-recommend.pt.xiaomi.com/service/getClientBitMapExpConf/mimoDesktop(%E6%96%B0%E5%8A%A0%E5%9D%A1)
13:48:33 [info] [config] loaded tree for mimoDesktop(新加坡): children=2, upRuleIds=0
13:48:33 [info] [config] remote config loaded: 1 apps
13:48:33 [info] [config] loaded successfully: 1 apps
13:48:33 [log] [sess-diag] engineFetch GET /experimental/session?roots=true&limit=2000 -> HTTP 200 elapsed=38ms responseBytes=29599 engineUrl= http://127.0.0.1:61867 engineId= (default)
13:48:33 [log] [sess-diag] loadEngineSessions: 原始条数 = 1
13:48:33 [log] [sess-diag] loadEngineSessions: reconcile 后 convos = 1 order = 1
13:48:33 [log] [sess-diag] loadEngineSessions: 耗时(ms) fetch = 52 repoRoots = 11 build+reconcile = 2 set = 2 total = 67
13:48:43 [log] [sess-diag] engineFetch GET /experimental/session?roots=true&limit=2000 -> HTTP 200 elapsed=192ms responseBytes=29599 engineUrl= http://127.0.0.1:61867 engineId= (default)
13:48:43 [log] [sess-diag] loadEngineSessions: 原始条数 = 1
13:48:43 [log] [sess-diag] loadEngineSessions: reconcile 后 convos = 1 order = 1
13:48:43 [log] [sess-diag] loadEngineSessions: 耗时(ms) fetch = 442 repoRoots = 86 build+reconcile = 2 set = 3 total = 534
13:48:55 [log] [sess-diag] engineFetch GET /experimental/session?roots=true&limit=2000 -> HTTP 200 elapsed=244ms responseBytes=29599 engineUrl= http://127.0.0.1:61867 engineId= (default)
13:48:55 [log] [sess-diag] loadEngineSessions: 原始条数 = 1
13:48:55 [log] [sess-diag] loadEngineSessions: reconcile 后 convos = 1 order = 1
13:48:55 [log] [sess-diag] loadEngineSessions: 耗时(ms) fetch = 517 repoRoots = 103 build+reconcile = 2 set = 2 total = 624
13:49:21 [log] [sess-diag] engineFetch GET /experimental/session?roots=true&limit=2000 -> HTTP 200 elapsed=337ms responseBytes=29599 engineUrl= http://127.0.0.1:61867 engineId= (default)
13:49:21 [log] [sess-diag] loadEngineSessions: 原始条数 = 1
13:49:22 [log] [sess-diag] loadEngineSessions: reconcile 后 convos = 1 order = 1
13:49:22 [log] [sess-diag] loadEngineSessions: 耗时(ms) fetch = 706 repoRoots = 114 build+reconcile = 2 set = 3 total = 825
13:49:33 [log] [sess-diag] engineFetch GET /experimental/session?roots=true&limit=2000 -> HTTP 200 elapsed=32ms responseBytes=29599 engineUrl= http://127.0.0.1:61867 engineId= (default)
13:49:33 [log] [sess-diag] loadEngineSessions: 原始条数 = 1
13:49:33 [log] [sess-diag] loadEngineSessions: reconcile 后 convos = 1 order = 1
13:49:33 [log] [sess-diag] loadEngineSessions: 耗时(ms) fetch = 47 repoRoots = 11 build+reconcile = 2 set = 1 total = 61
13:50:03 [log] [sess-diag] engineFetch GET /experimental/session?roots=true&limit=2000 -> HTTP 200 elapsed=31ms responseBytes=29599 engineUrl= http://127.0.0.1:61867 engineId= (default)
13:50:03 [log] [sess-diag] loadEngineSessions: 原始条数 = 1
13:50:03 [log] [sess-diag] loadEngineSessions: reconcile 后 convos = 1 order = 1
13:50:03 [log] [sess-diag] loadEngineSessions: 耗时(ms) fetch = 35 repoRoots = 11 build+reconcile = 2 set = 2 total = 50
13:50:33 [log] [sess-diag] engineFetch GET /experimental/session?roots=true&limit=2000 -> HTTP 200 elapsed=37ms responseBytes=29599 engineUrl= http://127.0.0.1:61867 engineId= (default)
13:50:33 [log] [sess-diag] loadEngineSessions: 原始条数 = 1
13:50:33 [log] [sess-diag] loadEngineSessions: reconcile 后 convos = 1 order = 1
13:50:33 [log] [sess-diag] loadEngineSessions: 耗时(ms) fetch = 169 repoRoots = 18 build+reconcile = 4 set = 3 total = 193
13:50:47 [log] [sess-diag] engineFetch GET /experimental/session?roots=true&limit=2000 -> HTTP 200 elapsed=193ms responseBytes=29599 engineUrl= http://127.0.0.1:61867 engineId= (default)
13:50:47 [log] [sess-diag] loadEngineSessions: 原始条数 = 1
13:50:48 [log] [sess-diag] loadEngineSessions: reconcile 后 convos = 1 order = 1
13:50:48 [log] [sess-diag] loadEngineSessions: 耗时(ms) fetch = 495 repoRoots = 140 build+reconcile = 2 set = 2 total = 638
13:51:00 [log] [sess-diag] engineFetch GET /experimental/session?roots=true&limit=2000 -> HTTP 200 elapsed=215ms responseBytes=29599 engineUrl= http://127.0.0.1:61867 engineId= (default)
13:51:00 [log] [sess-diag] loadEngineSessions: 原始条数 = 1
13:51:00 [log] [sess-diag] loadEngineSessions: reconcile 后 convos = 1 order = 1
13:51:00 [log] [sess-diag] loadEngineSessions: 耗时(ms) fetch = 497 repoRoots = 97 build+reconcile = 2 set = 2 total = 598
13:53:18 [info] Checking for update
13:53:19 [info] Update for version 26.923.232338 is not available (latest version: 26.923.232338, downgrade is disallowed).
13:53:23 [log] [model-catalog] fetch inconclusive=network (This operation was aborted) -> keep cache
13:53:35 [log] [sess-diag] engineFetch GET /experimental/session?roots=true&limit=2000 -> HTTP 200 elapsed=215ms responseBytes=29599 engineUrl= http://127.0.0.1:61867 engineId= (default)
13:53:35 [log] [sess-diag] loadEngineSessions: 原始条数 = 1
13:53:35 [log] [sess-diag] loadEngineSessions: reconcile 后 convos = 1 order = 1
13:53:35 [log] [sess-diag] loadEngineSessions: 耗时(ms) fetch = 530 repoRoots = 12 build+reconcile = 3 set = 2 total = 548
13:53:36 [info] [intervention] {"stage":"closed","at":1790315616909,"requestId":"3df9b518df1ecadb","origin":"b5094fe8d78e452f","runId":"59e71e2fa751653d","sessionId":"b5094fe8d78e452f","userId":"f20ef697fb3e5515","elapsedMs":2678569,"textChars":13}
13:53:36 [info] [intervention] {"stage":"closed","at":1790315616910,"requestId":"3f0792434f8880f2","origin":"b5094fe8d78e452f","runId":"59e71e2fa751653d","sessionId":"b5094fe8d78e452f","userId":"2de0066204aa72e2","elapsedMs":2294138,"textChars":32,"reviewId":"mimo-intv-mimo_pc_input_text-4554745a230d41e98d4303b8146aeca1"}
13:53:36 [info] [turn-power-save] released sysId=7 last=run:ses_ffe5f298357dfffeN82Wln2VmT
13:53:37 [info] [intervention] {"stage":"fetch.error","at":1790315617103,"requestId":"3f0792434f8880f2","origin":"b5094fe8d78e452f","runId":"59e71e2fa751653d","sessionId":"b5094fe8d78e452f","userId":"2de0066204aa72e2","assistantId":"473dddc6c8b5c062","elapsedMs":406787,"ephemeral":false,"hasScope":true,"protocol":"chat-completions","route":"upstream","errorName":"AbortError"}
13:53:37 [log] [sess-diag] [white-screen-up] {"id":"ses_ffe5f298357dfffeN82Wln2VmT","upDelta":3282.66650390625,"prevTop":8761.3330078125,"top":5478.66650390625,"clientHeight":883,"prevScrollHeight":9644,"scrollHeight":6361,"following":true,"lastPinSource":"floor","stack":"Error: white-screen-up-scroll\n    at Fn (app://-/renderer/assets/ThreadView-D9cl-a57.js:1:5217)\n    at HTMLDivElement.A (app://-/renderer/assets/ThreadView-D9cl-a57.js:1:24046)"}
13:53:37 [info] [content-review] app=mimo_pc_output_text source=conversation why=flush batch=ca348059e749c51e api=/api/audit/check len=61 images=0 sha=b9ca92abfa68 session=ses_ffe5f298357dfffeN82Wln2VmT elapsed=239ms verdict=pass reviewId=mimo-mimo_pc_output_text-29113efd868543a18dff96a1434d68f5 detail=[serverVerdict=pass resultCode=1 subCode=9 aigc=- hints=0 detailsLen=0 resp=[passed=pass resultCode=1 reviewId=mimo-mimo_pc_output_text-29113efd868543a18dff96a1434d68f5 offlineReason= offlineDetails=[0 chars] hint=[0 items] subCode=9 aigc=null]]
13:53:37 [log] [sess-diag] engineFetch GET /session/ses_ffe5f298357dfffeN82Wln2VmT/task -> HTTP 200 elapsed=266ms responseBytes=1444 engineUrl= http://127.0.0.1:61867 engineId= mimocode
13:53:37 [log] [sess-diag] engineFetch GET /session/ses_ffe5f298357dfffeN82Wln2VmT -> HTTP 200 elapsed=275ms responseBytes=29556 engineUrl= http://127.0.0.1:61867 engineId= mimocode
13:53:37 [log] [sess-diag] engineFetch GET /session/ses_ffe5f298357dfffeN82Wln2VmT/recovery -> HTTP 200 elapsed=327ms responseBytes=151 engineUrl= http://127.0.0.1:61867 engineId= mimocode
13:53:37 [log] [sess-diag] engineFetch GET /session/ses_ffe5f298357dfffeN82Wln2VmT/recovery -> HTTP 200 elapsed=418ms responseBytes=151 engineUrl= http://127.0.0.1:61867 engineId= mimocode
13:53:37 [info] [content-review] app=mimo_pc_output_text source=conversation why=flush batch=4595e9f4689258f0 api=/api/audit/check len=137 images=0 sha=564437de70d4 session=ses_ffe5f298357dfffeN82Wln2VmT elapsed=249ms verdict=pass reviewId=mimo-mimo_pc_output_text-386e190ad83e4ff890ddd2de5d78af4b detail=[serverVerdict=pass resultCode=1 subCode=9 aigc=- hints=0 detailsLen=0 resp=[passed=pass resultCode=1 reviewId=mimo-mimo_pc_output_text-386e190ad83e4ff890ddd2de5d78af4b offlineReason= offlineDetails=[0 chars] hint=[0 items] subCode=9 aigc=null]]
13:53:37 [log] [sess-diag] engineFetch GET /session/ses_ffe5f298357dfffeN82Wln2VmT/message -> HTTP 200 elapsed=380ms responseBytes=907344 engineUrl= http://127.0.0.1:61867 engineId= mimocode
13:53:37 [info] [content-review] app=mimo_pc_output_text source=conversation why=flush batch=690f36b6fc4fd7f7 api=/api/audit/check len=91 images=0 sha=8b3b11870582 session=ses_ffe5f298357dfffeN82Wln2VmT elapsed=223ms verdict=pass reviewId=mimo-mimo_pc_output_text-a33e06e5d56849cbb0079a4b162e38c2 detail=[serverVerdict=pass resultCode=1 subCode=9 aigc=- hints=0 detailsLen=0 resp=[passed=pass resultCode=1 reviewId=mimo-mimo_pc_output_text-a33e06e5d56849cbb0079a4b162e38c2 offlineReason= offlineDetails=[0 chars] hint=[0 items] subCode=9 aigc=null]]
13:53:37 [info] [content-review] app=mimo_pc_output_text source=conversation why=flush batch=e1bc716348eaaeb8 api=/api/audit/check len=40 images=0 sha=40b0bc3eb00d session=ses_ffe5f298357dfffeN82Wln2VmT elapsed=225ms verdict=pass reviewId=mimo-mimo_pc_output_text-441ade7a753543d0891b54935b6d031e detail=[serverVerdict=pass resultCode=1 subCode=9 aigc=- hints=0 detailsLen=0 resp=[passed=pass resultCode=1 reviewId=mimo-mimo_pc_output_text-441ade7a753543d0891b54935b6d031e offlineReason= offlineDetails=[0 chars] hint=[0 items] subCode=9 aigc=null]]
13:53:38 [log] [sess-diag] engineFetch GET /session/ses_ffe5f298357dfffeN82Wln2VmT/actors -> HTTP 200 elapsed=89ms responseBytes=405 engineUrl= http://127.0.0.1:61867 engineId= mimocode
13:53:38 [info] [content-review] app=mimo_pc_output_text source=conversation why=flush batch=6cd014953ce3be7c api=/api/audit/check len=63 images=0 sha=4c50088f9ce4 session=ses_ffe5f298357dfffeN82Wln2VmT elapsed=285ms verdict=pass reviewId=mimo-mimo_pc_output_text-889a0ba40eed490ab5b8da9090c16b34 detail=[serverVerdict=pass resultCode=1 subCode=9 aigc=- hints=0 detailsLen=0 resp=[passed=pass resultCode=1 reviewId=mimo-mimo_pc_output_text-889a0ba40eed490ab5b8da9090c16b34 offlineReason= offlineDetails=[0 chars] hint=[0 items] subCode=9 aigc=null]]
13:53:38 [info] [intervention] {"stage":"query","at":1790315618293,"requestId":"f6e7bee416ec5d94","origin":"b5094fe8d78e452f","elapsedMs":224,"textChars":32,"queryChars":32,"truncated":false,"result":"miss","reviewId":"mimo-intv-mimo_pc_input_text-d4a837a737ed4d07847f78b9a1c772bb"}
13:53:38 [info] [content-review] app=mimo_pc_output_text source=conversation why=flush batch=4382fa8f9f70947d api=/api/audit/check len=84 images=0 sha=c3a33fc4d52f session=ses_ffe5f298357dfffeN82Wln2VmT elapsed=227ms verdict=pass reviewId=mimo-mimo_pc_output_text-80ae98b81e5b4eeaa832fd4e217449d1 detail=[serverVerdict=pass resultCode=1 subCode=9 aigc=- hints=0 detailsLen=0 resp=[passed=pass resultCode=1 reviewId=mimo-mimo_pc_output_text-80ae98b81e5b4eeaa832fd4e217449d1 offlineReason= offlineDetails=[0 chars] hint=[0 items] subCode=9 aigc=null]]
13:53:38 [info] [content-review] app=mimo_pc_input_text source=input why=oneshot batch=42db1cf1cdb861ef api=/api/audit/check len=32 images=0 sha=d4c1e3755d8e session=ses_ffe5f298357dfffeN82Wln2VmT elapsed=190ms verdict=pass reviewId=mimo-mimo_pc_input_text-526f705e067c4d61bc1b9cfa53604cff detail=[serverVerdict=pass resultCode=1 subCode=9 aigc=- hints=0 detailsLen=0 resp=[passed=pass resultCode=1 reviewId=mimo-mimo_pc_input_text-526f705e067c4d61bc1b9cfa53604cff offlineReason= offlineDetails=[0 chars] hint=[0 items] subCode=9 aigc=null]]
13:53:38 [info] [intervention] {"stage":"prepared","at":1790315618488,"requestId":"f6e7bee416ec5d94","origin":"b5094fe8d78e452f","elapsedMs":419,"textChars":32,"result":"ready","reviewId":"mimo-intv-mimo_pc_input_text-d4a837a737ed4d07847f78b9a1c772bb"}
13:53:38 [info] [intervention] {"stage":"claim","at":1790315618528,"requestId":"f6e7bee416ec5d94","origin":"b5094fe8d78e452f","sessionId":"b5094fe8d78e452f","userId":"2de0066204aa72e2","elapsedMs":459,"textChars":32,"reviewId":"mimo-intv-mimo_pc_input_text-d4a837a737ed4d07847f78b9a1c772bb"}
13:53:38 [info] [turn-power-save] acquired sysId=8 mode=prevent-app-suspension first=run:ses_ffe5f298357dfffeN82Wln2VmT
13:53:38 [info] [content-review] app=mimo_pc_output_text source=conversation why=flush batch=6600756ce183f7d4 api=/api/audit/check len=66 images=0 sha=cd07c2c15d95 session=ses_ffe5f298357dfffeN82Wln2VmT elapsed=200ms verdict=pass reviewId=mimo-mimo_pc_output_text-e3f0a53655c4496fb4dab2acf36a57d5 detail=[serverVerdict=pass resultCode=1 subCode=9 aigc=- hints=0 detailsLen=0 resp=[passed=pass resultCode=1 reviewId=mimo-mimo_pc_output_text-e3f0a53655c4496fb4dab2acf36a57d5 offlineReason= offlineDetails=[0 chars] hint=[0 items] subCode=9 aigc=null]]
13:53:38 [info] [intervention] {"stage":"dispatch","at":1790315618593,"requestId":"f6e7bee416ec5d94","origin":"b5094fe8d78e452f","runId":"002e823db10121db","sessionId":"b5094fe8d78e452f","userId":"2de0066204aa72e2","elapsedMs":524,"textChars":32,"reviewId":"mimo-intv-mimo_pc_input_text-d4a837a737ed4d07847f78b9a1c772bb"}
13:53:38 [info] [intervention] {"stage":"resume.request","at":1790315618594,"origin":"b5094fe8d78e452f","sessionId":"b5094fe8d78e452f","assistantId":"473dddc6c8b5c062","bodyFields":0,"hasSeed":true,"resumeKind":"assistant"}
13:53:38 [info] [intervention] {"stage":"resume.response","at":1790315618651,"origin":"b5094fe8d78e452f","sessionId":"b5094fe8d78e452f","status":202}
13:53:38 [info] [intervention] {"stage":"model.start","at":1790315618891,"requestId":"f6e7bee416ec5d94","origin":"b5094fe8d78e452f","runId":"002e823db10121db","sessionId":"b5094fe8d78e452f","userId":"2de0066204aa72e2","assistantId":"7cdbe6fada653ab0","ephemeral":false,"hasScope":true,"route":"upstream"}
13:53:38 [info] [intervention] {"stage":"fetch.start","at":1790315618907,"requestId":"f6e7bee416ec5d94","origin":"b5094fe8d78e452f","runId":"002e823db10121db","sessionId":"b5094fe8d78e452f","userId":"2de0066204aa72e2","assistantId":"7cdbe6fada653ab0","ephemeral":false,"hasScope":true,"protocol":"chat-completions","route":"upstream"}
13:53:38 [log] [sess-diag] [white-screen-up] {"id":"ses_ffe5f298357dfffeN82Wln2VmT","upDelta":1244,"prevTop":5478.66650390625,"top":4234.66650390625,"clientHeight":883,"prevScrollHeight":6361,"scrollHeight":5117,"following":true,"lastPinSource":"floor","stack":"Error: white-screen-up-scroll\n    at Fn (app://-/renderer/assets/ThreadView-D9cl-a57.js:1:5217)\n    at HTMLDivElement.A (app://-/renderer/assets/ThreadView-D9cl-a57.js:1:24046)"}
13:53:38 [info] [content-review] app=mimo_pc_output_text source=conversation why=flush batch=abe3243e9d3ee346 api=/api/audit/check len=59 images=0 sha=45c3f423d965 session=ses_ffe5f298357dfffeN82Wln2VmT elapsed=396ms verdict=pass reviewId=mimo-mimo_pc_output_text-3aa329ed1c9a4bad9e88890fc3dbe963 detail=[serverVerdict=pass resultCode=1 subCode=9 aigc=- hints=0 detailsLen=0 resp=[passed=pass resultCode=1 reviewId=mimo-mimo_pc_output_text-3aa329ed1c9a4bad9e88890fc3dbe963 offlineReason= offlineDetails=[0 chars] hint=[0 items] subCode=9 aigc=null]]
13:53:39 [warn] [content-review] app=mimo_pc_output_text source=conversation why=flush batch=7d428bc45dcac130 api=/api/audit/check len=91 images=0 sha=ca6f8a273190 session=ses_ffe5f298357dfffeN82Wln2VmT elapsed=1003ms verdict=unavailable reviewId=- reason=[review timeout (1000ms)]
13:53:40 [warn] [content-review] app=mimo_pc_output_text source=conversation why=flush batch=d797af380bcd7c8e api=/api/audit/check len=48 images=0 sha=bb1a8670a6ef session=ses_ffe5f298357dfffeN82Wln2VmT elapsed=1013ms verdict=unavailable reviewId=- reason=[review timeout (1000ms)]
13:53:44 [info] [intervention] {"stage":"fetch.response","at":1790315624489,"requestId":"f6e7bee416ec5d94","origin":"b5094fe8d78e452f","runId":"002e823db10121db","sessionId":"b5094fe8d78e452f","userId":"2de0066204aa72e2","assistantId":"7cdbe6fada653ab0","elapsedMs":5582,"status":200,"ephemeral":false,"hasScope":true,"protocol":"chat-completions","route":"upstream"}
13:54:00 [log] [sess-diag] engineFetch GET /experimental/session?roots=true&limit=2000 -> HTTP 200 elapsed=243ms responseBytes=29599 engineUrl= http://127.0.0.1:61867 engineId= (default)
13:54:00 [log] [sess-diag] loadEngineSessions: 原始条数 = 1
13:54:00 [log] [sess-diag] loadEngineSessions: reconcile 后 convos = 1 order = 1
13:54:00 [log] [sess-diag] loadEngineSessions: 耗时(ms) fetch = 491 repoRoots = 110 build+reconcile = 3 set = 2 total = 606
13:54:04 [info] [intervention] {"stage":"model.start","at":1790315644320,"requestId":"f6e7bee416ec5d94","origin":"b5094fe8d78e452f","runId":"002e823db10121db","sessionId":"b5094fe8d78e452f","userId":"2de0066204aa72e2","assistantId":"f125d5061c66a46a","ephemeral":false,"hasScope":true,"route":"upstream"}
13:54:04 [info] [intervention] {"stage":"fetch.start","at":1790315644337,"requestId":"f6e7bee416ec5d94","origin":"b5094fe8d78e452f","runId":"002e823db10121db","sessionId":"b5094fe8d78e452f","userId":"2de0066204aa72e2","assistantId":"f125d5061c66a46a","ephemeral":false,"hasScope":true,"protocol":"chat-completions","route":"upstream"}
13:54:11 [info] [intervention] {"stage":"fetch.response","at":1790315651530,"requestId":"f6e7bee416ec5d94","origin":"b5094fe8d78e452f","runId":"002e823db10121db","sessionId":"b5094fe8d78e452f","userId":"2de0066204aa72e2","assistantId":"f125d5061c66a46a","elapsedMs":7193,"status":200,"ephemeral":false,"hasScope":true,"protocol":"chat-completions","route":"upstream"}
13:54:16 [log] [sess-diag] engineFetch GET /experimental/session?roots=true&limit=2000 -> HTTP 200 elapsed=230ms responseBytes=29599 engineUrl= http://127.0.0.1:61867 engineId= (default)
13:54:16 [log] [sess-diag] loadEngineSessions: 原始条数 = 1
13:54:16 [log] [sess-diag] loadEngineSessions: reconcile 后 convos = 1 order = 1
13:54:16 [log] [sess-diag] loadEngineSessions: 耗时(ms) fetch = 459 repoRoots = 93 build+reconcile = 2 set = 2 total = 556
13:54:19 [log] [sess-diag] engineFetch GET /experimental/session?roots=true&limit=2000 -> HTTP 200 elapsed=175ms responseBytes=29599 engineUrl= http://127.0.0.1:61867 engineId= (default)
13:54:19 [log] [sess-diag] loadEngineSessions: 原始条数 = 1
13:54:20 [log] [sess-diag] loadEngineSessions: reconcile 后 convos = 1 order = 1
13:54:20 [log] [sess-diag] loadEngineSessions: 耗时(ms) fetch = 367 repoRoots = 98 build+reconcile = 2 set = 2 total = 470
13:54:27 [info] [intervention] {"stage":"model.start","at":1790315667720,"requestId":"f6e7bee416ec5d94","origin":"b5094fe8d78e452f","runId":"002e823db10121db","sessionId":"b5094fe8d78e452f","userId":"2de0066204aa72e2","assistantId":"58c5d045ca2adad4","ephemeral":false,"hasScope":true,"route":"upstream"}
13:54:27 [info] [intervention] {"stage":"fetch.start","at":1790315667734,"requestId":"f6e7bee416ec5d94","origin":"b5094fe8d78e452f","runId":"002e823db10121db","sessionId":"b5094fe8d78e452f","userId":"2de0066204aa72e2","assistantId":"58c5d045ca2adad4","ephemeral":false,"hasScope":true,"protocol":"chat-completions","route":"upstream"}
13:54:33 [info] [intervention] {"stage":"fetch.response","at":1790315673996,"requestId":"f6e7bee416ec5d94","origin":"b5094fe8d78e452f","runId":"002e823db10121db","sessionId":"b5094fe8d78e452f","userId":"2de0066204aa72e2","assistantId":"58c5d045ca2adad4","elapsedMs":6262,"status":200,"ephemeral":false,"hasScope":true,"protocol":"chat-completions","route":"upstream"}
13:55:03 [log] [sess-diag] engineFetch GET /experimental/session?roots=true&limit=2000 -> HTTP 200 elapsed=155ms responseBytes=29599 engineUrl= http://127.0.0.1:61867 engineId= (default)
13:55:03 [log] [sess-diag] loadEngineSessions: 原始条数 = 1
13:55:03 [log] [sess-diag] loadEngineSessions: reconcile 后 convos = 1 order = 1
13:55:03 [log] [sess-diag] loadEngineSessions: 耗时(ms) fetch = 344 repoRoots = 80 build+reconcile = 2 set = 3 total = 429
13:55:03 [log] [sess-diag] engineFetch GET /experimental/session?roots=true&limit=2000 -> HTTP 200 elapsed=18ms responseBytes=29599 engineUrl= http://127.0.0.1:61867 engineId= (default)
13:55:03 [log] [sess-diag] loadEngineSessions: 原始条数 = 1
13:55:03 [log] [sess-diag] loadEngineSessions: reconcile 后 convos = 1 order = 1
13:55:03 [log] [sess-diag] loadEngineSessions: 耗时(ms) fetch = 23 repoRoots = 3 build+reconcile = 2 set = 2 total = 30
13:55:11 [info] [intervention] {"stage":"model.start","at":1790315711095,"requestId":"f6e7bee416ec5d94","origin":"b5094fe8d78e452f","runId":"002e823db10121db","sessionId":"b5094fe8d78e452f","userId":"2de0066204aa72e2","assistantId":"753dae2d22ad552c","ephemeral":false,"hasScope":true,"route":"upstream"}
13:55:11 [info] [intervention] {"stage":"fetch.start","at":1790315711114,"requestId":"f6e7bee416ec5d94","origin":"b5094fe8d78e452f","runId":"002e823db10121db","sessionId":"b5094fe8d78e452f","userId":"2de0066204aa72e2","assistantId":"753dae2d22ad552c","ephemeral":false,"hasScope":true,"protocol":"chat-completions","route":"upstream"}
13:55:20 [info] [intervention] {"stage":"fetch.response","at":1790315720601,"requestId":"f6e7bee416ec5d94","origin":"b5094fe8d78e452f","runId":"002e823db10121db","sessionId":"b5094fe8d78e452f","userId":"2de0066204aa72e2","assistantId":"753dae2d22ad552c","elapsedMs":9487,"status":200,"ephemeral":false,"hasScope":true,"protocol":"chat-completions","route":"upstream"}
13:55:33 [log] [sess-diag] engineFetch GET /experimental/session?roots=true&limit=2000 -> HTTP 200 elapsed=165ms responseBytes=29599 engineUrl= http://127.0.0.1:61867 engineId= (default)
13:55:33 [log] [sess-diag] loadEngineSessions: 原始条数 = 1
13:55:33 [log] [sess-diag] loadEngineSessions: reconcile 后 convos = 1 order = 1
13:55:33 [log] [sess-diag] loadEngineSessions: 耗时(ms) fetch = 350 repoRoots = 81 build+reconcile = 2 set = 2 total = 435
13:56:32 [info] [intervention] {"stage":"model.start","at":1790315792392,"requestId":"f6e7bee416ec5d94","origin":"b5094fe8d78e452f","runId":"002e823db10121db","sessionId":"b5094fe8d78e452f","userId":"2de0066204aa72e2","assistantId":"2de84fda837a422c","ephemeral":false,"hasScope":true,"route":"upstream"}
13:56:32 [info] [intervention] {"stage":"fetch.start","at":1790315792407,"requestId":"f6e7bee416ec5d94","origin":"b5094fe8d78e452f","runId":"002e823db10121db","sessionId":"b5094fe8d78e452f","userId":"2de0066204aa72e2","assistantId":"2de84fda837a422c","ephemeral":false,"hasScope":true,"protocol":"chat-completions","route":"upstream"}
13:57:07 [info] [intervention] {"stage":"fetch.response","at":1790315827541,"requestId":"f6e7bee416ec5d94","origin":"b5094fe8d78e452f","runId":"002e823db10121db","sessionId":"b5094fe8d78e452f","userId":"2de0066204aa72e2","assistantId":"2de84fda837a422c","elapsedMs":35134,"status":200,"ephemeral":false,"hasScope":true,"protocol":"chat-completions","route":"upstream"}
13:57:11 [info] [content-review/turn-binding] note-no-slot key=ses_ffe5f298357dfffeN82Wln2VmT anchor=msg:msg_g001a0d723077e001BjyCZ4Qqh
13:57:11 [info] [intervention] {"stage":"output","at":1790315831142,"runId":"002e823db10121db","sessionId":"b5094fe8d78e452f","assistantId":"2de84fda837a422c","textChars":1,"reviewSkipped":false}
13:58:31 [info] [experiment] key=feature_gates id=101197 type=string value={\n    "domestic": { "show_mcp_entry": false, "show_custom_model_button": true, "loop_streak_recovery": true, "show_evolve_entry": true,"show_computeruse": false, "show_browseruse": false, "show_pay": … elapsed=5ms
13:58:31 [info] [feature-gates] refresh: ok (elapsed=25ms)
13:58:32 [info] [config] loading from: https://cdn-exp-sg-recommend.pt.xiaomi.com/service/getClientBitMapExpConf/mimoDesktop(%E6%96%B0%E5%8A%A0%E5%9D%A1)
13:58:33 [info] [config] loaded tree for mimoDesktop(新加坡): children=2, upRuleIds=0
13:58:33 [info] [config] remote config loaded: 1 apps
13:58:33 [info] [config] loaded successfully: 1 apps
13:58:42 [log] [sess-diag] engineFetch GET /experimental/session?roots=true&limit=2000 -> HTTP 200 elapsed=353ms responseBytes=29599 engineUrl= http://127.0.0.1:61867 engineId= (default)
13:58:42 [log] [sess-diag] loadEngineSessions: 原始条数 = 1
13:58:42 [log] [sess-diag] loadEngineSessions: reconcile 后 convos = 1 order = 1
13:58:42 [log] [sess-diag] loadEngineSessions: 耗时(ms) fetch = 545 repoRoots = 160 build+reconcile = 3 set = 2 total = 710
13:59:03 [log] [sess-diag] engineFetch GET /experimental/session?roots=true&limit=2000 -> HTTP 200 elapsed=32ms responseBytes=29599 engineUrl= http://127.0.0.1:61867 engineId= (default)
13:59:03 [log] [sess-diag] loadEngineSessions: 原始条数 = 1
13:59:03 [log] [sess-diag] loadEngineSessions: reconcile 后 convos = 1 order = 1
13:59:03 [log] [sess-diag] loadEngineSessions: 耗时(ms) fetch = 36 repoRoots = 2 build+reconcile = 2 set = 2 total = 43
13:59:05 [log] [sess-diag] engineFetch GET /experimental/session?roots=true&limit=2000 -> HTTP 200 elapsed=149ms responseBytes=29599 engineUrl= http://127.0.0.1:61867 engineId= (default)
13:59:05 [log] [sess-diag] loadEngineSessions: 原始条数 = 1
13:59:05 [log] [sess-diag] loadEngineSessions: reconcile 后 convos = 1 order = 1
13:59:05 [log] [sess-diag] loadEngineSessions: 耗时(ms) fetch = 334 repoRoots = 87 build+reconcile = 2 set = 2 total = 425
14:02:21 [log] [sess-diag] engineFetch GET /experimental/session?roots=true&limit=2000 -> HTTP 200 elapsed=173ms responseBytes=29599 engineUrl= http://127.0.0.1:61867 engineId= (default)
14:02:21 [log] [sess-diag] loadEngineSessions: 原始条数 = 1
14:02:21 [log] [sess-diag] loadEngineSessions: reconcile 后 convos = 1 order = 1
14:02:21 [log] [sess-diag] loadEngineSessions: 耗时(ms) fetch = 420 repoRoots = 149 build+reconcile = 2 set = 3 total = 574
14:02:24 [log] [sess-diag] engineFetch GET /experimental/session?roots=true&limit=2000 -> HTTP 200 elapsed=123ms responseBytes=29599 engineUrl= http://127.0.0.1:61867 engineId= (default)
14:02:24 [log] [sess-diag] loadEngineSessions: 原始条数 = 1
14:02:24 [log] [sess-diag] loadEngineSessions: reconcile 后 convos = 1 order = 1
14:02:24 [log] [sess-diag] loadEngineSessions: 耗时(ms) fetch = 301 repoRoots = 82 build+reconcile = 1 set = 2 total = 386
14:03:31 [log] [sess-diag] engineFetch GET /experimental/session?roots=true&limit=2000 -> HTTP 200 elapsed=157ms responseBytes=29599 engineUrl= http://127.0.0.1:61867 engineId= (default)
14:03:31 [log] [sess-diag] loadEngineSessions: 原始条数 = 1
14:03:31 [log] [sess-diag] loadEngineSessions: reconcile 后 convos = 1 order = 1
14:03:31 [log] [sess-diag] loadEngineSessions: 耗时(ms) fetch = 843 repoRoots = 100 build+reconcile = 12 set = 12 total = 967
14:08:31 [info] [experiment] key=feature_gates id=101197 type=string value={\n    "domestic": { "show_mcp_entry": false, "show_custom_model_button": true, "loop_streak_recovery": true, "show_evolve_entry": true,"show_computeruse": false, "show_browseruse": false, "show_pay": … elapsed=1ms
14:08:31 [info] [feature-gates] refresh: ok (elapsed=33ms)
14:08:32 [info] [config] loading from: https://cdn-exp-sg-recommend.pt.xiaomi.com/service/getClientBitMapExpConf/mimoDesktop(%E6%96%B0%E5%8A%A0%E5%9D%A1)
14:08:32 [info] [config] loaded tree for mimoDesktop(新加坡): children=2, upRuleIds=0
14:08:32 [info] [config] remote config loaded: 1 apps
14:08:32 [info] [config] loaded successfully: 1 apps
14:08:43 [info] [intervention] {"stage":"model.start","at":1790316523451,"requestId":"f6e7bee416ec5d94","origin":"b5094fe8d78e452f","runId":"002e823db10121db","sessionId":"b5094fe8d78e452f","userId":"2de0066204aa72e2","assistantId":"b316172de45ead43","ephemeral":false,"hasScope":true,"route":"upstream"}
14:08:43 [info] [intervention] {"stage":"fetch.start","at":1790316523466,"requestId":"f6e7bee416ec5d94","origin":"b5094fe8d78e452f","runId":"002e823db10121db","sessionId":"b5094fe8d78e452f","userId":"2de0066204aa72e2","assistantId":"b316172de45ead43","ephemeral":false,"hasScope":true,"protocol":"chat-completions","route":"upstream"}
14:08:58 [info] [intervention] {"stage":"fetch.response","at":1790316538378,"requestId":"f6e7bee416ec5d94","origin":"b5094fe8d78e452f","runId":"002e823db10121db","sessionId":"b5094fe8d78e452f","userId":"2de0066204aa72e2","assistantId":"b316172de45ead43","elapsedMs":14912,"status":200,"ephemeral":false,"hasScope":true,"protocol":"chat-completions","route":"upstream"}
14:09:00 [info] [intervention] {"stage":"output","at":1790316540247,"runId":"002e823db10121db","sessionId":"b5094fe8d78e452f","assistantId":"b316172de45ead43","textChars":1,"reviewSkipped":false}
14:09:17 [log] [sess-diag] engineFetch GET /experimental/session?roots=true&limit=2000 -> HTTP 200 elapsed=369ms responseBytes=29599 engineUrl= http://127.0.0.1:61867 engineId= (default)
14:09:17 [log] [sess-diag] loadEngineSessions: 原始条数 = 1
14:09:17 [log] [sess-diag] loadEngineSessions: reconcile 后 convos = 1 order = 1
14:09:17 [log] [sess-diag] loadEngineSessions: 耗时(ms) fetch = 708 repoRoots = 170 build+reconcile = 4 set = 2 total = 883
14:09:30 [info] [intervention] {"stage":"model.start","at":1790316570283,"requestId":"f6e7bee416ec5d94","origin":"b5094fe8d78e452f","runId":"002e823db10121db","sessionId":"b5094fe8d78e452f","userId":"2de0066204aa72e2","assistantId":"0a6fc4ead1dde3e2","ephemeral":false,"hasScope":true,"route":"upstream"}
14:09:30 [info] [intervention] {"stage":"fetch.start","at":1790316570298,"requestId":"f6e7bee416ec5d94","origin":"b5094fe8d78e452f","runId":"002e823db10121db","sessionId":"b5094fe8d78e452f","userId":"2de0066204aa72e2","assistantId":"0a6fc4ead1dde3e2","ephemeral":false,"hasScope":true,"protocol":"chat-completions","route":"upstream"}
14:09:33 [log] [sess-diag] engineFetch GET /experimental/session?roots=true&limit=2000 -> HTTP 200 elapsed=35ms responseBytes=29599 engineUrl= http://127.0.0.1:61867 engineId= (default)
14:09:33 [log] [sess-diag] loadEngineSessions: 原始条数 = 1
14:09:33 [log] [sess-diag] loadEngineSessions: reconcile 后 convos = 1 order = 1
14:09:33 [log] [sess-diag] loadEngineSessions: 耗时(ms) fetch = 40 repoRoots = 10 build+reconcile = 2 set = 2 total = 54
14:09:45 [info] [intervention] {"stage":"fetch.response","at":1790316585320,"requestId":"f6e7bee416ec5d94","origin":"b5094fe8d78e452f","runId":"002e823db10121db","sessionId":"b5094fe8d78e452f","userId":"2de0066204aa72e2","assistantId":"0a6fc4ead1dde3e2","elapsedMs":15022,"status":200,"ephemeral":false,"hasScope":true,"protocol":"chat-completions","route":"upstream"}
14:10:03 [log] [sess-diag] engineFetch GET /experimental/session?roots=true&limit=2000 -> HTTP 200 elapsed=21ms responseBytes=29599 engineUrl= http://127.0.0.1:61867 engineId= (default)
14:10:03 [log] [sess-diag] loadEngineSessions: 原始条数 = 1
14:10:03 [log] [sess-diag] loadEngineSessions: reconcile 后 convos = 1 order = 1
14:10:03 [log] [sess-diag] loadEngineSessions: 耗时(ms) fetch = 28 repoRoots = 9 build+reconcile = 3 set = 5 total = 46
14:10:33 [info] [intervention] {"stage":"model.start","at":1790316633232,"requestId":"f6e7bee416ec5d94","origin":"b5094fe8d78e452f","runId":"002e823db10121db","sessionId":"b5094fe8d78e452f","userId":"2de0066204aa72e2","assistantId":"a28af87102941365","ephemeral":false,"hasScope":true,"route":"upstream"}
14:10:33 [info] [intervention] {"stage":"fetch.start","at":1790316633248,"requestId":"f6e7bee416ec5d94","origin":"b5094fe8d78e452f","runId":"002e823db10121db","sessionId":"b5094fe8d78e452f","userId":"2de0066204aa72e2","assistantId":"a28af87102941365","ephemeral":false,"hasScope":true,"protocol":"chat-completions","route":"upstream"}
14:10:33 [log] [sess-diag] engineFetch GET /experimental/session?roots=true&limit=2000 -> HTTP 200 elapsed=36ms responseBytes=29599 engineUrl= http://127.0.0.1:61867 engineId= (default)
14:10:33 [log] [sess-diag] loadEngineSessions: 原始条数 = 1
14:10:33 [log] [sess-diag] loadEngineSessions: reconcile 后 convos = 1 order = 1
14:10:33 [log] [sess-diag] loadEngineSessions: 耗时(ms) fetch = 55 repoRoots = 10 build+reconcile = 2 set = 2 total = 69
14:11:03 [log] [sess-diag] engineFetch GET /experimental/session?roots=true&limit=2000 -> HTTP 200 elapsed=37ms responseBytes=29599 engineUrl= http://127.0.0.1:61867 engineId= (default)
14:11:03 [log] [sess-diag] loadEngineSessions: 原始条数 = 1
14:11:03 [log] [sess-diag] loadEngineSessions: reconcile 后 convos = 1 order = 1
14:11:03 [log] [sess-diag] loadEngineSessions: 耗时(ms) fetch = 45 repoRoots = 11 build+reconcile = 3 set = 2 total = 60
14:11:33 [log] [sess-diag] engineFetch GET /experimental/session?roots=true&limit=2000 -> HTTP 200 elapsed=22ms responseBytes=29599 engineUrl= http://127.0.0.1:61867 engineId= (default)
14:11:33 [log] [sess-diag] loadEngineSessions: 原始条数 = 1
14:11:33 [log] [sess-diag] loadEngineSessions: reconcile 后 convos = 1 order = 1
14:11:33 [log] [sess-diag] loadEngineSessions: 耗时(ms) fetch = 27 repoRoots = 10 build+reconcile = 2 set = 5 total = 44
14:11:34 [info] [intervention] {"stage":"fetch.response","at":1790316694929,"requestId":"f6e7bee416ec5d94","origin":"b5094fe8d78e452f","runId":"002e823db10121db","sessionId":"b5094fe8d78e452f","userId":"2de0066204aa72e2","assistantId":"a28af87102941365","elapsedMs":61681,"status":200,"ephemeral":false,"hasScope":true,"protocol":"chat-completions","route":"upstream"}
14:12:00 [info] [intervention] {"stage":"model.start","at":1790316720776,"requestId":"f6e7bee416ec5d94","origin":"b5094fe8d78e452f","runId":"002e823db10121db","sessionId":"b5094fe8d78e452f","userId":"2de0066204aa72e2","assistantId":"b5ae6eeb3bc15f29","ephemeral":false,"hasScope":true,"route":"upstream"}
14:12:00 [info] [intervention] {"stage":"fetch.start","at":1790316720789,"requestId":"f6e7bee416ec5d94","origin":"b5094fe8d78e452f","runId":"002e823db10121db","sessionId":"b5094fe8d78e452f","userId":"2de0066204aa72e2","assistantId":"b5ae6eeb3bc15f29","ephemeral":false,"hasScope":true,"protocol":"chat-completions","route":"upstream"}
14:12:03 [log] [sess-diag] engineFetch GET /experimental/session?roots=true&limit=2000 -> HTTP 200 elapsed=35ms responseBytes=29599 engineUrl= http://127.0.0.1:61867 engineId= (default)
14:12:03 [log] [sess-diag] loadEngineSessions: 原始条数 = 1
14:12:03 [log] [sess-diag] loadEngineSessions: reconcile 后 convos = 1 order = 1
14:12:03 [log] [sess-diag] loadEngineSessions: 耗时(ms) fetch = 39 repoRoots = 12 build+reconcile = 2 set = 2 total = 54
14:12:18 [info] [intervention] {"stage":"fetch.error","at":1790316738191,"requestId":"f6e7bee416ec5d94","origin":"b5094fe8d78e452f","runId":"002e823db10121db","sessionId":"b5094fe8d78e452f","userId":"2de0066204aa72e2","assistantId":"b5ae6eeb3bc15f29","elapsedMs":17402,"ephemeral":false,"hasScope":true,"protocol":"chat-completions","route":"upstream","errorName":"Error"}
14:12:18 [info] [intervention] {"stage":"model.start","at":1790316738527,"requestId":"f6e7bee416ec5d94","origin":"b5094fe8d78e452f","runId":"002e823db10121db","sessionId":"b5094fe8d78e452f","userId":"2de0066204aa72e2","assistantId":"b5ae6eeb3bc15f29","ephemeral":false,"hasScope":true,"route":"upstream"}
14:12:18 [info] [intervention] {"stage":"fetch.start","at":1790316738541,"requestId":"f6e7bee416ec5d94","origin":"b5094fe8d78e452f","runId":"002e823db10121db","sessionId":"b5094fe8d78e452f","userId":"2de0066204aa72e2","assistantId":"b5ae6eeb3bc15f29","ephemeral":false,"hasScope":true,"protocol":"chat-completions","route":"upstream"}
14:12:33 [log] [sess-diag] engineFetch GET /experimental/session?roots=true&limit=2000 -> HTTP 200 elapsed=34ms responseBytes=29599 engineUrl= http://127.0.0.1:61867 engineId= (default)
14:12:33 [log] [sess-diag] loadEngineSessions: 原始条数 = 1
14:12:33 [log] [sess-diag] loadEngineSessions: reconcile 后 convos = 1 order = 1
14:12:33 [log] [sess-diag] loadEngineSessions: 耗时(ms) fetch = 38 repoRoots = 3 build+reconcile = 3 set = 2 total = 45
14:13:03 [log] [sess-diag] engineFetch GET /experimental/session?roots=true&limit=2000 -> HTTP 200 elapsed=32ms responseBytes=29599 engineUrl= http://127.0.0.1:61867 engineId= (default)
14:13:03 [log] [sess-diag] loadEngineSessions: 原始条数 = 1
14:13:03 [log] [sess-diag] loadEngineSessions: reconcile 后 convos = 1 order = 1
14:13:03 [log] [sess-diag] loadEngineSessions: 耗时(ms) fetch = 39 repoRoots = 9 build+reconcile = 2 set = 2 total = 52
14:13:33 [log] [sess-diag] engineFetch GET /experimental/session?roots=true&limit=2000 -> HTTP 200 elapsed=36ms responseBytes=29599 engineUrl= http://127.0.0.1:61867 engineId= (default)
14:13:33 [log] [sess-diag] loadEngineSessions: 原始条数 = 1
14:13:33 [log] [sess-diag] loadEngineSessions: reconcile 后 convos = 1 order = 1
14:13:33 [log] [sess-diag] loadEngineSessions: 耗时(ms) fetch = 43 repoRoots = 13 build+reconcile = 3 set = 2 total = 61
14:13:46 [info] [intervention] {"stage":"fetch.error","at":1790316826445,"requestId":"f6e7bee416ec5d94","origin":"b5094fe8d78e452f","runId":"002e823db10121db","sessionId":"b5094fe8d78e452f","userId":"2de0066204aa72e2","assistantId":"b5ae6eeb3bc15f29","elapsedMs":87904,"ephemeral":false,"hasScope":true,"protocol":"chat-completions","route":"upstream","errorName":"Error"}
14:13:48 [info] [intervention] {"stage":"model.start","at":1790316828388,"requestId":"f6e7bee416ec5d94","origin":"b5094fe8d78e452f","runId":"002e823db10121db","sessionId":"b5094fe8d78e452f","userId":"2de0066204aa72e2","assistantId":"b5ae6eeb3bc15f29","ephemeral":false,"hasScope":true,"route":"upstream"}
14:13:48 [info] [intervention] {"stage":"fetch.start","at":1790316828402,"requestId":"f6e7bee416ec5d94","origin":"b5094fe8d78e452f","runId":"002e823db10121db","sessionId":"b5094fe8d78e452f","userId":"2de0066204aa72e2","assistantId":"b5ae6eeb3bc15f29","ephemeral":false,"hasScope":true,"protocol":"chat-completions","route":"upstream"}
14:14:03 [log] [sess-diag] engineFetch GET /experimental/session?roots=true&limit=2000 -> HTTP 200 elapsed=32ms responseBytes=29599 engineUrl= http://127.0.0.1:61867 engineId= (default)
14:14:03 [log] [sess-diag] loadEngineSessions: 原始条数 = 1
14:14:03 [log] [sess-diag] loadEngineSessions: reconcile 后 convos = 1 order = 1
14:14:03 [log] [sess-diag] loadEngineSessions: 耗时(ms) fetch = 36 repoRoots = 2 build+reconcile = 3 set = 2 total = 43
14:14:13 [info] [intervention] {"stage":"fetch.response","at":1790316853860,"requestId":"f6e7bee416ec5d94","origin":"b5094fe8d78e452f","runId":"002e823db10121db","sessionId":"b5094fe8d78e452f","userId":"2de0066204aa72e2","assistantId":"b5ae6eeb3bc15f29","elapsedMs":25458,"status":200,"ephemeral":false,"hasScope":true,"protocol":"chat-completions","route":"upstream"}
14:14:33 [log] [sess-diag] engineFetch GET /experimental/session?roots=true&limit=2000 -> HTTP 200 elapsed=36ms responseBytes=29599 engineUrl= http://127.0.0.1:61867 engineId= (default)
14:14:33 [log] [sess-diag] loadEngineSessions: 原始条数 = 1
14:14:33 [log] [sess-diag] loadEngineSessions: reconcile 后 convos = 1 order = 1
14:14:33 [log] [sess-diag] loadEngineSessions: 耗时(ms) fetch = 156 repoRoots = 29 build+reconcile = 2 set = 2 total = 190
14:15:03 [log] [sess-diag] engineFetch GET /experimental/session?roots=true&limit=2000 -> HTTP 200 elapsed=38ms responseBytes=29599 engineUrl= http://127.0.0.1:61867 engineId= (default)
14:15:03 [log] [sess-diag] loadEngineSessions: 原始条数 = 1
14:15:03 [log] [sess-diag] loadEngineSessions: reconcile 后 convos = 1 order = 1
14:15:03 [log] [sess-diag] loadEngineSessions: 耗时(ms) fetch = 47 repoRoots = 13 build+reconcile = 5 set = 3 total = 67
14:15:33 [log] [sess-diag] engineFetch GET /experimental/session?roots=true&limit=2000 -> HTTP 200 elapsed=32ms responseBytes=29599 engineUrl= http://127.0.0.1:61867 engineId= (default)
14:15:33 [log] [sess-diag] loadEngineSessions: 原始条数 = 1
14:15:33 [log] [sess-diag] loadEngineSessions: reconcile 后 convos = 1 order = 1
14:15:33 [log] [sess-diag] loadEngineSessions: 耗时(ms) fetch = 36 repoRoots = 2 build+reconcile = 2 set = 3 total = 43
14:16:03 [log] [sess-diag] engineFetch GET /experimental/session?roots=true&limit=2000 -> HTTP 200 elapsed=21ms responseBytes=29599 engineUrl= http://127.0.0.1:61867 engineId= (default)
14:16:03 [log] [sess-diag] loadEngineSessions: 原始条数 = 1
14:16:03 [log] [sess-diag] loadEngineSessions: reconcile 后 convos = 1 order = 1
14:16:03 [log] [sess-diag] loadEngineSessions: 耗时(ms) fetch = 27 repoRoots = 10 build+reconcile = 2 set = 3 total = 42
14:16:33 [log] [sess-diag] engineFetch GET /experimental/session?roots=true&limit=2000 -> HTTP 200 elapsed=20ms responseBytes=29599 engineUrl= http://127.0.0.1:61867 engineId= (default)
14:16:33 [log] [sess-diag] loadEngineSessions: 原始条数 = 1
14:16:33 [log] [sess-diag] loadEngineSessions: reconcile 后 convos = 1 order = 1
14:16:33 [log] [sess-diag] loadEngineSessions: 耗时(ms) fetch = 26 repoRoots = 10 build+reconcile = 3 set = 3 total = 42
14:17:03 [log] [sess-diag] engineFetch GET /experimental/session?roots=true&limit=2000 -> HTTP 200 elapsed=20ms responseBytes=29599 engineUrl= http://127.0.0.1:61867 engineId= (default)
14:17:03 [log] [sess-diag] loadEngineSessions: 原始条数 = 1
14:17:03 [log] [sess-diag] loadEngineSessions: reconcile 后 convos = 1 order = 1
14:17:03 [log] [sess-diag] loadEngineSessions: 耗时(ms) fetch = 28 repoRoots = 10 build+reconcile = 4 set = 2 total = 45
14:17:32 [info] [intervention] {"stage":"model.start","at":1790317052367,"requestId":"f6e7bee416ec5d94","origin":"b5094fe8d78e452f","runId":"002e823db10121db","sessionId":"b5094fe8d78e452f","userId":"2de0066204aa72e2","assistantId":"9aef34ecece46324","ephemeral":false,"hasScope":true,"route":"upstream"}
14:17:32 [info] [intervention] {"stage":"fetch.start","at":1790317052380,"requestId":"f6e7bee416ec5d94","origin":"b5094fe8d78e452f","runId":"002e823db10121db","sessionId":"b5094fe8d78e452f","userId":"2de0066204aa72e2","assistantId":"9aef34ecece46324","ephemeral":false,"hasScope":true,"protocol":"chat-completions","route":"upstream"}
14:17:33 [log] [sess-diag] engineFetch GET /experimental/session?roots=true&limit=2000 -> HTTP 200 elapsed=53ms responseBytes=29599 engineUrl= http://127.0.0.1:61867 engineId= (default)
14:17:33 [log] [sess-diag] loadEngineSessions: 原始条数 = 1
14:17:33 [log] [sess-diag] loadEngineSessions: reconcile 后 convos = 1 order = 1
14:17:33 [log] [sess-diag] loadEngineSessions: 耗时(ms) fetch = 61 repoRoots = 12 build+reconcile = 3 set = 3 total = 78
14:17:35 [info] [intervention] {"stage":"fetch.response","at":1790317055458,"requestId":"f6e7bee416ec5d94","origin":"b5094fe8d78e452f","runId":"002e823db10121db","sessionId":"b5094fe8d78e452f","userId":"2de0066204aa72e2","assistantId":"9aef34ecece46324","elapsedMs":3078,"status":200,"ephemeral":false,"hasScope":true,"protocol":"chat-completions","route":"upstream"}
14:17:39 [info] [intervention] {"stage":"output","at":1790317059195,"runId":"002e823db10121db","sessionId":"b5094fe8d78e452f","assistantId":"9aef34ecece46324","textChars":6,"reviewSkipped":false}
14:18:03 [log] [sess-diag] engineFetch GET /experimental/session?roots=true&limit=2000 -> HTTP 200 elapsed=20ms responseBytes=29599 engineUrl= http://127.0.0.1:61867 engineId= (default)
14:18:03 [log] [sess-diag] loadEngineSessions: 原始条数 = 1
14:18:03 [log] [sess-diag] loadEngineSessions: reconcile 后 convos = 1 order = 1
14:18:03 [log] [sess-diag] loadEngineSessions: 耗时(ms) fetch = 28 repoRoots = 10 build+reconcile = 3 set = 4 total = 45
14:18:30 [info] [intervention] {"stage":"model.start","at":1790317110900,"requestId":"f6e7bee416ec5d94","origin":"b5094fe8d78e452f","runId":"002e823db10121db","sessionId":"b5094fe8d78e452f","userId":"2de0066204aa72e2","assistantId":"8eb51775efbbb827","ephemeral":false,"hasScope":true,"route":"upstream"}
14:18:30 [info] [intervention] {"stage":"fetch.start","at":1790317110914,"requestId":"f6e7bee416ec5d94","origin":"b5094fe8d78e452f","runId":"002e823db10121db","sessionId":"b5094fe8d78e452f","userId":"2de0066204aa72e2","assistantId":"8eb51775efbbb827","ephemeral":false,"hasScope":true,"protocol":"chat-completions","route":"upstream"}
14:18:31 [info] [experiment] key=feature_gates id=101197 type=string value={\n    "domestic": { "show_mcp_entry": false, "show_custom_model_button": true, "loop_streak_recovery": true, "show_evolve_entry": true,"show_computeruse": false, "show_browseruse": false, "show_pay": … elapsed=2ms
14:18:31 [info] [feature-gates] refresh: ok (elapsed=22ms)
14:18:32 [info] [config] loading from: https://cdn-exp-sg-recommend.pt.xiaomi.com/service/getClientBitMapExpConf/mimoDesktop(%E6%96%B0%E5%8A%A0%E5%9D%A1)
14:18:33 [info] [config] loaded tree for mimoDesktop(新加坡): children=2, upRuleIds=0
14:18:33 [info] [config] remote config loaded: 1 apps
14:18:33 [info] [config] loaded successfully: 1 apps
14:18:33 [log] [sess-diag] engineFetch GET /experimental/session?roots=true&limit=2000 -> HTTP 200 elapsed=37ms responseBytes=29599 engineUrl= http://127.0.0.1:61867 engineId= (default)
14:18:33 [log] [sess-diag] loadEngineSessions: 原始条数 = 1
14:18:33 [log] [sess-diag] loadEngineSessions: reconcile 后 convos = 1 order = 1
14:18:33 [log] [sess-diag] loadEngineSessions: 耗时(ms) fetch = 58 repoRoots = 10 build+reconcile = 2 set = 2 total = 72
14:18:44 [info] [intervention] {"stage":"fetch.response","at":1790317124701,"requestId":"f6e7bee416ec5d94","origin":"b5094fe8d78e452f","runId":"002e823db10121db","sessionId":"b5094fe8d78e452f","userId":"2de0066204aa72e2","assistantId":"8eb51775efbbb827","elapsedMs":13787,"status":200,"ephemeral":false,"hasScope":true,"protocol":"chat-completions","route":"upstream"}
14:19:03 [log] [sess-diag] engineFetch GET /experimental/session?roots=true&limit=2000 -> HTTP 200 elapsed=34ms responseBytes=29599 engineUrl= http://127.0.0.1:61867 engineId= (default)
14:19:03 [log] [sess-diag] loadEngineSessions: 原始条数 = 1
14:19:03 [log] [sess-diag] loadEngineSessions: reconcile 后 convos = 1 order = 1
14:19:03 [log] [sess-diag] loadEngineSessions: 耗时(ms) fetch = 41 repoRoots = 11 build+reconcile = 6 set = 2 total = 61
14:19:33 [log] [sess-diag] engineFetch GET /experimental/session?roots=true&limit=2000 -> HTTP 200 elapsed=39ms responseBytes=29599 engineUrl= http://127.0.0.1:61867 engineId= (default)
14:19:33 [log] [sess-diag] loadEngineSessions: 原始条数 = 1
14:19:33 [log] [sess-diag] loadEngineSessions: reconcile 后 convos = 1 order = 1
14:19:33 [log] [sess-diag] loadEngineSessions: 耗时(ms) fetch = 48 repoRoots = 13 build+reconcile = 4 set = 3 total = 68
14:19:55 [info] [intervention] {"stage":"model.start","at":1790317195351,"requestId":"f6e7bee416ec5d94","origin":"b5094fe8d78e452f","runId":"002e823db10121db","sessionId":"b5094fe8d78e452f","userId":"2de0066204aa72e2","assistantId":"5e4cfb0f941ecb59","ephemeral":false,"hasScope":true,"route":"upstream"}
14:19:55 [info] [intervention] {"stage":"fetch.start","at":1790317195387,"requestId":"f6e7bee416ec5d94","origin":"b5094fe8d78e452f","runId":"002e823db10121db","sessionId":"b5094fe8d78e452f","userId":"2de0066204aa72e2","assistantId":"5e4cfb0f941ecb59","ephemeral":false,"hasScope":true,"protocol":"chat-completions","route":"upstream"}
14:19:59 [info] [intervention] {"stage":"fetch.response","at":1790317199403,"requestId":"f6e7bee416ec5d94","origin":"b5094fe8d78e452f","runId":"002e823db10121db","sessionId":"b5094fe8d78e452f","userId":"2de0066204aa72e2","assistantId":"5e4cfb0f941ecb59","elapsedMs":4016,"status":200,"ephemeral":false,"hasScope":true,"protocol":"chat-completions","route":"upstream"}
14:20:03 [log] [sess-diag] engineFetch GET /experimental/session?roots=true&limit=2000 -> HTTP 200 elapsed=72ms responseBytes=29599 engineUrl= http://127.0.0.1:61867 engineId= (default)
14:20:04 [log] [sess-diag] loadEngineSessions: 原始条数 = 1
14:20:04 [log] [sess-diag] loadEngineSessions: reconcile 后 convos = 1 order = 1
14:20:04 [log] [sess-diag] loadEngineSessions: 耗时(ms) fetch = 302 repoRoots = 33 build+reconcile = 7 set = 5 total = 348
14:20:33 [log] [sess-diag] engineFetch GET /experimental/session?roots=true&limit=2000 -> HTTP 200 elapsed=46ms responseBytes=29599 engineUrl= http://127.0.0.1:61867 engineId= (default)
14:20:33 [log] [sess-diag] loadEngineSessions: 原始条数 = 1
14:20:33 [log] [sess-diag] loadEngineSessions: reconcile 后 convos = 1 order = 1
14:20:33 [log] [sess-diag] loadEngineSessions: 耗时(ms) fetch = 115 repoRoots = 33 build+reconcile = 7 set = 5 total = 159
14:21:03 [log] [sess-diag] engineFetch GET /experimental/session?roots=true&limit=2000 -> HTTP 200 elapsed=53ms responseBytes=29599 engineUrl= http://127.0.0.1:61867 engineId= (default)
14:21:03 [log] [sess-diag] loadEngineSessions: 原始条数 = 1
14:21:03 [log] [sess-diag] loadEngineSessions: reconcile 后 convos = 1 order = 1
14:21:03 [log] [sess-diag] loadEngineSessions: 耗时(ms) fetch = 85 repoRoots = 21 build+reconcile = 5 set = 7 total = 118
14:21:07 [info] [intervention] {"stage":"model.start","at":1790317267608,"requestId":"f6e7bee416ec5d94","origin":"b5094fe8d78e452f","runId":"002e823db10121db","sessionId":"b5094fe8d78e452f","userId":"2de0066204aa72e2","assistantId":"f69710b4085dba6e","ephemeral":false,"hasScope":true,"route":"upstream"}
14:21:07 [info] [intervention] {"stage":"fetch.start","at":1790317267645,"requestId":"f6e7bee416ec5d94","origin":"b5094fe8d78e452f","runId":"002e823db10121db","sessionId":"b5094fe8d78e452f","userId":"2de0066204aa72e2","assistantId":"f69710b4085dba6e","ephemeral":false,"hasScope":true,"protocol":"chat-completions","route":"upstream"}
14:21:19 [info] [intervention] {"stage":"fetch.response","at":1790317279475,"requestId":"f6e7bee416ec5d94","origin":"b5094fe8d78e452f","runId":"002e823db10121db","sessionId":"b5094fe8d78e452f","userId":"2de0066204aa72e2","assistantId":"f69710b4085dba6e","elapsedMs":11830,"status":200,"ephemeral":false,"hasScope":true,"protocol":"chat-completions","route":"upstream"}
14:21:33 [log] [sess-diag] engineFetch GET /experimental/session?roots=true&limit=2000 -> HTTP 200 elapsed=37ms responseBytes=29599 engineUrl= http://127.0.0.1:61867 engineId= (default)
14:21:33 [log] [sess-diag] loadEngineSessions: 原始条数 = 1
14:21:33 [log] [sess-diag] loadEngineSessions: reconcile 后 convos = 1 order = 1
14:21:33 [log] [sess-diag] loadEngineSessions: 耗时(ms) fetch = 99 repoRoots = 26 build+reconcile = 6 set = 5 total = 136
14:22:03 [log] [sess-diag] engineFetch GET /experimental/session?roots=true&limit=2000 -> HTTP 200 elapsed=46ms responseBytes=29599 engineUrl= http://127.0.0.1:61867 engineId= (default)
14:22:03 [log] [sess-diag] loadEngineSessions: 原始条数 = 1
14:22:03 [log] [sess-diag] loadEngineSessions: reconcile 后 convos = 1 order = 1
14:22:03 [log] [sess-diag] loadEngineSessions: 耗时(ms) fetch = 53 repoRoots = 21 build+reconcile = 5 set = 3 total = 82
14:22:33 [log] [sess-diag] engineFetch GET /experimental/session?roots=true&limit=2000 -> HTTP 200 elapsed=42ms responseBytes=29599 engineUrl= http://127.0.0.1:61867 engineId= (default)
14:22:33 [log] [sess-diag] loadEngineSessions: 原始条数 = 1
14:22:33 [log] [sess-diag] loadEngineSessions: reconcile 后 convos = 1 order = 1
14:22:33 [log] [sess-diag] loadEngineSessions: 耗时(ms) fetch = 50 repoRoots = 18 build+reconcile = 3 set = 3 total = 75
14:22:58 [info] [intervention] {"stage":"model.start","at":1790317378975,"requestId":"f6e7bee416ec5d94","origin":"b5094fe8d78e452f","runId":"002e823db10121db","sessionId":"b5094fe8d78e452f","userId":"2de0066204aa72e2","assistantId":"5e203c2bb233996a","ephemeral":false,"hasScope":true,"route":"upstream"}
14:22:58 [info] [intervention] {"stage":"fetch.start","at":1790317378997,"requestId":"f6e7bee416ec5d94","origin":"b5094fe8d78e452f","runId":"002e823db10121db","sessionId":"b5094fe8d78e452f","userId":"2de0066204aa72e2","assistantId":"5e203c2bb233996a","ephemeral":false,"hasScope":true,"protocol":"chat-completions","route":"upstream"}
14:23:03 [info] [intervention] {"stage":"fetch.response","at":1790317383091,"requestId":"f6e7bee416ec5d94","origin":"b5094fe8d78e452f","runId":"002e823db10121db","sessionId":"b5094fe8d78e452f","userId":"2de0066204aa72e2","assistantId":"5e203c2bb233996a","elapsedMs":4094,"status":200,"ephemeral":false,"hasScope":true,"protocol":"chat-completions","route":"upstream"}
14:23:03 [log] [sess-diag] engineFetch GET /experimental/session?roots=true&limit=2000 -> HTTP 200 elapsed=38ms responseBytes=29599 engineUrl= http://127.0.0.1:61867 engineId= (default)
14:23:03 [log] [sess-diag] loadEngineSessions: 原始条数 = 1
14:23:03 [log] [sess-diag] loadEngineSessions: reconcile 后 convos = 1 order = 1
14:23:03 [log] [sess-diag] loadEngineSessions: 耗时(ms) fetch = 71 repoRoots = 15 build+reconcile = 2 set = 4 total = 92
14:23:33 [log] [sess-diag] engineFetch GET /experimental/session?roots=true&limit=2000 -> HTTP 200 elapsed=49ms responseBytes=29599 engineUrl= http://127.0.0.1:61867 engineId= (default)
14:23:33 [log] [sess-diag] loadEngineSessions: 原始条数 = 1
14:23:33 [log] [sess-diag] loadEngineSessions: reconcile 后 convos = 1 order = 1
14:23:33 [log] [sess-diag] loadEngineSessions: 耗时(ms) fetch = 91 repoRoots = 16 build+reconcile = 3 set = 4 total = 113
14:23:44 [info] [intervention] {"stage":"model.start","at":1790317424815,"requestId":"f6e7bee416ec5d94","origin":"b5094fe8d78e452f","runId":"002e823db10121db","sessionId":"b5094fe8d78e452f","userId":"2de0066204aa72e2","assistantId":"344e331225dd42a6","ephemeral":false,"hasScope":true,"route":"upstream"}
14:23:44 [info] [intervention] {"stage":"fetch.start","at":1790317424835,"requestId":"f6e7bee416ec5d94","origin":"b5094fe8d78e452f","runId":"002e823db10121db","sessionId":"b5094fe8d78e452f","userId":"2de0066204aa72e2","assistantId":"344e331225dd42a6","ephemeral":false,"hasScope":true,"protocol":"chat-completions","route":"upstream"}
14:23:49 [info] [intervention] {"stage":"fetch.response","at":1790317429455,"requestId":"f6e7bee416ec5d94","origin":"b5094fe8d78e452f","runId":"002e823db10121db","sessionId":"b5094fe8d78e452f","userId":"2de0066204aa72e2","assistantId":"344e331225dd42a6","elapsedMs":4620,"status":200,"ephemeral":false,"hasScope":true,"protocol":"chat-completions","route":"upstream"}
14:23:50 [info] [intervention] {"stage":"output","at":1790317430481,"runId":"002e823db10121db","sessionId":"b5094fe8d78e452f","assistantId":"344e331225dd42a6","textChars":11,"reviewSkipped":false}
14:24:03 [log] [sess-diag] engineFetch GET /experimental/session?roots=true&limit=2000 -> HTTP 200 elapsed=35ms responseBytes=29599 engineUrl= http://127.0.0.1:61867 engineId= (default)
14:24:03 [log] [sess-diag] loadEngineSessions: 原始条数 = 1
14:24:03 [log] [sess-diag] loadEngineSessions: reconcile 后 convos = 1 order = 1
14:24:03 [log] [sess-diag] loadEngineSessions: 耗时(ms) fetch = 43 repoRoots = 11 build+reconcile = 3 set = 3 total = 60
14:24:33 [log] [sess-diag] engineFetch GET /experimental/session?roots=true&limit=2000 -> HTTP 200 elapsed=23ms responseBytes=29599 engineUrl= http://127.0.0.1:61867 engineId= (default)
14:24:33 [log] [sess-diag] loadEngineSessions: 原始条数 = 1
14:24:33 [log] [sess-diag] loadEngineSessions: reconcile 后 convos = 1 order = 1
14:24:33 [log] [sess-diag] loadEngineSessions: 耗时(ms) fetch = 41 repoRoots = 12 build+reconcile = 3 set = 3 total = 59
14:25:03 [log] [sess-diag] engineFetch GET /experimental/session?roots=true&limit=2000 -> HTTP 200 elapsed=23ms responseBytes=29599 engineUrl= http://127.0.0.1:61867 engineId= (default)
14:25:03 [log] [sess-diag] loadEngineSessions: 原始条数 = 1
14:25:03 [log] [sess-diag] loadEngineSessions: reconcile 后 convos = 1 order = 1
14:25:03 [log] [sess-diag] loadEngineSessions: 耗时(ms) fetch = 38 repoRoots = 12 build+reconcile = 2 set = 2 total = 55
14:25:11 [log] [sess-diag] engineFetch GET /experimental/session?roots=true&limit=2000 -> HTTP 200 elapsed=263ms responseBytes=29599 engineUrl= http://127.0.0.1:61867 engineId= (default)
14:25:11 [log] [sess-diag] loadEngineSessions: 原始条数 = 1
14:25:11 [log] [sess-diag] loadEngineSessions: reconcile 后 convos = 1 order = 1
14:25:11 [log] [sess-diag] loadEngineSessions: 耗时(ms) fetch = 587 repoRoots = 135 build+reconcile = 2 set = 2 total = 726
14:25:33 [log] [sess-diag] engineFetch GET /experimental/session?roots=true&limit=2000 -> HTTP 200 elapsed=164ms responseBytes=29599 engineUrl= http://127.0.0.1:61867 engineId= (default)
14:25:33 [log] [sess-diag] loadEngineSessions: 原始条数 = 1
14:25:33 [log] [sess-diag] loadEngineSessions: reconcile 后 convos = 1 order = 1
14:25:33 [log] [sess-diag] loadEngineSessions: 耗时(ms) fetch = 375 repoRoots = 138 build+reconcile = 3 set = 15 total = 531
14:25:42 [info] [intervention] {"stage":"model.start","at":1790317542095,"requestId":"f6e7bee416ec5d94","origin":"b5094fe8d78e452f","runId":"002e823db10121db","sessionId":"b5094fe8d78e452f","userId":"2de0066204aa72e2","assistantId":"b9b009fbb9aa49cc","ephemeral":false,"hasScope":true,"route":"upstream"}
14:25:42 [info] [intervention] {"stage":"fetch.start","at":1790317542110,"requestId":"f6e7bee416ec5d94","origin":"b5094fe8d78e452f","runId":"002e823db10121db","sessionId":"b5094fe8d78e452f","userId":"2de0066204aa72e2","assistantId":"b9b009fbb9aa49cc","ephemeral":false,"hasScope":true,"protocol":"chat-completions","route":"upstream"}
14:25:45 [info] [intervention] {"stage":"fetch.response","at":1790317545613,"requestId":"f6e7bee416ec5d94","origin":"b5094fe8d78e452f","runId":"002e823db10121db","sessionId":"b5094fe8d78e452f","userId":"2de0066204aa72e2","assistantId":"b9b009fbb9aa49cc","elapsedMs":3503,"status":200,"ephemeral":false,"hasScope":true,"protocol":"chat-completions","route":"upstream"}
14:26:03 [log] [sess-diag] engineFetch GET /experimental/session?roots=true&limit=2000 -> HTTP 200 elapsed=22ms responseBytes=29599 engineUrl= http://127.0.0.1:61867 engineId= (default)
14:26:03 [log] [sess-diag] loadEngineSessions: 原始条数 = 1
14:26:03 [log] [sess-diag] loadEngineSessions: reconcile 后 convos = 1 order = 1
14:26:03 [log] [sess-diag] loadEngineSessions: 耗时(ms) fetch = 41 repoRoots = 13 build+reconcile = 3 set = 3 total = 60
14:26:33 [log] [sess-diag] engineFetch GET /experimental/session?roots=true&limit=2000 -> HTTP 200 elapsed=34ms responseBytes=29599 engineUrl= http://127.0.0.1:61867 engineId= (default)
14:26:33 [log] [sess-diag] loadEngineSessions: 原始条数 = 1
14:26:33 [log] [sess-diag] loadEngineSessions: reconcile 后 convos = 1 order = 1
14:26:33 [log] [sess-diag] loadEngineSessions: 耗时(ms) fetch = 38 repoRoots = 13 build+reconcile = 2 set = 4 total = 58
14:27:03 [log] [sess-diag] engineFetch GET /experimental/session?roots=true&limit=2000 -> HTTP 200 elapsed=20ms responseBytes=29599 engineUrl= http://127.0.0.1:61867 engineId= (default)
14:27:03 [log] [sess-diag] loadEngineSessions: 原始条数 = 1
14:27:03 [log] [sess-diag] loadEngineSessions: reconcile 后 convos = 1 order = 1
14:27:03 [log] [sess-diag] loadEngineSessions: 耗时(ms) fetch = 38 repoRoots = 15 build+reconcile = 2 set = 5 total = 59
14:27:12 [info] [intervention] {"stage":"model.start","at":1790317632300,"requestId":"f6e7bee416ec5d94","origin":"b5094fe8d78e452f","runId":"002e823db10121db","sessionId":"b5094fe8d78e452f","userId":"2de0066204aa72e2","assistantId":"73d86206a32fb009","ephemeral":false,"hasScope":true,"route":"upstream"}
14:27:12 [info] [intervention] {"stage":"fetch.start","at":1790317632316,"requestId":"f6e7bee416ec5d94","origin":"b5094fe8d78e452f","runId":"002e823db10121db","sessionId":"b5094fe8d78e452f","userId":"2de0066204aa72e2","assistantId":"73d86206a32fb009","ephemeral":false,"hasScope":true,"protocol":"chat-completions","route":"upstream"}
14:27:18 [info] [intervention] {"stage":"fetch.response","at":1790317638987,"requestId":"f6e7bee416ec5d94","origin":"b5094fe8d78e452f","runId":"002e823db10121db","sessionId":"b5094fe8d78e452f","userId":"2de0066204aa72e2","assistantId":"73d86206a32fb009","elapsedMs":6671,"status":200,"ephemeral":false,"hasScope":true,"protocol":"chat-completions","route":"upstream"}
14:27:33 [log] [sess-diag] engineFetch GET /experimental/session?roots=true&limit=2000 -> HTTP 200 elapsed=26ms responseBytes=29599 engineUrl= http://127.0.0.1:61867 engineId= (default)
14:27:33 [log] [sess-diag] loadEngineSessions: 原始条数 = 1
14:27:33 [log] [sess-diag] loadEngineSessions: reconcile 后 convos = 1 order = 1
14:27:33 [log] [sess-diag] loadEngineSessions: 耗时(ms) fetch = 38 repoRoots = 2 build+reconcile = 2 set = 3 total = 45
14:28:03 [log] [sess-diag] engineFetch GET /experimental/session?roots=true&limit=2000 -> HTTP 200 elapsed=19ms responseBytes=29599 engineUrl= http://127.0.0.1:61867 engineId= (default)
14:28:03 [log] [sess-diag] loadEngineSessions: 原始条数 = 1
14:28:03 [log] [sess-diag] loadEngineSessions: reconcile 后 convos = 1 order = 1
14:28:03 [log] [sess-diag] loadEngineSessions: 耗时(ms) fetch = 22 repoRoots = 2 build+reconcile = 2 set = 2 total = 29
14:28:31 [info] [experiment] key=feature_gates id=101197 type=string value={\n    "domestic": { "show_mcp_entry": false, "show_custom_model_button": true, "loop_streak_recovery": true, "show_evolve_entry": true,"show_computeruse": false, "show_browseruse": false, "show_pay": … elapsed=0ms
14:28:31 [info] [feature-gates] refresh: ok (elapsed=54ms)
14:28:32 [info] [config] loading from: https://cdn-exp-sg-recommend.pt.xiaomi.com/service/getClientBitMapExpConf/mimoDesktop(%E6%96%B0%E5%8A%A0%E5%9D%A1)
14:28:32 [info] [config] loaded tree for mimoDesktop(新加坡): children=2, upRuleIds=0
14:28:32 [info] [config] remote config loaded: 1 apps
14:28:32 [info] [config] loaded successfully: 1 apps
14:28:33 [log] [sess-diag] engineFetch GET /experimental/session?roots=true&limit=2000 -> HTTP 200 elapsed=38ms responseBytes=29599 engineUrl= http://127.0.0.1:61867 engineId= (default)
14:28:33 [log] [sess-diag] loadEngineSessions: 原始条数 = 1
14:28:33 [log] [sess-diag] loadEngineSessions: reconcile 后 convos = 1 order = 1
14:28:33 [log] [sess-diag] loadEngineSessions: 耗时(ms) fetch = 45 repoRoots = 13 build+reconcile = 2 set = 2 total = 62
14:29:48 [log] [sess-diag] engineFetch GET /experimental/session?roots=true&limit=2000 -> HTTP 200 elapsed=342ms responseBytes=29599 engineUrl= http://127.0.0.1:61867 engineId= (default)
14:29:48 [log] [sess-diag] loadEngineSessions: 原始条数 = 1
14:29:48 [log] [sess-diag] loadEngineSessions: reconcile 后 convos = 1 order = 1
14:29:48 [log] [sess-diag] loadEngineSessions: 耗时(ms) fetch = 688 repoRoots = 13 build+reconcile = 4 set = 5 total = 708
14:30:03 [log] [sess-diag] engineFetch GET /experimental/session?roots=true&limit=2000 -> HTTP 200 elapsed=22ms responseBytes=29599 engineUrl= http://127.0.0.1:61867 engineId= (default)
14:30:03 [log] [sess-diag] loadEngineSessions: 原始条数 = 1
14:30:03 [log] [sess-diag] loadEngineSessions: reconcile 后 convos = 1 order = 1
14:30:03 [log] [sess-diag] loadEngineSessions: 耗时(ms) fetch = 41 repoRoots = 12 build+reconcile = 4 set = 3 total = 60
14:30:33 [log] [sess-diag] engineFetch GET /experimental/session?roots=true&limit=2000 -> HTTP 200 elapsed=43ms responseBytes=29599 engineUrl= http://127.0.0.1:61867 engineId= (default)
14:30:33 [log] [sess-diag] loadEngineSessions: 原始条数 = 1
14:30:33 [log] [sess-diag] loadEngineSessions: reconcile 后 convos = 1 order = 1
14:30:33 [log] [sess-diag] loadEngineSessions: 耗时(ms) fetch = 161 repoRoots = 32 build+reconcile = 5 set = 3 total = 201
14:31:03 [log] [sess-diag] engineFetch GET /experimental/session?roots=true&limit=2000 -> HTTP 200 elapsed=23ms responseBytes=29599 engineUrl= http://127.0.0.1:61867 engineId= (default)
14:31:03 [log] [sess-diag] loadEngineSessions: 原始条数 = 1
14:31:03 [log] [sess-diag] loadEngineSessions: reconcile 后 convos = 1 order = 1
14:31:03 [log] [sess-diag] loadEngineSessions: 耗时(ms) fetch = 40 repoRoots = 13 build+reconcile = 3 set = 4 total = 59
14:31:21 [log] [sess-diag] [white-screen-up] {"id":"ses_ffe5f298357dfffeN82Wln2VmT","upDelta":3327.3330078125,"prevTop":7952.66650390625,"top":4625.33349609375,"clientHeight":883,"prevScrollHeight":8835,"scrollHeight":8835,"following":true,"lastPinSource":"floor","stack":"Error: white-screen-up-scroll\n    at Fn (app://-/renderer/assets/ThreadView-D9cl-a57.js:1:5217)\n    at HTMLDivElement.A (app://-/renderer/assets/ThreadView-D9cl-a57.js:1:24046)"}
14:31:21 [log] [sess-diag] [white-screen-up] {"id":"ses_ffe5f298357dfffeN82Wln2VmT","upDelta":1476.000244140625,"prevTop":4625.33349609375,"top":3149.333251953125,"clientHeight":883,"prevScrollHeight":8835,"scrollHeight":8835,"following":false,"lastPinSource":"floor","stack":"Error: white-screen-up-scroll\n    at Fn (app://-/renderer/assets/ThreadView-D9cl-a57.js:1:5217)\n    at HTMLDivElement.A (app://-/renderer/assets/ThreadView-D9cl-a57.js:1:24046)"}
14:31:22 [log] [sess-diag] [white-screen-up] {"id":"ses_ffe5f298357dfffeN82Wln2VmT","upDelta":1492.6666259765625,"prevTop":3149.333251953125,"top":1656.6666259765625,"clientHeight":883,"prevScrollHeight":8835,"scrollHeight":8835,"following":false,"lastPinSource":"floor","stack":"Error: white-screen-up-scroll\n    at Fn (app://-/renderer/assets/ThreadView-D9cl-a57.js:1:5217)\n    at HTMLDivElement.A (app://-/renderer/assets/ThreadView-D9cl-a57.js:1:24046)"}
14:31:22 [log] [sess-diag] [white-screen-up] {"id":"ses_ffe5f298357dfffeN82Wln2VmT","upDelta":981.9999389648438,"prevTop":1656.6666259765625,"top":674.6666870117188,"clientHeight":883,"prevScrollHeight":8835,"scrollHeight":8835,"following":false,"lastPinSource":"floor","stack":"Error: white-screen-up-scroll\n    at Fn (app://-/renderer/assets/ThreadView-D9cl-a57.js:1:5217)\n    at HTMLDivElement.A (app://-/renderer/assets/ThreadView-D9cl-a57.js:1:24046)"}
14:31:33 [log] [sess-diag] engineFetch GET /experimental/session?roots=true&limit=2000 -> HTTP 200 elapsed=29ms responseBytes=29599 engineUrl= http://127.0.0.1:61867 engineId= (default)
14:31:33 [log] [sess-diag] loadEngineSessions: 原始条数 = 1
14:31:33 [log] [sess-diag] loadEngineSessions: reconcile 后 convos = 1 order = 1
14:31:33 [log] [sess-diag] loadEngineSessions: 耗时(ms) fetch = 82 repoRoots = 25 build+reconcile = 3 set = 2 total = 111
14:32:01 [info] [intervention] {"stage":"model.start","at":1790317921019,"requestId":"f6e7bee416ec5d94","origin":"b5094fe8d78e452f","runId":"002e823db10121db","sessionId":"b5094fe8d78e452f","userId":"2de0066204aa72e2","assistantId":"d3ec15af548e6b35","ephemeral":false,"hasScope":true,"route":"upstream"}
14:32:01 [info] [intervention] {"stage":"fetch.start","at":1790317921035,"requestId":"f6e7bee416ec5d94","origin":"b5094fe8d78e452f","runId":"002e823db10121db","sessionId":"b5094fe8d78e452f","userId":"2de0066204aa72e2","assistantId":"d3ec15af548e6b35","ephemeral":false,"hasScope":true,"protocol":"chat-completions","route":"upstream"}
14:32:03 [log] [sess-diag] engineFetch GET /experimental/session?roots=true&limit=2000 -> HTTP 200 elapsed=34ms responseBytes=29599 engineUrl= http://127.0.0.1:61867 engineId= (default)
14:32:03 [log] [sess-diag] loadEngineSessions: 原始条数 = 1
14:32:03 [log] [sess-diag] loadEngineSessions: reconcile 后 convos = 1 order = 1
14:32:03 [log] [sess-diag] loadEngineSessions: 耗时(ms) fetch = 39 repoRoots = 11 build+reconcile = 2 set = 4 total = 57
14:32:04 [info] [intervention] {"stage":"fetch.response","at":1790317924836,"requestId":"f6e7bee416ec5d94","origin":"b5094fe8d78e452f","runId":"002e823db10121db","sessionId":"b5094fe8d78e452f","userId":"2de0066204aa72e2","assistantId":"d3ec15af548e6b35","elapsedMs":3801,"status":200,"ephemeral":false,"hasScope":true,"protocol":"chat-completions","route":"upstream"}
14:32:33 [log] [sess-diag] engineFetch GET /experimental/session?roots=true&limit=2000 -> HTTP 200 elapsed=64ms responseBytes=29599 engineUrl= http://127.0.0.1:61867 engineId= (default)
14:32:33 [log] [sess-diag] loadEngineSessions: 原始条数 = 1
14:32:33 [log] [sess-diag] loadEngineSessions: reconcile 后 convos = 1 order = 1
14:32:33 [log] [sess-diag] loadEngineSessions: 耗时(ms) fetch = 156 repoRoots = 24 build+reconcile = 3 set = 4 total = 188
14:32:39 [info] [intervention] {"stage":"model.start","at":1790317959093,"requestId":"f6e7bee416ec5d94","origin":"b5094fe8d78e452f","runId":"002e823db10121db","sessionId":"b5094fe8d78e452f","userId":"2de0066204aa72e2","assistantId":"12034431724be78f","ephemeral":false,"hasScope":true,"route":"upstream"}
14:32:39 [info] [intervention] {"stage":"fetch.start","at":1790317959108,"requestId":"f6e7bee416ec5d94","origin":"b5094fe8d78e452f","runId":"002e823db10121db","sessionId":"b5094fe8d78e452f","userId":"2de0066204aa72e2","assistantId":"12034431724be78f","ephemeral":false,"hasScope":true,"protocol":"chat-completions","route":"upstream"}
14:32:43 [info] [intervention] {"stage":"fetch.response","at":1790317963713,"requestId":"f6e7bee416ec5d94","origin":"b5094fe8d78e452f","runId":"002e823db10121db","sessionId":"b5094fe8d78e452f","userId":"2de0066204aa72e2","assistantId":"12034431724be78f","elapsedMs":4605,"status":200,"ephemeral":false,"hasScope":true,"protocol":"chat-completions","route":"upstream"}
14:32:45 [info] [intervention] {"stage":"output","at":1790317965765,"runId":"002e823db10121db","sessionId":"b5094fe8d78e452f","assistantId":"12034431724be78f","textChars":3,"reviewSkipped":false}
14:33:03 [log] [sess-diag] engineFetch GET /experimental/session?roots=true&limit=2000 -> HTTP 200 elapsed=34ms responseBytes=29599 engineUrl= http://127.0.0.1:61867 engineId= (default)
14:33:03 [log] [sess-diag] loadEngineSessions: 原始条数 = 1
14:33:03 [log] [sess-diag] loadEngineSessions: reconcile 后 convos = 1 order = 1
14:33:03 [log] [sess-diag] loadEngineSessions: 耗时(ms) fetch = 41 repoRoots = 11 build+reconcile = 3 set = 3 total = 58
14:33:33 [log] [sess-diag] engineFetch GET /experimental/session?roots=true&limit=2000 -> HTTP 200 elapsed=36ms responseBytes=29599 engineUrl= http://127.0.0.1:61867 engineId= (default)
14:33:33 [log] [sess-diag] loadEngineSessions: 原始条数 = 1
14:33:33 [log] [sess-diag] loadEngineSessions: reconcile 后 convos = 1 order = 1
14:33:33 [log] [sess-diag] loadEngineSessions: 耗时(ms) fetch = 55 repoRoots = 14 build+reconcile = 3 set = 3 total = 74
14:33:36 [info] [intervention] {"stage":"model.start","at":1790318016073,"requestId":"f6e7bee416ec5d94","origin":"b5094fe8d78e452f","runId":"002e823db10121db","sessionId":"b5094fe8d78e452f","userId":"2de0066204aa72e2","assistantId":"1f284f0f1d618f4d","ephemeral":false,"hasScope":true,"route":"upstream"}
14:33:36 [info] [intervention] {"stage":"fetch.start","at":1790318016089,"requestId":"f6e7bee416ec5d94","origin":"b5094fe8d78e452f","runId":"002e823db10121db","sessionId":"b5094fe8d78e452f","userId":"2de0066204aa72e2","assistantId":"1f284f0f1d618f4d","ephemeral":false,"hasScope":true,"protocol":"chat-completions","route":"upstream"}
14:34:03 [log] [sess-diag] engineFetch GET /experimental/session?roots=true&limit=2000 -> HTTP 200 elapsed=33ms responseBytes=29599 engineUrl= http://127.0.0.1:61867 engineId= (default)
14:34:03 [log] [sess-diag] loadEngineSessions: 原始条数 = 1
14:34:03 [log] [sess-diag] loadEngineSessions: reconcile 后 convos = 1 order = 1
14:34:03 [log] [sess-diag] loadEngineSessions: 耗时(ms) fetch = 38 repoRoots = 12 build+reconcile = 2 set = 3 total = 54
14:34:09 [info] [intervention] {"stage":"fetch.response","at":1790318049500,"requestId":"f6e7bee416ec5d94","origin":"b5094fe8d78e452f","runId":"002e823db10121db","sessionId":"b5094fe8d78e452f","userId":"2de0066204aa72e2","assistantId":"1f284f0f1d618f4d","elapsedMs":33411,"status":200,"ephemeral":false,"hasScope":true,"protocol":"chat-completions","route":"upstream"}
14:34:09 [info] [intervention] {"stage":"output","at":1790318049895,"runId":"002e823db10121db","sessionId":"b5094fe8d78e452f","assistantId":"1f284f0f1d618f4d","textChars":2,"reviewSkipped":false}
14:34:33 [log] [sess-diag] engineFetch GET /experimental/session?roots=true&limit=2000 -> HTTP 200 elapsed=38ms responseBytes=29599 engineUrl= http://127.0.0.1:61867 engineId= (default)
14:34:33 [log] [sess-diag] loadEngineSessions: 原始条数 = 1
14:34:33 [log] [sess-diag] loadEngineSessions: reconcile 后 convos = 1 order = 1
14:34:33 [log] [sess-diag] loadEngineSessions: 耗时(ms) fetch = 57 repoRoots = 15 build+reconcile = 3 set = 3 total = 77
14:35:03 [log] [sess-diag] engineFetch GET /experimental/session?roots=true&limit=2000 -> HTTP 200 elapsed=38ms responseBytes=29599 engineUrl= http://127.0.0.1:61867 engineId= (default)
14:35:03 [log] [sess-diag] loadEngineSessions: 原始条数 = 1
14:35:03 [log] [sess-diag] loadEngineSessions: reconcile 后 convos = 1 order = 1
14:35:03 [log] [sess-diag] loadEngineSessions: 耗时(ms) fetch = 57 repoRoots = 14 build+reconcile = 2 set = 3 total = 76
14:35:06 [info] [intervention] {"stage":"model.start","at":1790318106692,"requestId":"f6e7bee416ec5d94","origin":"b5094fe8d78e452f","runId":"002e823db10121db","sessionId":"b5094fe8d78e452f","userId":"2de0066204aa72e2","assistantId":"8597af4ea16e22b0","ephemeral":false,"hasScope":true,"route":"upstream"}
14:35:06 [info] [intervention] {"stage":"fetch.start","at":1790318106708,"requestId":"f6e7bee416ec5d94","origin":"b5094fe8d78e452f","runId":"002e823db10121db","sessionId":"b5094fe8d78e452f","userId":"2de0066204aa72e2","assistantId":"8597af4ea16e22b0","ephemeral":false,"hasScope":true,"protocol":"chat-completions","route":"upstream"}
14:35:13 [info] [intervention] {"stage":"fetch.response","at":1790318113209,"requestId":"f6e7bee416ec5d94","origin":"b5094fe8d78e452f","runId":"002e823db10121db","sessionId":"b5094fe8d78e452f","userId":"2de0066204aa72e2","assistantId":"8597af4ea16e22b0","elapsedMs":6501,"status":200,"ephemeral":false,"hasScope":true,"protocol":"chat-completions","route":"upstream"}
14:35:28 [info] [intervention] {"stage":"model.start","at":1790318128374,"requestId":"f6e7bee416ec5d94","origin":"b5094fe8d78e452f","runId":"002e823db10121db","sessionId":"b5094fe8d78e452f","userId":"2de0066204aa72e2","assistantId":"9e1b6e5804443139","ephemeral":false,"hasScope":true,"route":"upstream"}
14:35:28 [info] [intervention] {"stage":"fetch.start","at":1790318128389,"requestId":"f6e7bee416ec5d94","origin":"b5094fe8d78e452f","runId":"002e823db10121db","sessionId":"b5094fe8d78e452f","userId":"2de0066204aa72e2","assistantId":"9e1b6e5804443139","ephemeral":false,"hasScope":true,"protocol":"chat-completions","route":"upstream"}
14:35:32 [info] [intervention] {"stage":"fetch.response","at":1790318132870,"requestId":"f6e7bee416ec5d94","origin":"b5094fe8d78e452f","runId":"002e823db10121db","sessionId":"b5094fe8d78e452f","userId":"2de0066204aa72e2","assistantId":"9e1b6e5804443139","elapsedMs":4481,"status":200,"ephemeral":false,"hasScope":true,"protocol":"chat-completions","route":"upstream"}
14:35:33 [log] [sess-diag] engineFetch GET /experimental/session?roots=true&limit=2000 -> HTTP 200 elapsed=38ms responseBytes=29599 engineUrl= http://127.0.0.1:61867 engineId= (default)
14:35:33 [log] [sess-diag] loadEngineSessions: 原始条数 = 1
14:35:33 [log] [sess-diag] loadEngineSessions: reconcile 后 convos = 1 order = 1
14:35:33 [log] [sess-diag] loadEngineSessions: 耗时(ms) fetch = 58 repoRoots = 12 build+reconcile = 3 set = 3 total = 76
14:36:03 [log] [sess-diag] engineFetch GET /experimental/session?roots=true&limit=2000 -> HTTP 200 elapsed=47ms responseBytes=29599 engineUrl= http://127.0.0.1:61867 engineId= (default)
14:36:03 [log] [sess-diag] loadEngineSessions: 原始条数 = 1
14:36:03 [log] [sess-diag] loadEngineSessions: reconcile 后 convos = 1 order = 1
14:36:03 [log] [sess-diag] loadEngineSessions: 耗时(ms) fetch = 168 repoRoots = 35 build+reconcile = 3 set = 3 total = 209
14:36:33 [log] [sess-diag] engineFetch GET /experimental/session?roots=true&limit=2000 -> HTTP 200 elapsed=41ms responseBytes=29599 engineUrl= http://127.0.0.1:61867 engineId= (default)
14:36:33 [log] [sess-diag] loadEngineSessions: 原始条数 = 1
14:36:33 [log] [sess-diag] loadEngineSessions: reconcile 后 convos = 1 order = 1
14:36:33 [log] [sess-diag] loadEngineSessions: 耗时(ms) fetch = 75 repoRoots = 15 build+reconcile = 2 set = 2 total = 95
14:37:03 [log] [sess-diag] engineFetch GET /experimental/session?roots=true&limit=2000 -> HTTP 200 elapsed=38ms responseBytes=29599 engineUrl= http://127.0.0.1:61867 engineId= (default)
14:37:03 [log] [sess-diag] loadEngineSessions: 原始条数 = 1
14:37:03 [log] [sess-diag] loadEngineSessions: reconcile 后 convos = 1 order = 1
14:37:03 [log] [sess-diag] loadEngineSessions: 耗时(ms) fetch = 58 repoRoots = 15 build+reconcile = 3 set = 3 total = 79
14:37:33 [log] [sess-diag] engineFetch GET /experimental/session?roots=true&limit=2000 -> HTTP 200 elapsed=39ms responseBytes=29599 engineUrl= http://127.0.0.1:61867 engineId= (default)
14:37:33 [log] [sess-diag] loadEngineSessions: 原始条数 = 1
14:37:33 [log] [sess-diag] loadEngineSessions: reconcile 后 convos = 1 order = 1
14:37:33 [log] [sess-diag] loadEngineSessions: 耗时(ms) fetch = 75 repoRoots = 16 build+reconcile = 3 set = 3 total = 96
14:38:03 [info] [intervention] {"stage":"model.start","at":1790318283379,"requestId":"f6e7bee416ec5d94","origin":"b5094fe8d78e452f","runId":"002e823db10121db","sessionId":"b5094fe8d78e452f","userId":"2de0066204aa72e2","assistantId":"f091d2f30f68be69","ephemeral":false,"hasScope":true,"route":"upstream"}
14:38:03 [info] [intervention] {"stage":"fetch.start","at":1790318283394,"requestId":"f6e7bee416ec5d94","origin":"b5094fe8d78e452f","runId":"002e823db10121db","sessionId":"b5094fe8d78e452f","userId":"2de0066204aa72e2","assistantId":"f091d2f30f68be69","ephemeral":false,"hasScope":true,"protocol":"chat-completions","route":"upstream"}
14:38:03 [log] [sess-diag] engineFetch GET /experimental/session?roots=true&limit=2000 -> HTTP 200 elapsed=38ms responseBytes=29599 engineUrl= http://127.0.0.1:61867 engineId= (default)
14:38:03 [log] [sess-diag] loadEngineSessions: 原始条数 = 1
14:38:03 [log] [sess-diag] loadEngineSessions: reconcile 后 convos = 1 order = 1
14:38:03 [log] [sess-diag] loadEngineSessions: 耗时(ms) fetch = 57 repoRoots = 12 build+reconcile = 2 set = 2 total = 73
14:38:20 [info] [intervention] {"stage":"fetch.response","at":1790318300795,"requestId":"f6e7bee416ec5d94","origin":"b5094fe8d78e452f","runId":"002e823db10121db","sessionId":"b5094fe8d78e452f","userId":"2de0066204aa72e2","assistantId":"f091d2f30f68be69","elapsedMs":17401,"status":200,"ephemeral":false,"hasScope":true,"protocol":"chat-completions","route":"upstream"}
14:38:31 [info] [experiment] key=feature_gates id=101197 type=string value={\n    "domestic": { "show_mcp_entry": false, "show_custom_model_button": true, "loop_streak_recovery": true, "show_evolve_entry": true,"show_computeruse": false, "show_browseruse": false, "show_pay": … elapsed=2ms
14:38:31 [info] [feature-gates] refresh: ok (elapsed=41ms)
14:38:32 [info] [config] loading from: https://cdn-exp-sg-recommend.pt.xiaomi.com/service/getClientBitMapExpConf/mimoDesktop(%E6%96%B0%E5%8A%A0%E5%9D%A1)
14:38:33 [log] [sess-diag] engineFetch GET /experimental/session?roots=true&limit=2000 -> HTTP 200 elapsed=41ms responseBytes=29599 engineUrl= http://127.0.0.1:61867 engineId= (default)
14:38:33 [log] [sess-diag] loadEngineSessions: 原始条数 = 1
14:38:33 [log] [sess-diag] loadEngineSessions: reconcile 后 convos = 1 order = 1
14:38:33 [log] [sess-diag] loadEngineSessions: 耗时(ms) fetch = 50 repoRoots = 28 build+reconcile = 4 set = 3 total = 86
14:38:34 [info] [config] loaded tree for mimoDesktop(新加坡): children=2, upRuleIds=0
14:38:34 [info] [config] remote config loaded: 1 apps
14:38:34 [info] [config] loaded successfully: 1 apps
14:39:03 [log] [sess-diag] engineFetch GET /experimental/session?roots=true&limit=2000 -> HTTP 200 elapsed=35ms responseBytes=29599 engineUrl= http://127.0.0.1:61867 engineId= (default)
14:39:03 [log] [sess-diag] loadEngineSessions: 原始条数 = 1
14:39:03 [log] [sess-diag] loadEngineSessions: reconcile 后 convos = 1 order = 1
14:39:03 [log] [sess-diag] loadEngineSessions: 耗时(ms) fetch = 65 repoRoots = 15 build+reconcile = 3 set = 3 total = 86
14:39:33 [log] [sess-diag] engineFetch GET /experimental/session?roots=true&limit=2000 -> HTTP 200 elapsed=23ms responseBytes=29599 engineUrl= http://127.0.0.1:61867 engineId= (default)
14:39:33 [log] [sess-diag] loadEngineSessions: 原始条数 = 1
14:39:33 [log] [sess-diag] loadEngineSessions: reconcile 后 convos = 1 order = 1
14:39:33 [log] [sess-diag] loadEngineSessions: 耗时(ms) fetch = 44 repoRoots = 20 build+reconcile = 3 set = 2 total = 69
14:40:03 [log] [sess-diag] engineFetch GET /experimental/session?roots=true&limit=2000 -> HTTP 200 elapsed=20ms responseBytes=29599 engineUrl= http://127.0.0.1:61867 engineId= (default)
14:40:03 [log] [sess-diag] loadEngineSessions: 原始条数 = 1
14:40:03 [log] [sess-diag] loadEngineSessions: reconcile 后 convos = 1 order = 1
14:40:03 [log] [sess-diag] loadEngineSessions: 耗时(ms) fetch = 41 repoRoots = 15 build+reconcile = 2 set = 2 total = 60
14:40:33 [log] [sess-diag] engineFetch GET /experimental/session?roots=true&limit=2000 -> HTTP 200 elapsed=38ms responseBytes=29599 engineUrl= http://127.0.0.1:61867 engineId= (default)
14:40:33 [log] [sess-diag] loadEngineSessions: 原始条数 = 1
14:40:33 [log] [sess-diag] loadEngineSessions: reconcile 后 convos = 1 order = 1
14:40:33 [log] [sess-diag] loadEngineSessions: 耗时(ms) fetch = 75 repoRoots = 18 build+reconcile = 2 set = 2 total = 97
14:40:38 [info] [intervention] {"stage":"model.start","at":1790318438589,"requestId":"f6e7bee416ec5d94","origin":"b5094fe8d78e452f","runId":"002e823db10121db","sessionId":"b5094fe8d78e452f","userId":"2de0066204aa72e2","assistantId":"a5d270bf9b68f625","ephemeral":false,"hasScope":true,"route":"upstream"}
14:40:38 [info] [intervention] {"stage":"fetch.start","at":1790318438605,"requestId":"f6e7bee416ec5d94","origin":"b5094fe8d78e452f","runId":"002e823db10121db","sessionId":"b5094fe8d78e452f","userId":"2de0066204aa72e2","assistantId":"a5d270bf9b68f625","ephemeral":false,"hasScope":true,"protocol":"chat-completions","route":"upstream"}
14:40:42 [info] [intervention] {"stage":"fetch.response","at":1790318442323,"requestId":"f6e7bee416ec5d94","origin":"b5094fe8d78e452f","runId":"002e823db10121db","sessionId":"b5094fe8d78e452f","userId":"2de0066204aa72e2","assistantId":"a5d270bf9b68f625","elapsedMs":3718,"status":200,"ephemeral":false,"hasScope":true,"protocol":"chat-completions","route":"upstream"}
14:40:45 [info] [intervention] {"stage":"closed","at":1790318445854,"requestId":"f6e7bee416ec5d94","origin":"b5094fe8d78e452f","runId":"002e823db10121db","sessionId":"b5094fe8d78e452f","userId":"2de0066204aa72e2","elapsedMs":2827785,"textChars":32,"reviewId":"mimo-intv-mimo_pc_input_text-d4a837a737ed4d07847f78b9a1c772bb"}
14:40:45 [info] [turn-power-save] released sysId=8 last=run:ses_ffe5f298357dfffeN82Wln2VmT
14:40:46 [info] [content-review] app=mimo_pc_output_text source=conversation why=flush batch=8fc620c28ee1b9ec api=/api/audit/check len=40 images=0 sha=f6addd9a0e9f session=ses_ffe5f298357dfffeN82Wln2VmT elapsed=214ms verdict=pass reviewId=mimo-mimo_pc_output_text-60bab328ebe549fb815bab8eaf9a140b detail=[serverVerdict=pass resultCode=1 subCode=9 aigc=- hints=0 detailsLen=0 resp=[passed=pass resultCode=1 reviewId=mimo-mimo_pc_output_text-60bab328ebe549fb815bab8eaf9a140b offlineReason= offlineDetails=[0 chars] hint=[0 items] subCode=9 aigc=null]]
14:40:46 [log] [sess-diag] [white-screen-up] {"id":"ses_ffe5f298357dfffeN82Wln2VmT","upDelta":5082.00048828125,"prevTop":10894.6669921875,"top":5812.66650390625,"clientHeight":883,"prevScrollHeight":11777,"scrollHeight":6695,"following":true,"lastPinSource":"floor","stack":"Error: white-screen-up-scroll\n    at Fn (app://-/renderer/assets/ThreadView-D9cl-a57.js:1:5217)\n    at HTMLDivElement.A (app://-/renderer/assets/ThreadView-D9cl-a57.js:1:24046)"}
14:40:46 [log] [sess-diag] engineFetch GET /session/ses_ffe5f298357dfffeN82Wln2VmT/task -> HTTP 200 elapsed=319ms responseBytes=1444 engineUrl= http://127.0.0.1:61867 engineId= mimocode
14:40:46 [log] [sess-diag] engineFetch GET /session/ses_ffe5f298357dfffeN82Wln2VmT -> HTTP 200 elapsed=310ms responseBytes=29556 engineUrl= http://127.0.0.1:61867 engineId= mimocode
14:40:46 [info] [content-review] app=mimo_pc_output_text source=conversation why=flush batch=bde293d7f7f18231 api=/api/audit/check len=47 images=0 sha=72b726a74bbb session=ses_ffe5f298357dfffeN82Wln2VmT elapsed=295ms verdict=pass reviewId=mimo-mimo_pc_output_text-ac560ad00b224b80bde754d40d44c4e3 detail=[serverVerdict=pass resultCode=1 subCode=9 aigc=- hints=0 detailsLen=0 resp=[passed=pass resultCode=1 reviewId=mimo-mimo_pc_output_text-ac560ad00b224b80bde754d40d44c4e3 offlineReason= offlineDetails=[0 chars] hint=[0 items] subCode=9 aigc=null]]
14:40:46 [log] [sess-diag] engineFetch GET /session/ses_ffe5f298357dfffeN82Wln2VmT/recovery -> HTTP 200 elapsed=313ms responseBytes=151 engineUrl= http://127.0.0.1:61867 engineId= mimocode
14:40:46 [log] [sess-diag] engineFetch GET /session/ses_ffe5f298357dfffeN82Wln2VmT/recovery -> HTTP 200 elapsed=516ms responseBytes=151 engineUrl= http://127.0.0.1:61867 engineId= mimocode
14:40:46 [log] [sess-diag] engineFetch GET /session/ses_ffe5f298357dfffeN82Wln2VmT/message -> HTTP 200 elapsed=356ms responseBytes=1048575 engineUrl= http://127.0.0.1:61867 engineId= mimocode
14:40:46 [info] [content-review] app=mimo_pc_output_text source=conversation why=flush batch=26d2af24152497eb api=/api/audit/check len=34 images=0 sha=4c9c48236eff session=ses_ffe5f298357dfffeN82Wln2VmT elapsed=194ms verdict=pass reviewId=mimo-mimo_pc_output_text-77a6f0e458494dbe81a3bc5607f0aef8 detail=[serverVerdict=pass resultCode=1 subCode=9 aigc=- hints=0 detailsLen=0 resp=[passed=pass resultCode=1 reviewId=mimo-mimo_pc_output_text-77a6f0e458494dbe81a3bc5607f0aef8 offlineReason= offlineDetails=[0 chars] hint=[0 items] subCode=9 aigc=null]]
14:40:46 [info] [content-review] app=mimo_pc_output_text source=conversation why=flush batch=914df6f71583cc91 api=/api/audit/check len=32 images=0 sha=78a2dbfdbc58 session=ses_ffe5f298357dfffeN82Wln2VmT elapsed=208ms verdict=pass reviewId=mimo-mimo_pc_output_text-a364da4b168040e6b28503788926924c detail=[serverVerdict=pass resultCode=1 subCode=9 aigc=- hints=0 detailsLen=0 resp=[passed=pass resultCode=1 reviewId=mimo-mimo_pc_output_text-a364da4b168040e6b28503788926924c offlineReason= offlineDetails=[0 chars] hint=[0 items] subCode=9 aigc=null]]
14:40:46 [info] [content-review] app=mimo_pc_output_text source=conversation why=flush batch=12e47067a04a7179 api=/api/audit/check len=34 images=0 sha=5c2e7c624e6d session=ses_ffe5f298357dfffeN82Wln2VmT elapsed=213ms verdict=pass reviewId=mimo-mimo_pc_output_text-86b345a6f2a3486098a15b8c45fe7cf1 detail=[serverVerdict=pass resultCode=1 subCode=9 aigc=- hints=0 detailsLen=0 resp=[passed=pass resultCode=1 reviewId=mimo-mimo_pc_output_text-86b345a6f2a3486098a15b8c45fe7cf1 offlineReason= offlineDetails=[0 chars] hint=[0 items] subCode=9 aigc=null]]
14:40:46 [log] [sess-diag] engineFetch GET /session/ses_ffe5f298357dfffeN82Wln2VmT/actors -> HTTP 200 elapsed=39ms responseBytes=405 engineUrl= http://127.0.0.1:61867 engineId= mimocode
14:40:47 [info] [content-review] app=mimo_pc_output_text source=conversation why=flush batch=b4c8d46c21664ec5 api=/api/audit/check len=20 images=0 sha=ba67f98e0a82 session=ses_ffe5f298357dfffeN82Wln2VmT elapsed=244ms verdict=pass reviewId=mimo-mimo_pc_output_text-2b660a24720e40e3b41f53f8b3477113 detail=[serverVerdict=pass resultCode=1 subCode=9 aigc=- hints=0 detailsLen=0 resp=[passed=pass resultCode=1 reviewId=mimo-mimo_pc_output_text-2b660a24720e40e3b41f53f8b3477113 offlineReason= offlineDetails=[0 chars] hint=[0 items] subCode=9 aigc=null]]
14:40:53 [log] [sess-diag] engineFetch GET /experimental/session?roots=true&limit=2000 -> HTTP 200 elapsed=139ms responseBytes=29599 engineUrl= http://127.0.0.1:61867 engineId= (default)
14:40:53 [log] [sess-diag] loadEngineSessions: 原始条数 = 1
14:40:53 [log] [sess-diag] loadEngineSessions: reconcile 后 convos = 1 order = 1
14:40:53 [log] [sess-diag] loadEngineSessions: 耗时(ms) fetch = 320 repoRoots = 75 build+reconcile = 4 set = 2 total = 401
15:02:25 [info] [experiment] key=feature_gates id=101197 type=string value={\n    "domestic": { "show_mcp_entry": false, "show_custom_model_button": true, "loop_streak_recovery": true, "show_evolve_entry": true,"show_computeruse": false, "show_browseruse": false, "show_pay": … elapsed=0ms
15:02:25 [info] [feature-gates] refresh: ok (elapsed=20ms)
15:02:25 [info] [config] loading from: https://cdn-exp-sg-recommend.pt.xiaomi.com/service/getClientBitMapExpConf/mimoDesktop(%E6%96%B0%E5%8A%A0%E5%9D%A1)
15:02:25 [error] [config] reload failed: getaddrinfo ENOTFOUND cdn-exp-sg-recommend.pt.xiaomi.com
15:02:25 [log] [model-catalog] fetch inconclusive=network (net::ERR_NAME_NOT_RESOLVED) -> keep cache
15:54:03 [info] [experiment] key=feature_gates id=101197 type=string value={\n    "domestic": { "show_mcp_entry": false, "show_custom_model_button": true, "loop_streak_recovery": true, "show_evolve_entry": true,"show_computeruse": false, "show_browseruse": false, "show_pay": … elapsed=4ms
15:54:03 [info] [feature-gates] refresh: ok (elapsed=35ms)
15:54:03 [info] [config] loading from: https://cdn-exp-sg-recommend.pt.xiaomi.com/service/getClientBitMapExpConf/mimoDesktop(%E6%96%B0%E5%8A%A0%E5%9D%A1)
15:54:03 [error] [config] reload failed: getaddrinfo ENOTFOUND cdn-exp-sg-recommend.pt.xiaomi.com
15:54:06 [log] [sess-diag] engineFetch GET /experimental/session?roots=true&limit=2000 -> HTTP 200 elapsed=1579ms responseBytes=29599 engineUrl= http://127.0.0.1:61867 engineId= (default)
15:54:06 [log] [sess-diag] loadEngineSessions: 原始条数 = 1
15:54:06 [log] [sess-diag] loadEngineSessions: reconcile 后 convos = 1 order = 1
15:54:06 [log] [sess-diag] loadEngineSessions: 耗时(ms) fetch = 1621 repoRoots = 47 build+reconcile = 3 set = 7 total = 1679
15:54:28 [log] [sess-diag] engineFetch GET /experimental/session?roots=true&limit=2000 -> HTTP 200 elapsed=476ms responseBytes=29599 engineUrl= http://127.0.0.1:61867 engineId= (default)
15:54:28 [log] [sess-diag] loadEngineSessions: 原始条数 = 1
15:54:28 [log] [sess-diag] loadEngineSessions: reconcile 后 convos = 1 order = 1
15:54:28 [log] [sess-diag] loadEngineSessions: 耗时(ms) fetch = 570 repoRoots = 6 build+reconcile = 2 set = 3 total = 581
15:54:31 [log] [sess-diag] engineFetch GET /experimental/session?roots=true&limit=2000 -> HTTP 200 elapsed=95ms responseBytes=29599 engineUrl= http://127.0.0.1:61867 engineId= (default)
15:54:31 [log] [sess-diag] loadEngineSessions: 原始条数 = 1
15:54:31 [log] [sess-diag] loadEngineSessions: reconcile 后 convos = 1 order = 1
15:54:31 [log] [sess-diag] loadEngineSessions: 耗时(ms) fetch = 247 repoRoots = 73 build+reconcile = 1 set = 1 total = 323
15:54:33 [log] [sess-diag] engineFetch GET /experimental/session?roots=true&limit=2000 -> HTTP 200 elapsed=21ms responseBytes=29599 engineUrl= http://127.0.0.1:61867 engineId= (default)
15:54:33 [log] [sess-diag] loadEngineSessions: 原始条数 = 1
15:54:33 [log] [sess-diag] loadEngineSessions: reconcile 后 convos = 1 order = 1
15:54:33 [log] [sess-diag] loadEngineSessions: 耗时(ms) fetch = 26 repoRoots = 2 build+reconcile = 2 set = 1 total = 31
15:54:42 [info] [intervention] {"stage":"query","at":1790322882987,"requestId":"2774eef8ca6e11be","origin":"b5094fe8d78e452f","elapsedMs":503,"textChars":32,"queryChars":32,"truncated":false,"result":"miss","reviewId":"mimo-intv-mimo_pc_input_text-2dc16b495eae4b7ab3c313b808c9580a"}
15:54:43 [info] [content-review] app=mimo_pc_input_text source=input why=oneshot batch=2662b6c3908146f8 api=/api/audit/check len=32 images=0 sha=d4c1e3755d8e session=ses_ffe5f298357dfffeN82Wln2VmT elapsed=183ms verdict=pass reviewId=mimo-mimo_pc_input_text-e3b4679af92349fa8645792e72f89e3d detail=[serverVerdict=pass resultCode=1 subCode=9 aigc=- hints=0 detailsLen=0 resp=[passed=pass resultCode=1 reviewId=mimo-mimo_pc_input_text-e3b4679af92349fa8645792e72f89e3d offlineReason= offlineDetails=[0 chars] hint=[0 items] subCode=9 aigc=null]]
15:54:43 [info] [intervention] {"stage":"prepared","at":1790322883183,"requestId":"2774eef8ca6e11be","origin":"b5094fe8d78e452f","elapsedMs":699,"textChars":32,"result":"ready","reviewId":"mimo-intv-mimo_pc_input_text-2dc16b495eae4b7ab3c313b808c9580a"}
15:54:43 [info] [intervention] {"stage":"claim","at":1790322883204,"requestId":"2774eef8ca6e11be","origin":"b5094fe8d78e452f","sessionId":"b5094fe8d78e452f","userId":"2de0066204aa72e2","elapsedMs":720,"textChars":32,"reviewId":"mimo-intv-mimo_pc_input_text-2dc16b495eae4b7ab3c313b808c9580a"}
15:54:43 [info] [turn-power-save] acquired sysId=9 mode=prevent-app-suspension first=run:ses_ffe5f298357dfffeN82Wln2VmT
15:54:43 [info] [intervention] {"stage":"dispatch","at":1790322883276,"requestId":"2774eef8ca6e11be","origin":"b5094fe8d78e452f","runId":"ad766690c5840010","sessionId":"b5094fe8d78e452f","userId":"2de0066204aa72e2","elapsedMs":792,"textChars":32,"reviewId":"mimo-intv-mimo_pc_input_text-2dc16b495eae4b7ab3c313b808c9580a"}
15:54:43 [info] [intervention] {"stage":"resume.request","at":1790322883277,"origin":"b5094fe8d78e452f","sessionId":"b5094fe8d78e452f","assistantId":"a5d270bf9b68f625","bodyFields":0,"hasSeed":true,"resumeKind":"assistant"}
15:54:43 [info] [intervention] {"stage":"model.start","at":1790322883988,"requestId":"2774eef8ca6e11be","origin":"b5094fe8d78e452f","runId":"ad766690c5840010","sessionId":"b5094fe8d78e452f","userId":"2de0066204aa72e2","assistantId":"0e6e8c5638402995","ephemeral":false,"hasScope":true,"route":"upstream"}
15:54:44 [info] [intervention] {"stage":"fetch.start","at":1790322884016,"requestId":"2774eef8ca6e11be","origin":"b5094fe8d78e452f","runId":"ad766690c5840010","sessionId":"b5094fe8d78e452f","userId":"2de0066204aa72e2","assistantId":"0e6e8c5638402995","ephemeral":false,"hasScope":true,"protocol":"chat-completions","route":"upstream"}
15:54:44 [info] [intervention] {"stage":"resume.response","at":1790322884045,"origin":"b5094fe8d78e452f","sessionId":"b5094fe8d78e452f","status":202}
15:55:03 [log] [sess-diag] engineFetch GET /experimental/session?roots=true&limit=2000 -> HTTP 200 elapsed=35ms responseBytes=29599 engineUrl= http://127.0.0.1:61867 engineId= (default)
15:55:03 [log] [sess-diag] loadEngineSessions: 原始条数 = 1
15:55:03 [log] [sess-diag] loadEngineSessions: reconcile 后 convos = 1 order = 1
15:55:03 [log] [sess-diag] loadEngineSessions: 耗时(ms) fetch = 42 repoRoots = 10 build+reconcile = 2 set = 2 total = 56
15:55:09 [info] [intervention] {"stage":"fetch.response","at":1790322909439,"requestId":"2774eef8ca6e11be","origin":"b5094fe8d78e452f","runId":"ad766690c5840010","sessionId":"b5094fe8d78e452f","userId":"2de0066204aa72e2","assistantId":"0e6e8c5638402995","elapsedMs":25423,"status":200,"ephemeral":false,"hasScope":true,"protocol":"chat-completions","route":"upstream"}
15:55:33 [log] [sess-diag] engineFetch GET /experimental/session?roots=true&limit=2000 -> HTTP 200 elapsed=35ms responseBytes=29599 engineUrl= http://127.0.0.1:61867 engineId= (default)
15:55:33 [log] [sess-diag] loadEngineSessions: 原始条数 = 1
15:55:33 [log] [sess-diag] loadEngineSessions: reconcile 后 convos = 1 order = 1
15:55:33 [log] [sess-diag] loadEngineSessions: 耗时(ms) fetch = 58 repoRoots = 13 build+reconcile = 3 set = 3 total = 76
15:56:03 [log] [sess-diag] engineFetch GET /experimental/session?roots=true&limit=2000 -> HTTP 200 elapsed=34ms responseBytes=29599 engineUrl= http://127.0.0.1:61867 engineId= (default)
15:56:03 [log] [sess-diag] loadEngineSessions: 原始条数 = 1
15:56:03 [log] [sess-diag] loadEngineSessions: reconcile 后 convos = 1 order = 1
15:56:03 [log] [sess-diag] loadEngineSessions: 耗时(ms) fetch = 44 repoRoots = 9 build+reconcile = 3 set = 5 total = 61
15:56:08 [info] [intervention] {"stage":"model.start","at":1790322968421,"requestId":"2774eef8ca6e11be","origin":"b5094fe8d78e452f","runId":"ad766690c5840010","sessionId":"b5094fe8d78e452f","userId":"2de0066204aa72e2","assistantId":"fb1d3bfffc9d3143","ephemeral":false,"hasScope":true,"route":"upstream"}
15:56:08 [info] [intervention] {"stage":"fetch.start","at":1790322968435,"requestId":"2774eef8ca6e11be","origin":"b5094fe8d78e452f","runId":"ad766690c5840010","sessionId":"b5094fe8d78e452f","userId":"2de0066204aa72e2","assistantId":"fb1d3bfffc9d3143","ephemeral":false,"hasScope":true,"protocol":"chat-completions","route":"upstream"}
15:56:15 [info] [intervention] {"stage":"fetch.response","at":1790322975329,"requestId":"2774eef8ca6e11be","origin":"b5094fe8d78e452f","runId":"ad766690c5840010","sessionId":"b5094fe8d78e452f","userId":"2de0066204aa72e2","assistantId":"fb1d3bfffc9d3143","elapsedMs":6894,"status":200,"ephemeral":false,"hasScope":true,"protocol":"chat-completions","route":"upstream"}
15:56:33 [log] [sess-diag] engineFetch GET /experimental/session?roots=true&limit=2000 -> HTTP 200 elapsed=46ms responseBytes=29599 engineUrl= http://127.0.0.1:61867 engineId= (default)
15:56:33 [log] [sess-diag] loadEngineSessions: 原始条数 = 1
15:56:33 [log] [sess-diag] loadEngineSessions: reconcile 后 convos = 1 order = 1
15:56:33 [log] [sess-diag] loadEngineSessions: 耗时(ms) fetch = 54 repoRoots = 9 build+reconcile = 3 set = 4 total = 71
15:57:03 [log] [sess-diag] engineFetch GET /experimental/session?roots=true&limit=2000 -> HTTP 200 elapsed=29ms responseBytes=29599 engineUrl= http://127.0.0.1:61867 engineId= (default)
15:57:03 [log] [sess-diag] loadEngineSessions: 原始条数 = 1
15:57:03 [log] [sess-diag] loadEngineSessions: reconcile 后 convos = 1 order = 1
15:57:03 [log] [sess-diag] loadEngineSessions: 耗时(ms) fetch = 33 repoRoots = 11 build+reconcile = 2 set = 2 total = 48
15:57:33 [log] [sess-diag] engineFetch GET /experimental/session?roots=true&limit=2000 -> HTTP 200 elapsed=29ms responseBytes=29599 engineUrl= http://127.0.0.1:61867 engineId= (default)
15:57:33 [log] [sess-diag] loadEngineSessions: 原始条数 = 1
15:57:33 [log] [sess-diag] loadEngineSessions: reconcile 后 convos = 1 order = 1
15:57:33 [log] [sess-diag] loadEngineSessions: 耗时(ms) fetch = 33 repoRoots = 10 build+reconcile = 2 set = 2 total = 48
15:58:03 [log] [sess-diag] engineFetch GET /experimental/session?roots=true&limit=2000 -> HTTP 200 elapsed=39ms responseBytes=29599 engineUrl= http://127.0.0.1:61867 engineId= (default)
15:58:03 [log] [sess-diag] loadEngineSessions: 原始条数 = 1
15:58:03 [log] [sess-diag] loadEngineSessions: reconcile 后 convos = 1 order = 1
15:58:03 [log] [sess-diag] loadEngineSessions: 耗时(ms) fetch = 58 repoRoots = 12 build+reconcile = 3 set = 3 total = 75
15:58:14 [info] [intervention] {"stage":"model.start","at":1790323094468,"requestId":"2774eef8ca6e11be","origin":"b5094fe8d78e452f","runId":"ad766690c5840010","sessionId":"b5094fe8d78e452f","userId":"2de0066204aa72e2","assistantId":"08dd172ec063a1ec","ephemeral":false,"hasScope":true,"route":"upstream"}
15:58:14 [info] [intervention] {"stage":"fetch.start","at":1790323094482,"requestId":"2774eef8ca6e11be","origin":"b5094fe8d78e452f","runId":"ad766690c5840010","sessionId":"b5094fe8d78e452f","userId":"2de0066204aa72e2","assistantId":"08dd172ec063a1ec","ephemeral":false,"hasScope":true,"protocol":"chat-completions","route":"upstream"}
15:58:19 [info] [intervention] {"stage":"fetch.response","at":1790323099559,"requestId":"2774eef8ca6e11be","origin":"b5094fe8d78e452f","runId":"ad766690c5840010","sessionId":"b5094fe8d78e452f","userId":"2de0066204aa72e2","assistantId":"08dd172ec063a1ec","elapsedMs":5077,"status":200,"ephemeral":false,"hasScope":true,"protocol":"chat-completions","route":"upstream"}
15:58:33 [log] [sess-diag] engineFetch GET /experimental/session?roots=true&limit=2000 -> HTTP 200 elapsed=30ms responseBytes=29599 engineUrl= http://127.0.0.1:61867 engineId= (default)
15:58:33 [log] [sess-diag] loadEngineSessions: 原始条数 = 1
15:58:33 [log] [sess-diag] loadEngineSessions: reconcile 后 convos = 1 order = 1
15:58:33 [log] [sess-diag] loadEngineSessions: 耗时(ms) fetch = 34 repoRoots = 11 build+reconcile = 2 set = 3 total = 50
15:59:03 [log] [sess-diag] engineFetch GET /experimental/session?roots=true&limit=2000 -> HTTP 200 elapsed=29ms responseBytes=29599 engineUrl= http://127.0.0.1:61867 engineId= (default)
15:59:03 [log] [sess-diag] loadEngineSessions: 原始条数 = 1
15:59:03 [log] [sess-diag] loadEngineSessions: reconcile 后 convos = 1 order = 1
15:59:03 [log] [sess-diag] loadEngineSessions: 耗时(ms) fetch = 35 repoRoots = 10 build+reconcile = 3 set = 3 total = 51
15:59:33 [log] [sess-diag] engineFetch GET /experimental/session?roots=true&limit=2000 -> HTTP 200 elapsed=49ms responseBytes=29599 engineUrl= http://127.0.0.1:61867 engineId= (default)
15:59:33 [log] [sess-diag] loadEngineSessions: 原始条数 = 1
15:59:33 [log] [sess-diag] loadEngineSessions: reconcile 后 convos = 1 order = 1
15:59:33 [log] [sess-diag] loadEngineSessions: 耗时(ms) fetch = 180 repoRoots = 20 build+reconcile = 5 set = 3 total = 208
16:00:03 [log] [sess-diag] engineFetch GET /experimental/session?roots=true&limit=2000 -> HTTP 200 elapsed=31ms responseBytes=29599 engineUrl= http://127.0.0.1:61867 engineId= (default)
16:00:03 [log] [sess-diag] loadEngineSessions: 原始条数 = 1
16:00:03 [log] [sess-diag] loadEngineSessions: reconcile 后 convos = 1 order = 1
16:00:03 [log] [sess-diag] loadEngineSessions: 耗时(ms) fetch = 36 repoRoots = 11 build+reconcile = 2 set = 2 total = 51
16:00:19 [info] [intervention] {"stage":"model.start","at":1790323219043,"requestId":"2774eef8ca6e11be","origin":"b5094fe8d78e452f","runId":"ad766690c5840010","sessionId":"b5094fe8d78e452f","userId":"2de0066204aa72e2","assistantId":"983af7fd2d6fd525","ephemeral":false,"hasScope":true,"route":"upstream"}
16:00:19 [info] [intervention] {"stage":"fetch.start","at":1790323219057,"requestId":"2774eef8ca6e11be","origin":"b5094fe8d78e452f","runId":"ad766690c5840010","sessionId":"b5094fe8d78e452f","userId":"2de0066204aa72e2","assistantId":"983af7fd2d6fd525","ephemeral":false,"hasScope":true,"protocol":"chat-completions","route":"upstream"}
16:00:28 [info] [intervention] {"stage":"fetch.response","at":1790323228642,"requestId":"2774eef8ca6e11be","origin":"b5094fe8d78e452f","runId":"ad766690c5840010","sessionId":"b5094fe8d78e452f","userId":"2de0066204aa72e2","assistantId":"983af7fd2d6fd525","elapsedMs":9585,"status":200,"ephemeral":false,"hasScope":true,"protocol":"chat-completions","route":"upstream"}
16:00:28 [info] [content-review/turn-binding] note-no-slot key=ses_ffe5f298357dfffeN82Wln2VmT anchor=msg:msg_g001a0d79459d1001gmzWo5JKD
16:00:28 [info] [intervention] {"stage":"output","at":1790323228986,"runId":"ad766690c5840010","sessionId":"b5094fe8d78e452f","assistantId":"983af7fd2d6fd525","textChars":9,"reviewSkipped":false}
16:00:33 [log] [sess-diag] engineFetch GET /experimental/session?roots=true&limit=2000 -> HTTP 200 elapsed=48ms responseBytes=29599 engineUrl= http://127.0.0.1:61867 engineId= (default)
16:00:33 [log] [sess-diag] loadEngineSessions: 原始条数 = 1
16:00:33 [log] [sess-diag] loadEngineSessions: reconcile 后 convos = 1 order = 1
16:00:33 [log] [sess-diag] loadEngineSessions: 耗时(ms) fetch = 55 repoRoots = 8 build+reconcile = 2 set = 3 total = 67
16:01:03 [log] [sess-diag] engineFetch GET /experimental/session?roots=true&limit=2000 -> HTTP 200 elapsed=33ms responseBytes=29599 engineUrl= http://127.0.0.1:61867 engineId= (default)
16:01:03 [log] [sess-diag] loadEngineSessions: 原始条数 = 1
16:01:03 [log] [sess-diag] loadEngineSessions: reconcile 后 convos = 1 order = 1
16:01:03 [log] [sess-diag] loadEngineSessions: 耗时(ms) fetch = 39 repoRoots = 10 build+reconcile = 3 set = 2 total = 53
16:01:33 [log] [sess-diag] engineFetch GET /experimental/session?roots=true&limit=2000 -> HTTP 200 elapsed=31ms responseBytes=29599 engineUrl= http://127.0.0.1:61867 engineId= (default)
16:01:33 [log] [sess-diag] loadEngineSessions: 原始条数 = 1
16:01:33 [log] [sess-diag] loadEngineSessions: reconcile 后 convos = 1 order = 1
16:01:33 [log] [sess-diag] loadEngineSessions: 耗时(ms) fetch = 37 repoRoots = 10 build+reconcile = 2 set = 2 total = 51
16:02:03 [log] [sess-diag] engineFetch GET /experimental/session?roots=true&limit=2000 -> HTTP 200 elapsed=29ms responseBytes=29599 engineUrl= http://127.0.0.1:61867 engineId= (default)
16:02:03 [log] [sess-diag] loadEngineSessions: 原始条数 = 1
16:02:03 [log] [sess-diag] loadEngineSessions: reconcile 后 convos = 1 order = 1
16:02:03 [log] [sess-diag] loadEngineSessions: 耗时(ms) fetch = 33 repoRoots = 11 build+reconcile = 2 set = 2 total = 48
16:02:33 [log] [sess-diag] engineFetch GET /experimental/session?roots=true&limit=2000 -> HTTP 200 elapsed=30ms responseBytes=29599 engineUrl= http://127.0.0.1:61867 engineId= (default)
16:02:33 [log] [sess-diag] loadEngineSessions: 原始条数 = 1
16:02:33 [log] [sess-diag] loadEngineSessions: reconcile 后 convos = 1 order = 1
16:02:33 [log] [sess-diag] loadEngineSessions: 耗时(ms) fetch = 34 repoRoots = 12 build+reconcile = 2 set = 2 total = 50
16:03:03 [log] [sess-diag] engineFetch GET /experimental/session?roots=true&limit=2000 -> HTTP 200 elapsed=34ms responseBytes=29599 engineUrl= http://127.0.0.1:61867 engineId= (default)
16:03:03 [log] [sess-diag] loadEngineSessions: 原始条数 = 1
16:03:03 [log] [sess-diag] loadEngineSessions: reconcile 后 convos = 1 order = 1
16:03:03 [log] [sess-diag] loadEngineSessions: 耗时(ms) fetch = 53 repoRoots = 12 build+reconcile = 2 set = 2 total = 69
16:03:33 [log] [sess-diag] engineFetch GET /experimental/session?roots=true&limit=2000 -> HTTP 200 elapsed=34ms responseBytes=29599 engineUrl= http://127.0.0.1:61867 engineId= (default)
16:03:33 [log] [sess-diag] loadEngineSessions: 原始条数 = 1
16:03:33 [log] [sess-diag] loadEngineSessions: reconcile 后 convos = 1 order = 1
16:03:33 [log] [sess-diag] loadEngineSessions: 耗时(ms) fetch = 41 repoRoots = 10 build+reconcile = 2 set = 4 total = 56
16:04:03 [info] [intervention] {"stage":"model.start","at":1790323443863,"requestId":"2774eef8ca6e11be","origin":"b5094fe8d78e452f","runId":"ad766690c5840010","sessionId":"b5094fe8d78e452f","userId":"2de0066204aa72e2","assistantId":"e6611863a3eee9f9","ephemeral":false,"hasScope":true,"route":"upstream"}
16:04:03 [info] [intervention] {"stage":"fetch.start","at":1790323443880,"requestId":"2774eef8ca6e11be","origin":"b5094fe8d78e452f","runId":"ad766690c5840010","sessionId":"b5094fe8d78e452f","userId":"2de0066204aa72e2","assistantId":"e6611863a3eee9f9","ephemeral":false,"hasScope":true,"protocol":"chat-completions","route":"upstream"}
16:04:03 [info] [experiment] key=feature_gates id=101197 type=string value={\n    "domestic": { "show_mcp_entry": false, "show_custom_model_button": true, "loop_streak_recovery": true, "show_evolve_entry": true,"show_computeruse": false, "show_browseruse": false, "show_pay": … elapsed=4ms
16:04:03 [info] [feature-gates] refresh: ok (elapsed=30ms)
16:04:03 [info] [config] loading from: https://cdn-exp-sg-recommend.pt.xiaomi.com/service/getClientBitMapExpConf/mimoDesktop(%E6%96%B0%E5%8A%A0%E5%9D%A1)
16:04:04 [info] [config] loaded tree for mimoDesktop(新加坡): children=2, upRuleIds=0
16:04:04 [info] [config] remote config loaded: 1 apps
16:04:04 [info] [config] loaded successfully: 1 apps
16:04:04 [log] [sess-diag] engineFetch GET /experimental/session?roots=true&limit=2000 -> HTTP 200 elapsed=462ms responseBytes=29599 engineUrl= http://127.0.0.1:61867 engineId= (default)
16:04:04 [log] [sess-diag] loadEngineSessions: 原始条数 = 1
16:04:04 [log] [sess-diag] loadEngineSessions: reconcile 后 convos = 1 order = 1
16:04:04 [log] [sess-diag] loadEngineSessions: 耗时(ms) fetch = 495 repoRoots = 30 build+reconcile = 5 set = 2 total = 531
16:04:06 [info] [intervention] {"stage":"fetch.response","at":1790323446979,"requestId":"2774eef8ca6e11be","origin":"b5094fe8d78e452f","runId":"ad766690c5840010","sessionId":"b5094fe8d78e452f","userId":"2de0066204aa72e2","assistantId":"e6611863a3eee9f9","elapsedMs":3099,"status":200,"ephemeral":false,"hasScope":true,"protocol":"chat-completions","route":"upstream"}
16:04:17 [info] [intervention] {"stage":"model.start","at":1790323457073,"requestId":"2774eef8ca6e11be","origin":"b5094fe8d78e452f","runId":"ad766690c5840010","sessionId":"b5094fe8d78e452f","userId":"2de0066204aa72e2","assistantId":"6862223e024fdf95","ephemeral":false,"hasScope":true,"route":"upstream"}
16:04:17 [info] [intervention] {"stage":"fetch.start","at":1790323457087,"requestId":"2774eef8ca6e11be","origin":"b5094fe8d78e452f","runId":"ad766690c5840010","sessionId":"b5094fe8d78e452f","userId":"2de0066204aa72e2","assistantId":"6862223e024fdf95","ephemeral":false,"hasScope":true,"protocol":"chat-completions","route":"upstream"}
16:04:19 [info] [intervention] {"stage":"fetch.response","at":1790323459234,"requestId":"2774eef8ca6e11be","origin":"b5094fe8d78e452f","runId":"ad766690c5840010","sessionId":"b5094fe8d78e452f","userId":"2de0066204aa72e2","assistantId":"6862223e024fdf95","elapsedMs":2147,"status":200,"ephemeral":false,"hasScope":true,"protocol":"chat-completions","route":"upstream"}
16:04:33 [log] [sess-diag] engineFetch GET /experimental/session?roots=true&limit=2000 -> HTTP 200 elapsed=48ms responseBytes=29599 engineUrl= http://127.0.0.1:61867 engineId= (default)
16:04:33 [log] [sess-diag] loadEngineSessions: 原始条数 = 1
16:04:33 [log] [sess-diag] loadEngineSessions: reconcile 后 convos = 1 order = 1
16:04:33 [log] [sess-diag] loadEngineSessions: 耗时(ms) fetch = 55 repoRoots = 10 build+reconcile = 3 set = 3 total = 71
16:05:03 [log] [sess-diag] engineFetch GET /experimental/session?roots=true&limit=2000 -> HTTP 200 elapsed=45ms responseBytes=29599 engineUrl= http://127.0.0.1:61867 engineId= (default)
16:05:03 [log] [sess-diag] loadEngineSessions: 原始条数 = 1
16:05:03 [log] [sess-diag] loadEngineSessions: reconcile 后 convos = 1 order = 1
16:05:03 [log] [sess-diag] loadEngineSessions: 耗时(ms) fetch = 150 repoRoots = 27 build+reconcile = 2 set = 2 total = 182
16:05:11 [info] [intervention] {"stage":"model.start","at":1790323511917,"requestId":"2774eef8ca6e11be","origin":"b5094fe8d78e452f","runId":"ad766690c5840010","sessionId":"b5094fe8d78e452f","userId":"2de0066204aa72e2","assistantId":"fd6ba5fe96abc54b","ephemeral":false,"hasScope":true,"route":"upstream"}
16:05:11 [info] [intervention] {"stage":"fetch.start","at":1790323511934,"requestId":"2774eef8ca6e11be","origin":"b5094fe8d78e452f","runId":"ad766690c5840010","sessionId":"b5094fe8d78e452f","userId":"2de0066204aa72e2","assistantId":"fd6ba5fe96abc54b","ephemeral":false,"hasScope":true,"protocol":"chat-completions","route":"upstream"}
16:05:14 [info] [intervention] {"stage":"fetch.response","at":1790323514759,"requestId":"2774eef8ca6e11be","origin":"b5094fe8d78e452f","runId":"ad766690c5840010","sessionId":"b5094fe8d78e452f","userId":"2de0066204aa72e2","assistantId":"fd6ba5fe96abc54b","elapsedMs":2825,"status":200,"ephemeral":false,"hasScope":true,"protocol":"chat-completions","route":"upstream"}
16:05:33 [log] [sess-diag] engineFetch GET /experimental/session?roots=true&limit=2000 -> HTTP 200 elapsed=27ms responseBytes=29599 engineUrl= http://127.0.0.1:61867 engineId= (default)
16:05:33 [log] [sess-diag] loadEngineSessions: 原始条数 = 1
16:05:33 [log] [sess-diag] loadEngineSessions: reconcile 后 convos = 1 order = 1
16:05:33 [log] [sess-diag] loadEngineSessions: 耗时(ms) fetch = 31 repoRoots = 2 build+reconcile = 3 set = 3 total = 39
16:06:03 [log] [sess-diag] engineFetch GET /experimental/session?roots=true&limit=2000 -> HTTP 200 elapsed=30ms responseBytes=29599 engineUrl= http://127.0.0.1:61867 engineId= (default)
16:06:03 [log] [sess-diag] loadEngineSessions: 原始条数 = 1
16:06:03 [log] [sess-diag] loadEngineSessions: reconcile 后 convos = 1 order = 1
16:06:03 [log] [sess-diag] loadEngineSessions: 耗时(ms) fetch = 40 repoRoots = 10 build+reconcile = 2 set = 2 total = 55
16:06:33 [log] [sess-diag] engineFetch GET /experimental/session?roots=true&limit=2000 -> HTTP 200 elapsed=35ms responseBytes=29599 engineUrl= http://127.0.0.1:61867 engineId= (default)
16:06:33 [log] [sess-diag] loadEngineSessions: 原始条数 = 1
16:06:33 [log] [sess-diag] loadEngineSessions: reconcile 后 convos = 1 order = 1
16:06:33 [log] [sess-diag] loadEngineSessions: 耗时(ms) fetch = 42 repoRoots = 9 build+reconcile = 3 set = 3 total = 57
16:07:03 [log] [sess-diag] engineFetch GET /experimental/session?roots=true&limit=2000 -> HTTP 200 elapsed=28ms responseBytes=29599 engineUrl= http://127.0.0.1:61867 engineId= (default)
16:07:03 [log] [sess-diag] loadEngineSessions: 原始条数 = 1
16:07:03 [log] [sess-diag] loadEngineSessions: reconcile 后 convos = 1 order = 1
16:07:03 [log] [sess-diag] loadEngineSessions: 耗时(ms) fetch = 32 repoRoots = 12 build+reconcile = 2 set = 2 total = 48
16:07:33 [log] [sess-diag] engineFetch GET /experimental/session?roots=true&limit=2000 -> HTTP 200 elapsed=32ms responseBytes=29599 engineUrl= http://127.0.0.1:61867 engineId= (default)
16:07:33 [log] [sess-diag] loadEngineSessions: 原始条数 = 1
16:07:33 [log] [sess-diag] loadEngineSessions: reconcile 后 convos = 1 order = 1
16:07:33 [log] [sess-diag] loadEngineSessions: 耗时(ms) fetch = 36 repoRoots = 10 build+reconcile = 2 set = 2 total = 50
16:08:03 [log] [sess-diag] engineFetch GET /experimental/session?roots=true&limit=2000 -> HTTP 200 elapsed=47ms responseBytes=29599 engineUrl= http://127.0.0.1:61867 engineId= (default)
16:08:03 [log] [sess-diag] loadEngineSessions: 原始条数 = 1
16:08:03 [log] [sess-diag] loadEngineSessions: reconcile 后 convos = 1 order = 1
16:08:03 [log] [sess-diag] loadEngineSessions: 耗时(ms) fetch = 59 repoRoots = 15 build+reconcile = 3 set = 4 total = 80
16:08:09 [info] [intervention] {"stage":"model.start","at":1790323689998,"requestId":"2774eef8ca6e11be","origin":"b5094fe8d78e452f","runId":"ad766690c5840010","sessionId":"b5094fe8d78e452f","userId":"2de0066204aa72e2","assistantId":"3b1b812a2ff76964","ephemeral":false,"hasScope":true,"route":"upstream"}
16:08:10 [info] [intervention] {"stage":"fetch.start","at":1790323690012,"requestId":"2774eef8ca6e11be","origin":"b5094fe8d78e452f","runId":"ad766690c5840010","sessionId":"b5094fe8d78e452f","userId":"2de0066204aa72e2","assistantId":"3b1b812a2ff76964","ephemeral":false,"hasScope":true,"protocol":"chat-completions","route":"upstream"}
16:08:22 [info] [intervention] {"stage":"fetch.response","at":1790323702609,"requestId":"2774eef8ca6e11be","origin":"b5094fe8d78e452f","runId":"ad766690c5840010","sessionId":"b5094fe8d78e452f","userId":"2de0066204aa72e2","assistantId":"3b1b812a2ff76964","elapsedMs":12597,"status":200,"ephemeral":false,"hasScope":true,"protocol":"chat-completions","route":"upstream"}
16:08:24 [info] [intervention] {"stage":"output","at":1790323704975,"runId":"ad766690c5840010","sessionId":"b5094fe8d78e452f","assistantId":"3b1b812a2ff76964","textChars":4,"reviewSkipped":false}
16:08:33 [log] [sess-diag] engineFetch GET /experimental/session?roots=true&limit=2000 -> HTTP 200 elapsed=34ms responseBytes=29599 engineUrl= http://127.0.0.1:61867 engineId= (default)
16:08:33 [log] [sess-diag] loadEngineSessions: 原始条数 = 1
16:08:33 [log] [sess-diag] loadEngineSessions: reconcile 后 convos = 1 order = 1
16:08:33 [log] [sess-diag] loadEngineSessions: 耗时(ms) fetch = 52 repoRoots = 10 build+reconcile = 3 set = 3 total = 67
16:09:03 [log] [sess-diag] engineFetch GET /experimental/session?roots=true&limit=2000 -> HTTP 200 elapsed=30ms responseBytes=29599 engineUrl= http://127.0.0.1:61867 engineId= (default)
16:09:03 [log] [sess-diag] loadEngineSessions: 原始条数 = 1
16:09:03 [log] [sess-diag] loadEngineSessions: reconcile 后 convos = 1 order = 1
16:09:03 [log] [sess-diag] loadEngineSessions: 耗时(ms) fetch = 34 repoRoots = 12 build+reconcile = 3 set = 2 total = 51
16:09:33 [log] [sess-diag] engineFetch GET /experimental/session?roots=true&limit=2000 -> HTTP 200 elapsed=40ms responseBytes=29599 engineUrl= http://127.0.0.1:61867 engineId= (default)
16:09:33 [log] [sess-diag] loadEngineSessions: 原始条数 = 1
16:09:33 [log] [sess-diag] loadEngineSessions: reconcile 后 convos = 1 order = 1
16:09:33 [log] [sess-diag] loadEngineSessions: 耗时(ms) fetch = 74 repoRoots = 14 build+reconcile = 3 set = 5 total = 96
16:10:03 [log] [sess-diag] engineFetch GET /experimental/session?roots=true&limit=2000 -> HTTP 200 elapsed=31ms responseBytes=29599 engineUrl= http://127.0.0.1:61867 engineId= (default)
16:10:03 [log] [sess-diag] loadEngineSessions: 原始条数 = 1
16:10:03 [log] [sess-diag] loadEngineSessions: reconcile 后 convos = 1 order = 1
16:10:03 [log] [sess-diag] loadEngineSessions: 耗时(ms) fetch = 37 repoRoots = 9 build+reconcile = 2 set = 2 total = 51
16:10:33 [log] [sess-diag] engineFetch GET /experimental/session?roots=true&limit=2000 -> HTTP 200 elapsed=34ms responseBytes=29599 engineUrl= http://127.0.0.1:61867 engineId= (default)
16:10:33 [log] [sess-diag] loadEngineSessions: 原始条数 = 1
16:10:33 [log] [sess-diag] loadEngineSessions: reconcile 后 convos = 1 order = 1
16:10:33 [log] [sess-diag] loadEngineSessions: 耗时(ms) fetch = 147 repoRoots = 21 build+reconcile = 4 set = 2 total = 175
16:11:03 [log] [sess-diag] engineFetch GET /experimental/session?roots=true&limit=2000 -> HTTP 200 elapsed=21ms responseBytes=29599 engineUrl= http://127.0.0.1:61867 engineId= (default)
16:11:03 [log] [sess-diag] loadEngineSessions: 原始条数 = 1
16:11:03 [log] [sess-diag] loadEngineSessions: reconcile 后 convos = 1 order = 1
16:11:03 [log] [sess-diag] loadEngineSessions: 耗时(ms) fetch = 27 repoRoots = 9 build+reconcile = 3 set = 2 total = 40
16:11:33 [log] [sess-diag] engineFetch GET /experimental/session?roots=true&limit=2000 -> HTTP 200 elapsed=21ms responseBytes=29599 engineUrl= http://127.0.0.1:61867 engineId= (default)
16:11:33 [log] [sess-diag] loadEngineSessions: 原始条数 = 1
16:11:33 [log] [sess-diag] loadEngineSessions: reconcile 后 convos = 1 order = 1
16:11:33 [log] [sess-diag] loadEngineSessions: 耗时(ms) fetch = 35 repoRoots = 11 build+reconcile = 2 set = 2 total = 49
16:12:03 [log] [sess-diag] engineFetch GET /experimental/session?roots=true&limit=2000 -> HTTP 200 elapsed=29ms responseBytes=29599 engineUrl= http://127.0.0.1:61867 engineId= (default)
16:12:03 [log] [sess-diag] loadEngineSessions: 原始条数 = 1
16:12:03 [log] [sess-diag] loadEngineSessions: reconcile 后 convos = 1 order = 1
16:12:03 [log] [sess-diag] loadEngineSessions: 耗时(ms) fetch = 34 repoRoots = 11 build+reconcile = 2 set = 2 total = 49
16:12:33 [log] [sess-diag] engineFetch GET /experimental/session?roots=true&limit=2000 -> HTTP 200 elapsed=31ms responseBytes=29599 engineUrl= http://127.0.0.1:61867 engineId= (default)
16:12:33 [log] [sess-diag] loadEngineSessions: 原始条数 = 1
16:12:33 [log] [sess-diag] loadEngineSessions: reconcile 后 convos = 1 order = 1
16:12:33 [log] [sess-diag] loadEngineSessions: 耗时(ms) fetch = 36 repoRoots = 11 build+reconcile = 2 set = 2 total = 51
16:13:03 [log] [sess-diag] engineFetch GET /experimental/session?roots=true&limit=2000 -> HTTP 200 elapsed=32ms responseBytes=29599 engineUrl= http://127.0.0.1:61867 engineId= (default)
16:13:03 [log] [sess-diag] loadEngineSessions: 原始条数 = 1
16:13:03 [log] [sess-diag] loadEngineSessions: reconcile 后 convos = 1 order = 1
16:13:03 [log] [sess-diag] loadEngineSessions: 耗时(ms) fetch = 38 repoRoots = 11 build+reconcile = 3 set = 4 total = 55
16:13:45 [info] [intervention] {"stage":"model.start","at":1790324025171,"requestId":"2774eef8ca6e11be","origin":"b5094fe8d78e452f","runId":"ad766690c5840010","sessionId":"b5094fe8d78e452f","userId":"2de0066204aa72e2","assistantId":"5fd684241f972bf8","ephemeral":false,"hasScope":true,"route":"upstream"}
16:13:45 [info] [intervention] {"stage":"fetch.start","at":1790324025189,"requestId":"2774eef8ca6e11be","origin":"b5094fe8d78e452f","runId":"ad766690c5840010","sessionId":"b5094fe8d78e452f","userId":"2de0066204aa72e2","assistantId":"5fd684241f972bf8","ephemeral":false,"hasScope":true,"protocol":"chat-completions","route":"upstream"}
16:13:49 [info] [intervention] {"stage":"fetch.response","at":1790324029578,"requestId":"2774eef8ca6e11be","origin":"b5094fe8d78e452f","runId":"ad766690c5840010","sessionId":"b5094fe8d78e452f","userId":"2de0066204aa72e2","assistantId":"5fd684241f972bf8","elapsedMs":4389,"status":200,"ephemeral":false,"hasScope":true,"protocol":"chat-completions","route":"upstream"}
16:14:03 [info] [experiment] key=feature_gates id=101197 type=string value={\n    "domestic": { "show_mcp_entry": false, "show_custom_model_button": true, "loop_streak_recovery": true, "show_evolve_entry": true,"show_computeruse": false, "show_browseruse": false, "show_pay": … elapsed=0ms
16:14:03 [info] [feature-gates] refresh: ok (elapsed=18ms)
16:14:04 [info] [config] loading from: https://cdn-exp-sg-recommend.pt.xiaomi.com/service/getClientBitMapExpConf/mimoDesktop(%E6%96%B0%E5%8A%A0%E5%9D%A1)
16:14:05 [info] [config] loaded tree for mimoDesktop(新加坡): children=2, upRuleIds=0
16:14:05 [info] [config] remote config loaded: 1 apps
16:14:05 [info] [config] loaded successfully: 1 apps
16:15:05 [log] [sess-diag] engineFetch GET /experimental/session?roots=true&limit=2000 -> HTTP 200 elapsed=279ms responseBytes=29599 engineUrl= http://127.0.0.1:61867 engineId= (default)
16:15:05 [log] [sess-diag] loadEngineSessions: 原始条数 = 1
16:15:05 [log] [sess-diag] loadEngineSessions: reconcile 后 convos = 1 order = 1
16:15:05 [log] [sess-diag] loadEngineSessions: 耗时(ms) fetch = 567 repoRoots = 22 build+reconcile = 3 set = 5 total = 597
16:15:12 [info] [intervention] {"stage":"model.start","at":1790324112124,"requestId":"2774eef8ca6e11be","origin":"b5094fe8d78e452f","runId":"ad766690c5840010","sessionId":"b5094fe8d78e452f","userId":"2de0066204aa72e2","assistantId":"c459991e4b486130","ephemeral":false,"hasScope":true,"route":"upstream"}
16:15:12 [info] [intervention] {"stage":"fetch.start","at":1790324112140,"requestId":"2774eef8ca6e11be","origin":"b5094fe8d78e452f","runId":"ad766690c5840010","sessionId":"b5094fe8d78e452f","userId":"2de0066204aa72e2","assistantId":"c459991e4b486130","ephemeral":false,"hasScope":true,"protocol":"chat-completions","route":"upstream"}
16:15:19 [info] [intervention] {"stage":"fetch.response","at":1790324119115,"requestId":"2774eef8ca6e11be","origin":"b5094fe8d78e452f","runId":"ad766690c5840010","sessionId":"b5094fe8d78e452f","userId":"2de0066204aa72e2","assistantId":"c459991e4b486130","elapsedMs":6975,"status":200,"ephemeral":false,"hasScope":true,"protocol":"chat-completions","route":"upstream"}
16:15:33 [log] [sess-diag] engineFetch GET /experimental/session?roots=true&limit=2000 -> HTTP 200 elapsed=27ms responseBytes=29599 engineUrl= http://127.0.0.1:61867 engineId= (default)
16:15:33 [log] [sess-diag] loadEngineSessions: 原始条数 = 1
16:15:33 [log] [sess-diag] loadEngineSessions: reconcile 后 convos = 1 order = 1
16:15:33 [log] [sess-diag] loadEngineSessions: 耗时(ms) fetch = 31 repoRoots = 3 build+reconcile = 2 set = 3 total = 39
16:16:03 [log] [sess-diag] engineFetch GET /experimental/session?roots=true&limit=2000 -> HTTP 200 elapsed=35ms responseBytes=29599 engineUrl= http://127.0.0.1:61867 engineId= (default)
16:16:03 [log] [sess-diag] loadEngineSessions: 原始条数 = 1
16:16:03 [log] [sess-diag] loadEngineSessions: reconcile 后 convos = 1 order = 1
16:16:03 [log] [sess-diag] loadEngineSessions: 耗时(ms) fetch = 151 repoRoots = 26 build+reconcile = 2 set = 2 total = 180
16:16:33 [log] [sess-diag] engineFetch GET /experimental/session?roots=true&limit=2000 -> HTTP 200 elapsed=27ms responseBytes=29599 engineUrl= http://127.0.0.1:61867 engineId= (default)
16:16:33 [log] [sess-diag] loadEngineSessions: 原始条数 = 1
16:16:33 [log] [sess-diag] loadEngineSessions: reconcile 后 convos = 1 order = 1
16:16:33 [log] [sess-diag] loadEngineSessions: 耗时(ms) fetch = 31 repoRoots = 2 build+reconcile = 2 set = 3 total = 38
16:17:03 [log] [sess-diag] engineFetch GET /experimental/session?roots=true&limit=2000 -> HTTP 200 elapsed=18ms responseBytes=29599 engineUrl= http://127.0.0.1:61867 engineId= (default)
16:17:03 [log] [sess-diag] loadEngineSessions: 原始条数 = 1
16:17:03 [log] [sess-diag] loadEngineSessions: reconcile 后 convos = 1 order = 1
16:17:03 [log] [sess-diag] loadEngineSessions: 耗时(ms) fetch = 31 repoRoots = 2 build+reconcile = 2 set = 3 total = 38
16:17:33 [log] [sess-diag] engineFetch GET /experimental/session?roots=true&limit=2000 -> HTTP 200 elapsed=29ms responseBytes=29599 engineUrl= http://127.0.0.1:61867 engineId= (default)
16:17:33 [log] [sess-diag] loadEngineSessions: 原始条数 = 1
16:17:33 [log] [sess-diag] loadEngineSessions: reconcile 后 convos = 1 order = 1
16:17:33 [log] [sess-diag] loadEngineSessions: 耗时(ms) fetch = 33 repoRoots = 11 build+reconcile = 2 set = 3 total = 49
16:18:03 [log] [sess-diag] engineFetch GET /experimental/session?roots=true&limit=2000 -> HTTP 200 elapsed=30ms responseBytes=29599 engineUrl= http://127.0.0.1:61867 engineId= (default)
16:18:03 [log] [sess-diag] loadEngineSessions: 原始条数 = 1
16:18:03 [log] [sess-diag] loadEngineSessions: reconcile 后 convos = 1 order = 1
16:18:03 [log] [sess-diag] loadEngineSessions: 耗时(ms) fetch = 34 repoRoots = 11 build+reconcile = 2 set = 2 total = 49
16:18:33 [log] [sess-diag] engineFetch GET /experimental/session?roots=true&limit=2000 -> HTTP 200 elapsed=30ms responseBytes=29599 engineUrl= http://127.0.0.1:61867 engineId= (default)
16:18:33 [log] [sess-diag] loadEngineSessions: 原始条数 = 1
16:18:33 [log] [sess-diag] loadEngineSessions: reconcile 后 convos = 1 order = 1
16:18:33 [log] [sess-diag] loadEngineSessions: 耗时(ms) fetch = 34 repoRoots = 11 build+reconcile = 2 set = 2 total = 49
16:19:03 [log] [sess-diag] engineFetch GET /experimental/session?roots=true&limit=2000 -> HTTP 200 elapsed=29ms responseBytes=29599 engineUrl= http://127.0.0.1:61867 engineId= (default)
16:19:03 [log] [sess-diag] loadEngineSessions: 原始条数 = 1
16:19:03 [log] [sess-diag] loadEngineSessions: reconcile 后 convos = 1 order = 1
16:19:03 [log] [sess-diag] loadEngineSessions: 耗时(ms) fetch = 33 repoRoots = 11 build+reconcile = 2 set = 2 total = 49
16:19:33 [log] [sess-diag] engineFetch GET /experimental/session?roots=true&limit=2000 -> HTTP 200 elapsed=30ms responseBytes=29599 engineUrl= http://127.0.0.1:61867 engineId= (default)
16:19:33 [log] [sess-diag] loadEngineSessions: 原始条数 = 1
16:19:33 [log] [sess-diag] loadEngineSessions: reconcile 后 convos = 1 order = 1
16:19:33 [log] [sess-diag] loadEngineSessions: 耗时(ms) fetch = 34 repoRoots = 11 build+reconcile = 3 set = 2 total = 50
16:20:03 [log] [sess-diag] engineFetch GET /experimental/session?roots=true&limit=2000 -> HTTP 200 elapsed=32ms responseBytes=29599 engineUrl= http://127.0.0.1:61867 engineId= (default)
16:20:03 [log] [sess-diag] loadEngineSessions: 原始条数 = 1
16:20:03 [log] [sess-diag] loadEngineSessions: reconcile 后 convos = 1 order = 1
16:20:03 [log] [sess-diag] loadEngineSessions: 耗时(ms) fetch = 38 repoRoots = 11 build+reconcile = 3 set = 6 total = 57
16:20:33 [log] [sess-diag] engineFetch GET /experimental/session?roots=true&limit=2000 -> HTTP 200 elapsed=20ms responseBytes=29599 engineUrl= http://127.0.0.1:61867 engineId= (default)
16:20:33 [log] [sess-diag] loadEngineSessions: 原始条数 = 1
16:20:33 [log] [sess-diag] loadEngineSessions: reconcile 后 convos = 1 order = 1
16:20:33 [log] [sess-diag] loadEngineSessions: 耗时(ms) fetch = 34 repoRoots = 3 build+reconcile = 2 set = 2 total = 41
16:21:03 [log] [sess-diag] engineFetch GET /experimental/session?roots=true&limit=2000 -> HTTP 200 elapsed=20ms responseBytes=29599 engineUrl= http://127.0.0.1:61867 engineId= (default)
16:21:03 [log] [sess-diag] loadEngineSessions: 原始条数 = 1
16:21:03 [log] [sess-diag] loadEngineSessions: reconcile 后 convos = 1 order = 1
16:21:03 [log] [sess-diag] loadEngineSessions: 耗时(ms) fetch = 34 repoRoots = 2 build+reconcile = 3 set = 2 total = 41
16:21:33 [log] [sess-diag] engineFetch GET /experimental/session?roots=true&limit=2000 -> HTTP 200 elapsed=50ms responseBytes=29599 engineUrl= http://127.0.0.1:61867 engineId= (default)
16:21:33 [log] [sess-diag] loadEngineSessions: 原始条数 = 1
16:21:34 [log] [sess-diag] loadEngineSessions: reconcile 后 convos = 1 order = 1
16:21:34 [log] [sess-diag] loadEngineSessions: 耗时(ms) fetch = 200 repoRoots = 39 build+reconcile = 3 set = 5 total = 247
16:22:03 [log] [sess-diag] engineFetch GET /experimental/session?roots=true&limit=2000 -> HTTP 200 elapsed=35ms responseBytes=29599 engineUrl= http://127.0.0.1:61867 engineId= (default)
16:22:03 [log] [sess-diag] loadEngineSessions: 原始条数 = 1
16:22:03 [log] [sess-diag] loadEngineSessions: reconcile 后 convos = 1 order = 1
16:22:03 [log] [sess-diag] loadEngineSessions: 耗时(ms) fetch = 111 repoRoots = 12 build+reconcile = 42 set = 19 total = 184
16:23:17 [info] [intervention] {"stage":"model.start","at":1790324597086,"requestId":"2774eef8ca6e11be","origin":"b5094fe8d78e452f","runId":"ad766690c5840010","sessionId":"b5094fe8d78e452f","userId":"2de0066204aa72e2","assistantId":"82fe983aa612fc18","ephemeral":false,"hasScope":true,"route":"upstream"}
16:23:17 [info] [intervention] {"stage":"fetch.start","at":1790324597100,"requestId":"2774eef8ca6e11be","origin":"b5094fe8d78e452f","runId":"ad766690c5840010","sessionId":"b5094fe8d78e452f","userId":"2de0066204aa72e2","assistantId":"82fe983aa612fc18","ephemeral":false,"hasScope":true,"protocol":"chat-completions","route":"upstream"}
16:23:18 [info] [intervention] {"stage":"fetch.response","at":1790324598945,"requestId":"2774eef8ca6e11be","origin":"b5094fe8d78e452f","runId":"ad766690c5840010","sessionId":"b5094fe8d78e452f","userId":"2de0066204aa72e2","assistantId":"82fe983aa612fc18","elapsedMs":1845,"status":200,"ephemeral":false,"hasScope":true,"protocol":"chat-completions","route":"upstream"}
16:23:19 [info] [intervention] {"stage":"output","at":1790324599528,"runId":"ad766690c5840010","sessionId":"b5094fe8d78e452f","assistantId":"82fe983aa612fc18","textChars":2,"reviewSkipped":false}
16:23:27 [log] [sess-diag] engineFetch GET /experimental/session?roots=true&limit=2000 -> HTTP 200 elapsed=1627ms responseBytes=29599 engineUrl= http://127.0.0.1:61867 engineId= (default)
16:23:27 [log] [sess-diag] loadEngineSessions: 原始条数 = 1
16:23:27 [log] [sess-diag] loadEngineSessions: reconcile 后 convos = 1 order = 1
16:23:27 [log] [sess-diag] loadEngineSessions: 耗时(ms) fetch = 2889 repoRoots = 56 build+reconcile = 24 set = 10 total = 2980
16:23:33 [log] [sess-diag] engineFetch GET /experimental/session?roots=true&limit=2000 -> HTTP 200 elapsed=61ms responseBytes=29599 engineUrl= http://127.0.0.1:61867 engineId= (default)
16:23:33 [log] [sess-diag] loadEngineSessions: 原始条数 = 1
16:23:33 [log] [sess-diag] loadEngineSessions: reconcile 后 convos = 1 order = 1
16:23:33 [log] [sess-diag] loadEngineSessions: 耗时(ms) fetch = 97 repoRoots = 35 build+reconcile = 3 set = 6 total = 140
16:23:40 [info] [intervention] {"stage":"model.start","at":1790324620305,"requestId":"2774eef8ca6e11be","origin":"b5094fe8d78e452f","runId":"ad766690c5840010","sessionId":"b5094fe8d78e452f","userId":"2de0066204aa72e2","assistantId":"07ecdd97a74d14ab","ephemeral":false,"hasScope":true,"route":"upstream"}
16:23:40 [info] [intervention] {"stage":"fetch.start","at":1790324620322,"requestId":"2774eef8ca6e11be","origin":"b5094fe8d78e452f","runId":"ad766690c5840010","sessionId":"b5094fe8d78e452f","userId":"2de0066204aa72e2","assistantId":"07ecdd97a74d14ab","ephemeral":false,"hasScope":true,"protocol":"chat-completions","route":"upstream"}
16:23:47 [info] [intervention] {"stage":"fetch.response","at":1790324627563,"requestId":"2774eef8ca6e11be","origin":"b5094fe8d78e452f","runId":"ad766690c5840010","sessionId":"b5094fe8d78e452f","userId":"2de0066204aa72e2","assistantId":"07ecdd97a74d14ab","elapsedMs":7241,"status":200,"ephemeral":false,"hasScope":true,"protocol":"chat-completions","route":"upstream"}
16:23:48 [info] [intervention] {"stage":"output","at":1790324628376,"runId":"ad766690c5840010","sessionId":"b5094fe8d78e452f","assistantId":"07ecdd97a74d14ab","textChars":7,"reviewSkipped":false}
16:24:03 [log] [sess-diag] engineFetch GET /experimental/session?roots=true&limit=2000 -> HTTP 200 elapsed=47ms responseBytes=29599 engineUrl= http://127.0.0.1:61867 engineId= (default)
16:24:03 [log] [sess-diag] loadEngineSessions: 原始条数 = 1
16:24:03 [log] [sess-diag] loadEngineSessions: reconcile 后 convos = 1 order = 1
16:24:03 [log] [sess-diag] loadEngineSessions: 耗时(ms) fetch = 55 repoRoots = 11 build+reconcile = 4 set = 4 total = 74
16:24:03 [info] [experiment] key=feature_gates id=101197 type=string value={\n    "domestic": { "show_mcp_entry": false, "show_custom_model_button": true, "loop_streak_recovery": true, "show_evolve_entry": true,"show_computeruse": false, "show_browseruse": false, "show_pay": … elapsed=1ms
16:24:03 [info] [feature-gates] refresh: ok (elapsed=14ms)
16:24:04 [info] [config] loading from: https://cdn-exp-sg-recommend.pt.xiaomi.com/service/getClientBitMapExpConf/mimoDesktop(%E6%96%B0%E5%8A%A0%E5%9D%A1)
16:24:04 [info] [config] loaded tree for mimoDesktop(新加坡): children=2, upRuleIds=0
16:24:04 [info] [config] remote config loaded: 1 apps
16:24:04 [info] [config] loaded successfully: 1 apps
16:24:33 [log] [sess-diag] engineFetch GET /experimental/session?roots=true&limit=2000 -> HTTP 200 elapsed=25ms responseBytes=29599 engineUrl= http://127.0.0.1:61867 engineId= (default)
16:24:33 [log] [sess-diag] loadEngineSessions: 原始条数 = 1
16:24:33 [log] [sess-diag] loadEngineSessions: reconcile 后 convos = 1 order = 1
16:24:33 [log] [sess-diag] loadEngineSessions: 耗时(ms) fetch = 45 repoRoots = 9 build+reconcile = 2 set = 2 total = 58
16:24:47 [info] [intervention] {"stage":"model.start","at":1790324687384,"requestId":"2774eef8ca6e11be","origin":"b5094fe8d78e452f","runId":"ad766690c5840010","sessionId":"b5094fe8d78e452f","userId":"2de0066204aa72e2","assistantId":"337baebc2d1906f3","ephemeral":false,"hasScope":true,"route":"upstream"}
16:24:47 [info] [intervention] {"stage":"fetch.start","at":1790324687401,"requestId":"2774eef8ca6e11be","origin":"b5094fe8d78e452f","runId":"ad766690c5840010","sessionId":"b5094fe8d78e452f","userId":"2de0066204aa72e2","assistantId":"337baebc2d1906f3","ephemeral":false,"hasScope":true,"protocol":"chat-completions","route":"upstream"}
16:24:49 [info] [intervention] {"stage":"fetch.response","at":1790324689459,"requestId":"2774eef8ca6e11be","origin":"b5094fe8d78e452f","runId":"ad766690c5840010","sessionId":"b5094fe8d78e452f","userId":"2de0066204aa72e2","assistantId":"337baebc2d1906f3","elapsedMs":2058,"status":200,"ephemeral":false,"hasScope":true,"protocol":"chat-completions","route":"upstream"}
16:24:51 [info] [intervention] {"stage":"output","at":1790324691016,"runId":"ad766690c5840010","sessionId":"b5094fe8d78e452f","assistantId":"337baebc2d1906f3","textChars":2,"reviewSkipped":false}
16:25:03 [log] [sess-diag] engineFetch GET /experimental/session?roots=true&limit=2000 -> HTTP 200 elapsed=40ms responseBytes=29599 engineUrl= http://127.0.0.1:61867 engineId= (default)
16:25:03 [log] [sess-diag] loadEngineSessions: 原始条数 = 1
16:25:03 [log] [sess-diag] loadEngineSessions: reconcile 后 convos = 1 order = 1
16:25:03 [log] [sess-diag] loadEngineSessions: 耗时(ms) fetch = 60 repoRoots = 10 build+reconcile = 3 set = 3 total = 76
16:25:33 [log] [sess-diag] engineFetch GET /experimental/session?roots=true&limit=2000 -> HTTP 200 elapsed=31ms responseBytes=29599 engineUrl= http://127.0.0.1:61867 engineId= (default)
16:25:33 [log] [sess-diag] loadEngineSessions: 原始条数 = 1
16:25:33 [log] [sess-diag] loadEngineSessions: reconcile 后 convos = 1 order = 1
16:25:33 [log] [sess-diag] loadEngineSessions: 耗时(ms) fetch = 42 repoRoots = 11 build+reconcile = 3 set = 2 total = 57
16:26:03 [log] [sess-diag] engineFetch GET /experimental/session?roots=true&limit=2000 -> HTTP 200 elapsed=20ms responseBytes=29599 engineUrl= http://127.0.0.1:61867 engineId= (default)
16:26:03 [log] [sess-diag] loadEngineSessions: 原始条数 = 1
16:26:03 [log] [sess-diag] loadEngineSessions: reconcile 后 convos = 1 order = 1
16:26:03 [log] [sess-diag] loadEngineSessions: 耗时(ms) fetch = 26 repoRoots = 11 build+reconcile = 2 set = 3 total = 42
16:26:33 [info] [intervention] {"stage":"model.start","at":1790324793765,"requestId":"2774eef8ca6e11be","origin":"b5094fe8d78e452f","runId":"ad766690c5840010","sessionId":"b5094fe8d78e452f","userId":"2de0066204aa72e2","assistantId":"d5b4ace5b458243b","ephemeral":false,"hasScope":true,"route":"upstream"}
16:26:33 [info] [intervention] {"stage":"fetch.start","at":1790324793782,"requestId":"2774eef8ca6e11be","origin":"b5094fe8d78e452f","runId":"ad766690c5840010","sessionId":"b5094fe8d78e452f","userId":"2de0066204aa72e2","assistantId":"d5b4ace5b458243b","ephemeral":false,"hasScope":true,"protocol":"chat-completions","route":"upstream"}
16:26:37 [info] [intervention] {"stage":"fetch.response","at":1790324797183,"requestId":"2774eef8ca6e11be","origin":"b5094fe8d78e452f","runId":"ad766690c5840010","sessionId":"b5094fe8d78e452f","userId":"2de0066204aa72e2","assistantId":"d5b4ace5b458243b","elapsedMs":3401,"status":200,"ephemeral":false,"hasScope":true,"protocol":"chat-completions","route":"upstream"}
16:26:37 [info] [intervention] {"stage":"output","at":1790324797920,"runId":"ad766690c5840010","sessionId":"b5094fe8d78e452f","assistantId":"d5b4ace5b458243b","textChars":4,"reviewSkipped":false}
16:26:45 [log] [sess-diag] engineFetch GET /experimental/session?roots=true&limit=2000 -> HTTP 200 elapsed=304ms responseBytes=29599 engineUrl= http://127.0.0.1:61867 engineId= (default)
16:26:45 [log] [sess-diag] loadEngineSessions: 原始条数 = 1
16:26:45 [log] [sess-diag] loadEngineSessions: reconcile 后 convos = 1 order = 1
16:26:45 [log] [sess-diag] loadEngineSessions: 耗时(ms) fetch = 414 repoRoots = 134 build+reconcile = 3 set = 2 total = 553
16:26:59 [log] [sess-diag] engineFetch GET /experimental/session?roots=true&limit=2000 -> HTTP 200 elapsed=400ms responseBytes=29599 engineUrl= http://127.0.0.1:61867 engineId= (default)
16:26:59 [log] [sess-diag] loadEngineSessions: 原始条数 = 1
16:26:59 [log] [sess-diag] loadEngineSessions: reconcile 后 convos = 1 order = 1
16:26:59 [log] [sess-diag] loadEngineSessions: 耗时(ms) fetch = 643 repoRoots = 91 build+reconcile = 3 set = 4 total = 740
16:27:18 [info] [boot] MiMo Desktop version=26.923.232338 platform=win32 arch=x64 os=Windows_NT/10.0.26200 sysver=10.0.26200 mem=7.7GB(free 1.6GB) edition=domestic packaged=true theme=system e2e=false authBypass=false logs=C:\Users\xiaomi\AppData\Roaming\Xiaomi MiMo\logs
16:27:18 [info] [terminal-env] snapshot source: win-registry
16:27:18 [info] [runtimes] injected env: MIMO_NODE,MIMO_NPM,MIMO_PYTHON,MIMO_QPDF,MIMO_GITHUB_MCP_SERVER,MIMO_NODE_MODULES,MIMO_RIPGREP_PATH,MIMO_ELECTRON_NODE_HOST,PYTHONDONTWRITEBYTECODE
16:27:18 [log] [api-base] cached-region reader injected after settle -> ignored
16:27:19 [log] [api-base] system-country reader injected after settle -> ignored
16:27:19 [info] [user-auth] init ok requiresCnAccount=true cachedRegion=CN localeCountry=CN
16:27:19 [info] [libreoffice-runtime] setup ready key=win32-x64 version=25.8.7 archive=160665171 bytes
16:27:19 [info] [on-demand-assets] setup ready descriptors=soundfont(1f),query-classifier(4f) not-configured=none
16:27:19 [info] [engine] reloadConfigOnNextSession (plugin change)
16:27:19 [error] [plugins] registry corrupt/unreadable at startup seed; closing automation HostMcp gate
16:27:19 [info] [engine] reloadConfigOnNextSession (plugin change)
16:27:19 [info] [plugins] setup ok count=0
16:27:19 [info] [apm] region=CN source=cache
16:27:19 [log] [evolve-observatory] evolve observatory server listening on 127.0.0.1:62321
16:27:19 [log] [mimo][api] listening on 127.0.0.1:62322
16:27:19 [info] [boot] app ready in 5425.31591796875ms
16:27:19 [error] [plugins] registry corrupt/unreadable at readiness settle; keeping automation HostMcp gate closed
16:27:19 [info] [engine] reloadConfigOnNextSession (plugin change)
16:27:19 [info] [presentation-host] started socket=C:\Users\xiaomi\AppData\Roaming\Xiaomi MiMo\presentation-host\f5f684e8a08a.sock
16:27:20 [info] [application] activated (main window created)
16:27:20 [info] [tray] enabled=true
16:27:20 [info] [updater] setup begin
16:27:20 [info] [updater] setup platform=win32 packaged=true version=26.923.232338 e2e=false
16:27:20 [info] [updater/win] transaction reconcile kind=none
16:27:20 [info] [updater/win] auto-updater path feed=https://mimocode-cdn.xiaomimimo.com/mimocode/mimodesktop/manifest.json
16:27:20 [info] [engine] prewarm startEngine
16:27:20 [info] [plugins] automation background startup settled {"elapsedMs":1611}
16:27:24 [info] [db] prewarm ok in 4704ms
16:27:24 [info] [artifacts] reconciliation starting
16:27:24 [info] [win-shortcut] icon-fixed C:\Users\xiaomi\AppData\Roaming\Microsoft\Windows\Start Menu\Programs\Xiaomi MiMo.lnk → C:\Users\xiaomi\AppData\Local\Programs\Xiaomi MiMo\Xiaomi MiMo.exe
16:27:24 [info] [updater/win-shortcut] repaired 1 shortcut(s) forceIconRefresh=false
16:27:24 [log] [xiaomi-auth] probeStatus start (hidden-window path)
16:27:25 [info] [engine] HostMcp runtime available=true
16:27:25 [info] [engine] reloadConfigOnNextSession (plugin change)
16:27:32 [log] [DeviceId] generated:
16:27:32 [info] [query-classification] ready
16:27:37 [log] [xiaomi-auth] probeStatus done kind=indeterminate
16:27:37 [info] [user-auth] initialize done xiaomi-logged-in=false
16:27:37 [error] [xiaomi-auth] hidden session preparation failed Error: ERR_FAILED (-2) loading 'https://mimo-server-cn.xiaomimimo.com/api/user/xiaomi/me'\n    at rejectAndCleanup (node:electron/js2c/browser_init:2:89772)\n    at finishListener (node:electron/js2c/browser_init:2:89934)\n    at WebContents.stopLoadingListener (node:electron/js2c/browser_init:2:90321)\n    at WebContents.emit (node:events:521:24)
16:27:37 [info] Checking for update
16:27:37 [info] [libreoffice-runtime] prefetch start key=win32-x64 version=25.8.7
16:27:38 [info] [on-demand-assets] prefetch start queue=[soundfont,query-classifier]
16:27:38 [info] [on-demand-assets] soundfont cache-hit (1 files);skip download
16:27:38 [info] [on-demand-assets] query-classifier cache-hit (4 files);skip download
16:27:38 [info] [libreoffice-runtime] cache-hit exact (version=25.8.7);skip download
16:27:38 [log] [xiaomi-auth] probeStatus start (hidden-window path)
16:27:38 [log] [model-catalog] xiaomi login not confirmed -> skip fetch, keep cache
16:27:39 [log] [mimo] engine in-process server ready http://127.0.0.1:54830
16:27:39 [info] [engine] prewarm ok
16:27:39 [info] [mimo] loop_streak_recovery=on · experimental crop enabled for next requests
16:27:40 [info] Update for version 26.923.232338 is not available (latest version: 26.923.232338, downgrade is disallowed).
16:27:41 [error] (node:8680) [DEP0180] DeprecationWarning: fs.Stats constructor is deprecated.\n(Use `Xiaomi MiMo --trace-deprecation ...` to show where the warning was created)
16:27:42 [log] [xiaomi-auth] probeStatus done kind=authenticated userId=602054437
16:27:44 [info] [experiment] initializing app=mimoDesktop(新加坡) env=ksmoscloudsrv service=<sdk-default>
16:27:44 [info] [config] loading from: https://cdn-exp-sg-recommend.pt.xiaomi.com/service/getClientBitMapExpConf/mimoDesktop(%E6%96%B0%E5%8A%A0%E5%9D%A1)
16:27:47 [log] [sess-diag] engineFetch GET /experimental/session?roots=true&limit=2000 -> HTTP 200 elapsed=4550ms responseBytes=29599 engineUrl= http://127.0.0.1:54830 engineId= (default)
16:27:47 [log] [sess-diag] loadEngineSessions: 原始条数 = 1
16:27:47 [log] [sess-diag] loadEngineSessions: reconcile 后 convos = 1 order = 1
16:27:47 [log] [sess-diag] loadEngineSessions: 耗时(ms) fetch = 7083 repoRoots = 2509 build+reconcile = 8 set = 3 total = 9603
16:27:47 [info] [config] loaded tree for mimoDesktop(新加坡): children=2, upRuleIds=0
16:27:47 [info] [config] remote config loaded: 1 apps
16:27:47 [info] [config] loaded successfully: 1 apps
16:27:47 [info] [experiment] key=feature_gates id=101197 type=string value={\n    "domestic": { "show_mcp_entry": false, "show_custom_model_button": true, "loop_streak_recovery": true, "show_evolve_entry": true,"show_computeruse": false, "show_browseruse": false, "show_pay": … elapsed=2814ms
16:27:47 [info] [feature-gates] refresh: ok (elapsed=2826ms)
16:27:47 [info] [artifacts] reconciliation started
16:27:52 [log] [sess-diag] engineFetch GET /session/ses_ffe5f298357dfffeN82Wln2VmT/recovery -> HTTP 200 elapsed=142ms responseBytes=151 engineUrl= http://127.0.0.1:54830 engineId= (default)
16:27:52 [log] [sess-diag] engineFetch GET /session/ses_ffe5f298357dfffeN82Wln2VmT/message -> HTTP 200 elapsed=92ms responseBytes=1105864 engineUrl= http://127.0.0.1:54830 engineId= (default)
16:27:54 [log] [sess-diag] engineFetch GET /session/ses_ffe5f298357dfffeN82Wln2VmT/actors -> HTTP 200 elapsed=356ms responseBytes=406 engineUrl= http://127.0.0.1:54830 engineId= (default)
16:28:07 [log] [sess-diag] engineFetch GET /experimental/session?roots=true&limit=2000 -> HTTP 200 elapsed=70ms responseBytes=29599 engineUrl= http://127.0.0.1:54830 engineId= (default)
16:28:07 [log] [sess-diag] loadEngineSessions: 原始条数 = 1
16:28:07 [log] [sess-diag] loadEngineSessions: reconcile 后 convos = 1 order = 1
16:28:07 [log] [sess-diag] loadEngineSessions: 耗时(ms) fetch = 82 repoRoots = 5 build+reconcile = 4 set = 2 total = 93
16:28:13 [info] [intervention] {"stage":"query","at":1790324893223,"requestId":"f4d480cb7b703369","origin":"b5094fe8d78e452f","elapsedMs":119,"textChars":21,"queryChars":21,"truncated":false,"result":"miss","reviewId":"mimo-intv-mimo_pc_input_text-170acbf1bf56474f8bced2a16c1b99cc"}
16:28:13 [info] [content-review] app=mimo_pc_input_text source=input why=oneshot batch=cc29e72e3d73cd0d api=/api/audit/check len=21 images=0 sha=9949b7fbd393 session=ses_ffe5f298357dfffeN82Wln2VmT elapsed=180ms verdict=pass reviewId=mimo-mimo_pc_input_text-f8a851d500154b5b8ac6fe324fe73363 detail=[serverVerdict=pass resultCode=1 subCode=9 aigc=- hints=0 detailsLen=0 resp=[passed=pass resultCode=1 reviewId=mimo-mimo_pc_input_text-f8a851d500154b5b8ac6fe324fe73363 offlineReason= offlineDetails=[0 chars] hint=[0 items] subCode=9 aigc=null]]
16:28:13 [info] [intervention] {"stage":"prepared","at":1790324893410,"requestId":"f4d480cb7b703369","origin":"b5094fe8d78e452f","elapsedMs":307,"textChars":21,"result":"ready","reviewId":"mimo-intv-mimo_pc_input_text-170acbf1bf56474f8bced2a16c1b99cc"}
16:28:13 [info] [intervention] {"stage":"claim","at":1790324893441,"requestId":"f4d480cb7b703369","origin":"b5094fe8d78e452f","sessionId":"b5094fe8d78e452f","elapsedMs":338,"textChars":21,"reviewId":"mimo-intv-mimo_pc_input_text-170acbf1bf56474f8bced2a16c1b99cc"}
16:28:13 [info] [smart-router] {"origin":"ses_ffe5f298357dfffeN82Wln2VmT","model":"mimo-pro"}
16:28:13 [info] [harness] session origin=ses_ffe5f298357dfffeN82Wln2VmT sid=ses_ffe5f298357dfffeN82Wln2VmT source=user msgLen=21
16:28:13 [info] [turn-power-save] acquired sysId=0 mode=prevent-app-suspension first=run:ses_ffe5f298357dfffeN82Wln2VmT
16:28:13 [info] [intervention] {"stage":"dispatch","at":1790324893942,"requestId":"f4d480cb7b703369","origin":"b5094fe8d78e452f","runId":"6a1bb30fa868c39a","sessionId":"b5094fe8d78e452f","elapsedMs":839,"textChars":21,"reviewId":"mimo-intv-mimo_pc_input_text-170acbf1bf56474f8bced2a16c1b99cc"}
16:28:14 [info] [intervention] {"stage":"user-bound","at":1790324894360,"requestId":"f4d480cb7b703369","origin":"b5094fe8d78e452f","runId":"6a1bb30fa868c39a","sessionId":"b5094fe8d78e452f","userId":"beb3482d86f56100","elapsedMs":1257,"textChars":21,"reviewId":"mimo-intv-mimo_pc_input_text-170acbf1bf56474f8bced2a16c1b99cc"}
16:28:15 [info] [intervention] {"stage":"model.start","at":1790324895404,"requestId":"f4d480cb7b703369","origin":"b5094fe8d78e452f","runId":"6a1bb30fa868c39a","sessionId":"b5094fe8d78e452f","userId":"beb3482d86f56100","assistantId":"3dca01abbed69fc4","ephemeral":false,"hasScope":true,"route":"upstream"}
16:28:15 [info] [intervention] {"stage":"fetch.start","at":1790324895443,"requestId":"f4d480cb7b703369","origin":"b5094fe8d78e452f","runId":"6a1bb30fa868c39a","sessionId":"b5094fe8d78e452f","userId":"beb3482d86f56100","assistantId":"3dca01abbed69fc4","ephemeral":false,"hasScope":true,"protocol":"chat-completions","route":"upstream"}
16:28:17 [info] [intervention] {"stage":"fetch.response","at":1790324897811,"requestId":"f4d480cb7b703369","origin":"b5094fe8d78e452f","runId":"6a1bb30fa868c39a","sessionId":"b5094fe8d78e452f","userId":"beb3482d86f56100","assistantId":"3dca01abbed69fc4","elapsedMs":2368,"status":200,"ephemeral":false,"hasScope":true,"protocol":"chat-completions","route":"upstream"}
16:28:22 [info] [content-review/turn-binding] note-no-slot key=ses_ffe5f298357dfffeN82Wln2VmT anchor=msg:msg_g001a0d7adecf20017OSKo5ii1
16:28:22 [info] [intervention] {"stage":"output","at":1790324902320,"runId":"6a1bb30fa868c39a","sessionId":"b5094fe8d78e452f","assistantId":"3dca01abbed69fc4","textChars":5,"reviewSkipped":false}
16:28:37 [log] [sess-diag] engineFetch GET /experimental/session?roots=true&limit=2000 -> HTTP 200 elapsed=112ms responseBytes=29599 engineUrl= http://127.0.0.1:54830 engineId= (default)
16:28:37 [log] [sess-diag] loadEngineSessions: 原始条数 = 1
16:28:37 [log] [sess-diag] loadEngineSessions: reconcile 后 convos = 1 order = 1
16:28:37 [log] [sess-diag] loadEngineSessions: 耗时(ms) fetch = 117 repoRoots = 12 build+reconcile = 3 set = 3 total = 134
16:28:43 [log] [perm-autopass] allow permission=bash
16:28:59 [log] [sess-diag] engineFetch GET /experimental/session?roots=true&limit=2000 -> HTTP 200 elapsed=57ms responseBytes=29599 engineUrl= http://127.0.0.1:54830 engineId= (default)
16:28:59 [log] [sess-diag] loadEngineSessions: 原始条数 = 1
16:28:59 [log] [sess-diag] loadEngineSessions: reconcile 后 convos = 1 order = 1
16:28:59 [log] [sess-diag] loadEngineSessions: 耗时(ms) fetch = 64 repoRoots = 15 build+reconcile = 6 set = 6 total = 92
16:29:02 [info] [intervention] {"stage":"model.start","at":1790324942385,"requestId":"f4d480cb7b703369","origin":"b5094fe8d78e452f","runId":"6a1bb30fa868c39a","sessionId":"b5094fe8d78e452f","userId":"beb3482d86f56100","assistantId":"e82ea0b66c634b4c","ephemeral":false,"hasScope":true,"route":"upstream"}
16:29:02 [info] [intervention] {"stage":"fetch.start","at":1790324942408,"requestId":"f4d480cb7b703369","origin":"b5094fe8d78e452f","runId":"6a1bb30fa868c39a","sessionId":"b5094fe8d78e452f","userId":"beb3482d86f56100","assistantId":"e82ea0b66c634b4c","ephemeral":false,"hasScope":true,"protocol":"chat-completions","route":"upstream"}
16:29:04 [info] [intervention] {"stage":"fetch.response","at":1790324944853,"requestId":"f4d480cb7b703369","origin":"b5094fe8d78e452f","runId":"6a1bb30fa868c39a","sessionId":"b5094fe8d78e452f","userId":"beb3482d86f56100","assistantId":"e82ea0b66c634b4c","elapsedMs":2445,"status":200,"ephemeral":false,"hasScope":true,"protocol":"chat-completions","route":"upstream"}
16:29:06 [info] [intervention] {"stage":"output","at":1790324946871,"runId":"6a1bb30fa868c39a","sessionId":"b5094fe8d78e452f","assistantId":"e82ea0b66c634b4c","textChars":1,"reviewSkipped":false}
16:29:07 [log] [sess-diag] engineFetch GET /experimental/session?roots=true&limit=2000 -> HTTP 200 elapsed=76ms responseBytes=29599 engineUrl= http://127.0.0.1:54830 engineId= (default)
16:29:07 [log] [sess-diag] loadEngineSessions: 原始条数 = 1
16:29:07 [log] [sess-diag] loadEngineSessions: reconcile 后 convos = 1 order = 1
16:29:07 [log] [sess-diag] loadEngineSessions: 耗时(ms) fetch = 107 repoRoots = 67 build+reconcile = 2 set = 2 total = 178
16:29:17 [log] [perm-autopass] allow permission=bash
16:29:23 [info] [intervention] {"stage":"model.start","at":1790324963852,"requestId":"f4d480cb7b703369","origin":"b5094fe8d78e452f","runId":"6a1bb30fa868c39a","sessionId":"b5094fe8d78e452f","userId":"beb3482d86f56100","assistantId":"6748724a3155ce5e","ephemeral":false,"hasScope":true,"route":"upstream"}
16:29:23 [info] [intervention] {"stage":"fetch.start","at":1790324963872,"requestId":"f4d480cb7b703369","origin":"b5094fe8d78e452f","runId":"6a1bb30fa868c39a","sessionId":"b5094fe8d78e452f","userId":"beb3482d86f56100","assistantId":"6748724a3155ce5e","ephemeral":false,"hasScope":true,"protocol":"chat-completions","route":"upstream"}
16:29:32 [info] [intervention] {"stage":"fetch.response","at":1790324972200,"requestId":"f4d480cb7b703369","origin":"b5094fe8d78e452f","runId":"6a1bb30fa868c39a","sessionId":"b5094fe8d78e452f","userId":"beb3482d86f56100","assistantId":"6748724a3155ce5e","elapsedMs":8328,"status":200,"ephemeral":false,"hasScope":true,"protocol":"chat-completions","route":"upstream"}
16:29:39 [info] [intervention] {"stage":"model.start","at":1790324979531,"requestId":"f4d480cb7b703369","origin":"b5094fe8d78e452f","runId":"6a1bb30fa868c39a","sessionId":"b5094fe8d78e452f","userId":"beb3482d86f56100","assistantId":"6748724a3155ce5e","ephemeral":false,"hasScope":true,"route":"upstream"}
16:29:39 [info] [intervention] {"stage":"fetch.start","at":1790324979559,"requestId":"f4d480cb7b703369","origin":"b5094fe8d78e452f","runId":"6a1bb30fa868c39a","sessionId":"b5094fe8d78e452f","userId":"beb3482d86f56100","assistantId":"6748724a3155ce5e","ephemeral":false,"hasScope":true,"protocol":"chat-completions","route":"upstream"}
16:29:39 [log] [sess-diag] engineFetch GET /experimental/session?roots=true&limit=2000 -> HTTP 200 elapsed=100ms responseBytes=29599 engineUrl= http://127.0.0.1:54830 engineId= (default)
16:29:39 [log] [sess-diag] loadEngineSessions: 原始条数 = 1
16:29:39 [log] [sess-diag] loadEngineSessions: reconcile 后 convos = 1 order = 1
16:29:39 [log] [sess-diag] loadEngineSessions: 耗时(ms) fetch = 166 repoRoots = 30 build+reconcile = 14 set = 6 total = 216
16:29:40 [log] [sess-diag] engineFetch GET /experimental/session?roots=true&limit=2000 -> HTTP 200 elapsed=67ms responseBytes=29599 engineUrl= http://127.0.0.1:54830 engineId= (default)
16:29:40 [log] [sess-diag] loadEngineSessions: 原始条数 = 1
16:29:40 [log] [sess-diag] loadEngineSessions: reconcile 后 convos = 1 order = 1
16:29:40 [log] [sess-diag] loadEngineSessions: 耗时(ms) fetch = 128 repoRoots = 36 build+reconcile = 48 set = 2 total = 214
16:29:40 [log] [sess-diag] engineFetch GET /experimental/session?roots=true&limit=2000 -> HTTP 200 elapsed=77ms responseBytes=29599 engineUrl= http://127.0.0.1:54830 engineId= (default)
16:29:40 [log] [sess-diag] loadEngineSessions: 原始条数 = 1
16:29:41 [log] [sess-diag] loadEngineSessions: reconcile 后 convos = 1 order = 1
16:29:41 [log] [sess-diag] loadEngineSessions: 耗时(ms) fetch = 104 repoRoots = 16 build+reconcile = 4 set = 2 total = 126
16:29:42 [info] [intervention] {"stage":"fetch.response","at":1790324982678,"requestId":"f4d480cb7b703369","origin":"b5094fe8d78e452f","runId":"6a1bb30fa868c39a","sessionId":"b5094fe8d78e452f","userId":"beb3482d86f56100","assistantId":"6748724a3155ce5e","elapsedMs":3119,"status":200,"ephemeral":false,"hasScope":true,"protocol":"chat-completions","route":"upstream"}
16:29:51 [log] [perm-autopass] allow permission=bash
16:30:00 [log] [perm-autopass] allow permission=bash
16:31:59 [log] [sess-diag] engineFetch GET /experimental/session?roots=true&limit=2000 -> HTTP 200 elapsed=103ms responseBytes=29599 engineUrl= http://127.0.0.1:54830 engineId= (default)
16:31:59 [log] [sess-diag] loadEngineSessions: 原始条数 = 1
16:31:59 [log] [sess-diag] loadEngineSessions: reconcile 后 convos = 1 order = 1
16:31:59 [log] [sess-diag] loadEngineSessions: 耗时(ms) fetch = 107 repoRoots = 76 build+reconcile = 6 set = 3 total = 192
16:32:01 [info] [intervention] {"stage":"model.start","at":1790325121912,"requestId":"f4d480cb7b703369","origin":"b5094fe8d78e452f","runId":"6a1bb30fa868c39a","sessionId":"b5094fe8d78e452f","userId":"beb3482d86f56100","assistantId":"0e6e7196e2165f24","ephemeral":false,"hasScope":true,"route":"upstream"}
16:32:01 [info] [intervention] {"stage":"fetch.start","at":1790325121929,"requestId":"f4d480cb7b703369","origin":"b5094fe8d78e452f","runId":"6a1bb30fa868c39a","sessionId":"b5094fe8d78e452f","userId":"beb3482d86f56100","assistantId":"0e6e7196e2165f24","ephemeral":false,"hasScope":true,"protocol":"chat-completions","route":"upstream"}
16:32:06 [log] [sess-diag] engineFetch GET /experimental/session?roots=true&limit=2000 -> HTTP 200 elapsed=44ms responseBytes=29599 engineUrl= http://127.0.0.1:54830 engineId= (default)
16:32:06 [log] [sess-diag] loadEngineSessions: 原始条数 = 1
16:32:06 [log] [sess-diag] loadEngineSessions: reconcile 后 convos = 1 order = 1
16:32:06 [log] [sess-diag] loadEngineSessions: 耗时(ms) fetch = 49 repoRoots = 10 build+reconcile = 4 set = 4 total = 68
16:32:06 [info] [intervention] {"stage":"fetch.response","at":1790325126576,"requestId":"f4d480cb7b703369","origin":"b5094fe8d78e452f","runId":"6a1bb30fa868c39a","sessionId":"b5094fe8d78e452f","userId":"beb3482d86f56100","assistantId":"0e6e7196e2165f24","elapsedMs":4647,"status":200,"ephemeral":false,"hasScope":true,"protocol":"chat-completions","route":"upstream"}
16:32:07 [log] [sess-diag] engineFetch GET /experimental/session?roots=true&limit=2000 -> HTTP 200 elapsed=34ms responseBytes=29599 engineUrl= http://127.0.0.1:54830 engineId= (default)
16:32:07 [log] [sess-diag] loadEngineSessions: 原始条数 = 1
16:32:07 [log] [sess-diag] loadEngineSessions: reconcile 后 convos = 1 order = 1
16:32:07 [log] [sess-diag] loadEngineSessions: 耗时(ms) fetch = 37 repoRoots = 13 build+reconcile = 2 set = 1 total = 52
16:32:20 [log] [perm-autopass] allow permission=bash
16:32:26 [log] [perm-autopass] allow permission=bash
16:32:38 [log] [sess-diag] engineFetch GET /experimental/session?roots=true&limit=2000 -> HTTP 200 elapsed=86ms responseBytes=29599 engineUrl= http://127.0.0.1:54830 engineId= (default)
16:32:38 [log] [sess-diag] loadEngineSessions: 原始条数 = 1
16:32:38 [log] [sess-diag] loadEngineSessions: reconcile 后 convos = 1 order = 1
16:32:38 [log] [sess-diag] loadEngineSessions: 耗时(ms) fetch = 124 repoRoots = 24 build+reconcile = 6 set = 4 total = 158
16:32:40 [info] [intervention] {"stage":"model.start","at":1790325160783,"requestId":"f4d480cb7b703369","origin":"b5094fe8d78e452f","runId":"6a1bb30fa868c39a","sessionId":"b5094fe8d78e452f","userId":"beb3482d86f56100","assistantId":"e1ab126a0168d739","ephemeral":false,"hasScope":true,"route":"upstream"}
16:32:40 [info] [intervention] {"stage":"fetch.start","at":1790325160830,"requestId":"f4d480cb7b703369","origin":"b5094fe8d78e452f","runId":"6a1bb30fa868c39a","sessionId":"b5094fe8d78e452f","userId":"beb3482d86f56100","assistantId":"e1ab126a0168d739","ephemeral":false,"hasScope":true,"protocol":"chat-completions","route":"upstream"}
16:32:42 [info] [intervention] {"stage":"fetch.response","at":1790325162957,"requestId":"f4d480cb7b703369","origin":"b5094fe8d78e452f","runId":"6a1bb30fa868c39a","sessionId":"b5094fe8d78e452f","userId":"beb3482d86f56100","assistantId":"e1ab126a0168d739","elapsedMs":2127,"status":200,"ephemeral":false,"hasScope":true,"protocol":"chat-completions","route":"upstream"}
16:32:43 [log] [sess-diag] engineFetch GET /experimental/session?roots=true&limit=2000 -> HTTP 200 elapsed=162ms responseBytes=29599 engineUrl= http://127.0.0.1:54830 engineId= (default)
16:32:43 [log] [sess-diag] loadEngineSessions: 原始条数 = 1
16:32:43 [log] [sess-diag] loadEngineSessions: reconcile 后 convos = 1 order = 1
16:32:43 [log] [sess-diag] loadEngineSessions: 耗时(ms) fetch = 356 repoRoots = 20 build+reconcile = 7 set = 2 total = 386
16:32:46 [info] [intervention] {"stage":"query","at":1790325166973,"requestId":"fcdf8a9ff2be4432","origin":"b5094fe8d78e452f","elapsedMs":8,"textChars":0,"result":"skipped"}
16:32:48 [warn] [content-review] app=mimo_pc_input_image source=input_image why=oneshot batch=47a18f200d702076 api=/api/audit/check len=0 images=1 sha=b07ac7c29e28 session=ses_ffe5f298357dfffeN82Wln2VmT file=[mimo-paste-1790325165965-uebzwq.png] media=[n=1 out=87KB tx=284ms] elapsed=1296ms verdict=unavailable reviewId=- reason=[review timeout (1000ms)]
16:32:48 [info] [intervention] {"stage":"prepared","at":1790325168275,"requestId":"fcdf8a9ff2be4432","origin":"b5094fe8d78e452f","elapsedMs":1310,"textChars":0,"result":"ready"}
16:32:48 [info] [intervention] {"stage":"claim","at":1790325168295,"requestId":"fcdf8a9ff2be4432","origin":"b5094fe8d78e452f","sessionId":"b5094fe8d78e452f","elapsedMs":1330,"textChars":0}
16:32:48 [info] [intervention] {"stage":"dispatch","at":1790325168383,"requestId":"fcdf8a9ff2be4432","origin":"b5094fe8d78e452f","runId":"6a1bb30fa868c39a","sessionId":"b5094fe8d78e452f","elapsedMs":1418,"textChars":0}
16:32:48 [info] [intervention] {"stage":"user-bound","at":1790325168494,"requestId":"fcdf8a9ff2be4432","origin":"b5094fe8d78e452f","runId":"6a1bb30fa868c39a","sessionId":"b5094fe8d78e452f","userId":"4390bccf7ef1d2bd","elapsedMs":1529,"textChars":0}
16:32:54 [log] [perm-autopass] allow permission=bash
16:33:05 [log] [sess-diag] engineFetch GET /experimental/session?roots=true&limit=2000 -> HTTP 200 elapsed=50ms responseBytes=29599 engineUrl= http://127.0.0.1:54830 engineId= (default)
16:33:05 [log] [sess-diag] loadEngineSessions: 原始条数 = 1
16:33:05 [log] [sess-diag] loadEngineSessions: reconcile 后 convos = 1 order = 1
16:33:05 [log] [sess-diag] loadEngineSessions: 耗时(ms) fetch = 57 repoRoots = 12 build+reconcile = 3 set = 5 total = 77
16:33:06 [info] [intervention] {"stage":"model.start","at":1790325186624,"requestId":"fcdf8a9ff2be4432","origin":"b5094fe8d78e452f","runId":"6a1bb30fa868c39a","sessionId":"b5094fe8d78e452f","userId":"4390bccf7ef1d2bd","assistantId":"f5479a0590676924","ephemeral":false,"hasScope":true,"route":"upstream"}
16:33:06 [info] [intervention] {"stage":"fetch.start","at":1790325186642,"requestId":"fcdf8a9ff2be4432","origin":"b5094fe8d78e452f","runId":"6a1bb30fa868c39a","sessionId":"b5094fe8d78e452f","userId":"4390bccf7ef1d2bd","assistantId":"f5479a0590676924","ephemeral":false,"hasScope":true,"protocol":"chat-completions","route":"upstream"}
16:33:06 [log] [sess-diag] [white-screen-up] {"id":"ses_ffe5f298357dfffeN82Wln2VmT","upDelta":1406,"prevTop":7200.66650390625,"top":5794.66650390625,"clientHeight":883,"prevScrollHeight":8083,"scrollHeight":6677,"following":true,"lastPinSource":"floor","stack":"Error: white-screen-up-scroll\n    at Fn (app://-/renderer/assets/ThreadView-D9cl-a57.js:1:5217)\n    at HTMLDivElement.A (app://-/renderer/assets/ThreadView-D9cl-a57.js:1:24046)"}
16:33:07 [log] [sess-diag] engineFetch GET /experimental/session?roots=true&limit=2000 -> HTTP 200 elapsed=33ms responseBytes=29599 engineUrl= http://127.0.0.1:54830 engineId= (default)
16:33:07 [log] [sess-diag] loadEngineSessions: 原始条数 = 1
16:33:07 [log] [sess-diag] loadEngineSessions: reconcile 后 convos = 1 order = 1
16:33:07 [log] [sess-diag] loadEngineSessions: 耗时(ms) fetch = 42 repoRoots = 7 build+reconcile = 2 set = 1 total = 53
16:33:19 [info] [intervention] {"stage":"fetch.response","at":1790325199726,"requestId":"fcdf8a9ff2be4432","origin":"b5094fe8d78e452f","runId":"6a1bb30fa868c39a","sessionId":"b5094fe8d78e452f","userId":"4390bccf7ef1d2bd","assistantId":"f5479a0590676924","elapsedMs":13084,"status":200,"ephemeral":false,"hasScope":true,"protocol":"chat-completions","route":"upstream"}
16:33:37 [log] [sess-diag] engineFetch GET /experimental/session?roots=true&limit=2000 -> HTTP 200 elapsed=34ms responseBytes=29599 engineUrl= http://127.0.0.1:54830 engineId= (default)
16:33:37 [log] [sess-diag] loadEngineSessions: 原始条数 = 1
16:33:37 [log] [sess-diag] loadEngineSessions: reconcile 后 convos = 1 order = 1
16:33:37 [log] [sess-diag] loadEngineSessions: 耗时(ms) fetch = 39 repoRoots = 10 build+reconcile = 4 set = 2 total = 55
16:34:07 [log] [sess-diag] engineFetch GET /experimental/session?roots=true&limit=2000 -> HTTP 200 elapsed=35ms responseBytes=29599 engineUrl= http://127.0.0.1:54830 engineId= (default)
16:34:07 [log] [sess-diag] loadEngineSessions: 原始条数 = 1
16:34:07 [log] [sess-diag] loadEngineSessions: reconcile 后 convos = 1 order = 1
16:34:07 [log] [sess-diag] loadEngineSessions: 耗时(ms) fetch = 44 repoRoots = 10 build+reconcile = 4 set = 1 total = 59
16:34:37 [log] [sess-diag] engineFetch GET /experimental/session?roots=true&limit=2000 -> HTTP 200 elapsed=52ms responseBytes=29599 engineUrl= http://127.0.0.1:54830 engineId= (default)
16:34:37 [log] [sess-diag] loadEngineSessions: 原始条数 = 1
16:34:37 [log] [sess-diag] loadEngineSessions: reconcile 后 convos = 1 order = 1
16:34:37 [log] [sess-diag] loadEngineSessions: 耗时(ms) fetch = 58 repoRoots = 9 build+reconcile = 3 set = 1 total = 72
16:35:07 [log] [sess-diag] engineFetch GET /experimental/session?roots=true&limit=2000 -> HTTP 200 elapsed=33ms responseBytes=29599 engineUrl= http://127.0.0.1:54830 engineId= (default)
16:35:07 [log] [sess-diag] loadEngineSessions: 原始条数 = 1
16:35:07 [log] [sess-diag] loadEngineSessions: reconcile 后 convos = 1 order = 1
16:35:07 [log] [sess-diag] loadEngineSessions: 耗时(ms) fetch = 41 repoRoots = 8 build+reconcile = 2 set = 1 total = 52
16:35:37 [log] [sess-diag] engineFetch GET /experimental/session?roots=true&limit=2000 -> HTTP 200 elapsed=35ms responseBytes=29599 engineUrl= http://127.0.0.1:54830 engineId= (default)
16:35:37 [log] [sess-diag] loadEngineSessions: 原始条数 = 1
16:35:37 [log] [sess-diag] loadEngineSessions: reconcile 后 convos = 1 order = 1
16:35:37 [log] [sess-diag] loadEngineSessions: 耗时(ms) fetch = 38 repoRoots = 5 build+reconcile = 3 set = 1 total = 46
16:36:07 [log] [sess-diag] engineFetch GET /experimental/session?roots=true&limit=2000 -> HTTP 200 elapsed=22ms responseBytes=29599 engineUrl= http://127.0.0.1:54830 engineId= (default)
16:36:07 [log] [sess-diag] loadEngineSessions: 原始条数 = 1
16:36:07 [log] [sess-diag] loadEngineSessions: reconcile 后 convos = 1 order = 1
16:36:07 [log] [sess-diag] loadEngineSessions: 耗时(ms) fetch = 30 repoRoots = 6 build+reconcile = 2 set = 1 total = 39
16:36:17 [info] [intervention] {"stage":"output","at":1790325377537,"runId":"6a1bb30fa868c39a","sessionId":"b5094fe8d78e452f","assistantId":"f5479a0590676924","textChars":2,"reviewSkipped":false}
16:36:28 [log] [perm-autopass] allow permission=bash
16:36:34 [info] [intervention] {"stage":"model.start","at":1790325394726,"requestId":"fcdf8a9ff2be4432","origin":"b5094fe8d78e452f","runId":"6a1bb30fa868c39a","sessionId":"b5094fe8d78e452f","userId":"4390bccf7ef1d2bd","assistantId":"0a4e04e3943123e9","ephemeral":false,"hasScope":true,"route":"upstream"}
16:36:34 [info] [intervention] {"stage":"fetch.start","at":1790325394747,"requestId":"fcdf8a9ff2be4432","origin":"b5094fe8d78e452f","runId":"6a1bb30fa868c39a","sessionId":"b5094fe8d78e452f","userId":"4390bccf7ef1d2bd","assistantId":"0a4e04e3943123e9","ephemeral":false,"hasScope":true,"protocol":"chat-completions","route":"upstream"}
16:36:37 [log] [sess-diag] engineFetch GET /experimental/session?roots=true&limit=2000 -> HTTP 200 elapsed=50ms responseBytes=29599 engineUrl= http://127.0.0.1:54830 engineId= (default)
16:36:37 [log] [sess-diag] loadEngineSessions: 原始条数 = 1
16:36:37 [log] [sess-diag] loadEngineSessions: reconcile 后 convos = 1 order = 1
16:36:37 [log] [sess-diag] loadEngineSessions: 耗时(ms) fetch = 56 repoRoots = 11 build+reconcile = 3 set = 2 total = 71
16:36:42 [info] [intervention] {"stage":"fetch.response","at":1790325402328,"requestId":"fcdf8a9ff2be4432","origin":"b5094fe8d78e452f","runId":"6a1bb30fa868c39a","sessionId":"b5094fe8d78e452f","userId":"4390bccf7ef1d2bd","assistantId":"0a4e04e3943123e9","elapsedMs":7581,"status":200,"ephemeral":false,"hasScope":true,"protocol":"chat-completions","route":"upstream"}
16:36:46 [info] [intervention] {"stage":"output","at":1790325406329,"runId":"6a1bb30fa868c39a","sessionId":"b5094fe8d78e452f","assistantId":"0a4e04e3943123e9","textChars":1,"reviewSkipped":false}
16:36:50 [log] [perm-autopass] allow permission=bash
16:36:56 [info] [intervention] {"stage":"model.start","at":1790325416219,"requestId":"fcdf8a9ff2be4432","origin":"b5094fe8d78e452f","runId":"6a1bb30fa868c39a","sessionId":"b5094fe8d78e452f","userId":"4390bccf7ef1d2bd","assistantId":"599e0cd107241d35","ephemeral":false,"hasScope":true,"route":"upstream"}
16:36:56 [info] [intervention] {"stage":"fetch.start","at":1790325416236,"requestId":"fcdf8a9ff2be4432","origin":"b5094fe8d78e452f","runId":"6a1bb30fa868c39a","sessionId":"b5094fe8d78e452f","userId":"4390bccf7ef1d2bd","assistantId":"599e0cd107241d35","ephemeral":false,"hasScope":true,"protocol":"chat-completions","route":"upstream"}
16:37:05 [info] [intervention] {"stage":"fetch.response","at":1790325425775,"requestId":"fcdf8a9ff2be4432","origin":"b5094fe8d78e452f","runId":"6a1bb30fa868c39a","sessionId":"b5094fe8d78e452f","userId":"4390bccf7ef1d2bd","assistantId":"599e0cd107241d35","elapsedMs":9539,"status":200,"ephemeral":false,"hasScope":true,"protocol":"chat-completions","route":"upstream"}
16:37:07 [log] [sess-diag] engineFetch GET /experimental/session?roots=true&limit=2000 -> HTTP 200 elapsed=49ms responseBytes=29599 engineUrl= http://127.0.0.1:54830 engineId= (default)
16:37:07 [log] [sess-diag] loadEngineSessions: 原始条数 = 1
16:37:07 [log] [sess-diag] loadEngineSessions: reconcile 后 convos = 1 order = 1
16:37:07 [log] [sess-diag] loadEngineSessions: 耗时(ms) fetch = 53 repoRoots = 28 build+reconcile = 2 set = 1 total = 85
16:37:10 [log] [perm-autopass] allow permission=bash
16:37:16 [info] [intervention] {"stage":"model.start","at":1790325436998,"requestId":"fcdf8a9ff2be4432","origin":"b5094fe8d78e452f","runId":"6a1bb30fa868c39a","sessionId":"b5094fe8d78e452f","userId":"4390bccf7ef1d2bd","assistantId":"ffa8fd45ae03f73a","ephemeral":false,"hasScope":true,"route":"upstream"}
16:37:17 [info] [intervention] {"stage":"fetch.start","at":1790325437018,"requestId":"fcdf8a9ff2be4432","origin":"b5094fe8d78e452f","runId":"6a1bb30fa868c39a","sessionId":"b5094fe8d78e452f","userId":"4390bccf7ef1d2bd","assistantId":"ffa8fd45ae03f73a","ephemeral":false,"hasScope":true,"protocol":"chat-completions","route":"upstream"}
16:37:19 [info] [experiment] key=feature_gates id=101197 type=string value={\n    "domestic": { "show_mcp_entry": false, "show_custom_model_button": true, "loop_streak_recovery": true, "show_evolve_entry": true,"show_computeruse": false, "show_browseruse": false, "show_pay": … elapsed=5ms
16:37:19 [info] [feature-gates] refresh: ok (elapsed=48ms)
16:37:23 [info] [intervention] {"stage":"fetch.response","at":1790325443983,"requestId":"fcdf8a9ff2be4432","origin":"b5094fe8d78e452f","runId":"6a1bb30fa868c39a","sessionId":"b5094fe8d78e452f","userId":"4390bccf7ef1d2bd","assistantId":"ffa8fd45ae03f73a","elapsedMs":6965,"status":200,"ephemeral":false,"hasScope":true,"protocol":"chat-completions","route":"upstream"}
16:37:37 [log] [sess-diag] engineFetch GET /experimental/session?roots=true&limit=2000 -> HTTP 200 elapsed=53ms responseBytes=29599 engineUrl= http://127.0.0.1:54830 engineId= (default)
16:37:37 [log] [sess-diag] loadEngineSessions: 原始条数 = 1
16:37:37 [log] [sess-diag] loadEngineSessions: reconcile 后 convos = 1 order = 1
16:37:37 [log] [sess-diag] loadEngineSessions: 耗时(ms) fetch = 61 repoRoots = 7 build+reconcile = 2 set = 1 total = 71
16:37:47 [info] [config] loading from: https://cdn-exp-sg-recommend.pt.xiaomi.com/service/getClientBitMapExpConf/mimoDesktop(%E6%96%B0%E5%8A%A0%E5%9D%A1)
16:37:47 [info] [config] loaded tree for mimoDesktop(新加坡): children=2, upRuleIds=0
16:37:47 [info] [config] remote config loaded: 1 apps
16:37:47 [info] [config] loaded successfully: 1 apps
16:38:07 [log] [sess-diag] engineFetch GET /experimental/session?roots=true&limit=2000 -> HTTP 200 elapsed=68ms responseBytes=29599 engineUrl= http://127.0.0.1:54830 engineId= (default)
16:38:07 [log] [sess-diag] loadEngineSessions: 原始条数 = 1
16:38:07 [log] [sess-diag] loadEngineSessions: reconcile 后 convos = 1 order = 1
16:38:07 [log] [sess-diag] loadEngineSessions: 耗时(ms) fetch = 198 repoRoots = 5 build+reconcile = 2 set = 1 total = 206
16:38:19 [info] [intervention] {"stage":"output","at":1790325499119,"runId":"6a1bb30fa868c39a","sessionId":"b5094fe8d78e452f","assistantId":"ffa8fd45ae03f73a","textChars":2,"reviewSkipped":false}
16:38:30 [log] [perm-autopass] allow permission=bash
16:38:36 [log] [perm-autopass] allow permission=bash
16:38:37 [log] [sess-diag] engineFetch GET /experimental/session?roots=true&limit=2000 -> HTTP 200 elapsed=22ms responseBytes=29599 engineUrl= http://127.0.0.1:54830 engineId= (default)
16:38:37 [log] [sess-diag] loadEngineSessions: 原始条数 = 1
16:38:37 [log] [sess-diag] loadEngineSessions: reconcile 后 convos = 1 order = 1
16:38:37 [log] [sess-diag] loadEngineSessions: 耗时(ms) fetch = 28 repoRoots = 8 build+reconcile = 4 set = 1 total = 41
16:38:43 [info] [intervention] {"stage":"model.start","at":1790325523431,"requestId":"fcdf8a9ff2be4432","origin":"b5094fe8d78e452f","runId":"6a1bb30fa868c39a","sessionId":"b5094fe8d78e452f","userId":"4390bccf7ef1d2bd","assistantId":"94142d4bbdefda3e","ephemeral":false,"hasScope":true,"route":"upstream"}
16:38:43 [info] [intervention] {"stage":"fetch.start","at":1790325523452,"requestId":"fcdf8a9ff2be4432","origin":"b5094fe8d78e452f","runId":"6a1bb30fa868c39a","sessionId":"b5094fe8d78e452f","userId":"4390bccf7ef1d2bd","assistantId":"94142d4bbdefda3e","ephemeral":false,"hasScope":true,"protocol":"chat-completions","route":"upstream"}
16:38:51 [info] [intervention] {"stage":"fetch.response","at":1790325531898,"requestId":"fcdf8a9ff2be4432","origin":"b5094fe8d78e452f","runId":"6a1bb30fa868c39a","sessionId":"b5094fe8d78e452f","userId":"4390bccf7ef1d2bd","assistantId":"94142d4bbdefda3e","elapsedMs":8445,"status":200,"ephemeral":false,"hasScope":true,"protocol":"chat-completions","route":"upstream"}
16:39:07 [log] [sess-diag] engineFetch GET /experimental/session?roots=true&limit=2000 -> HTTP 200 elapsed=35ms responseBytes=29599 engineUrl= http://127.0.0.1:54830 engineId= (default)
16:39:07 [log] [sess-diag] loadEngineSessions: 原始条数 = 1
16:39:07 [log] [sess-diag] loadEngineSessions: reconcile 后 convos = 1 order = 1
16:39:07 [log] [sess-diag] loadEngineSessions: 耗时(ms) fetch = 39 repoRoots = 2 build+reconcile = 2 set = 2 total = 45
16:39:24 [info] [intervention] {"stage":"output","at":1790325564951,"runId":"6a1bb30fa868c39a","sessionId":"b5094fe8d78e452f","assistantId":"94142d4bbdefda3e","textChars":1,"reviewSkipped":false}
16:39:37 [log] [sess-diag] engineFetch GET /experimental/session?roots=true&limit=2000 -> HTTP 200 elapsed=32ms responseBytes=29599 engineUrl= http://127.0.0.1:54830 engineId= (default)
16:39:37 [log] [sess-diag] loadEngineSessions: 原始条数 = 1
16:39:37 [log] [sess-diag] loadEngineSessions: reconcile 后 convos = 1 order = 1
16:39:37 [log] [sess-diag] loadEngineSessions: 耗时(ms) fetch = 37 repoRoots = 2 build+reconcile = 3 set = 2 total = 43
16:39:45 [log] [perm-autopass] allow permission=bash
16:39:51 [info] [intervention] {"stage":"model.start","at":1790325591501,"requestId":"fcdf8a9ff2be4432","origin":"b5094fe8d78e452f","runId":"6a1bb30fa868c39a","sessionId":"b5094fe8d78e452f","userId":"4390bccf7ef1d2bd","assistantId":"63bd827d94aa4f3c","ephemeral":false,"hasScope":true,"route":"upstream"}
16:39:51 [info] [intervention] {"stage":"fetch.start","at":1790325591519,"requestId":"fcdf8a9ff2be4432","origin":"b5094fe8d78e452f","runId":"6a1bb30fa868c39a","sessionId":"b5094fe8d78e452f","userId":"4390bccf7ef1d2bd","assistantId":"63bd827d94aa4f3c","ephemeral":false,"hasScope":true,"protocol":"chat-completions","route":"upstream"}
16:40:07 [log] [sess-diag] engineFetch GET /experimental/session?roots=true&limit=2000 -> HTTP 200 elapsed=49ms responseBytes=29599 engineUrl= http://127.0.0.1:54830 engineId= (default)
16:40:07 [log] [sess-diag] loadEngineSessions: 原始条数 = 1
16:40:07 [log] [sess-diag] loadEngineSessions: reconcile 后 convos = 1 order = 1
16:40:07 [log] [sess-diag] loadEngineSessions: 耗时(ms) fetch = 56 repoRoots = 8 build+reconcile = 3 set = 2 total = 69
16:40:17 [info] [intervention] {"stage":"fetch.response","at":1790325617208,"requestId":"fcdf8a9ff2be4432","origin":"b5094fe8d78e452f","runId":"6a1bb30fa868c39a","sessionId":"b5094fe8d78e452f","userId":"4390bccf7ef1d2bd","assistantId":"63bd827d94aa4f3c","elapsedMs":25689,"status":200,"ephemeral":false,"hasScope":true,"protocol":"chat-completions","route":"upstream"}
16:40:29 [info] [intervention] {"stage":"output","at":1790325629300,"runId":"6a1bb30fa868c39a","sessionId":"b5094fe8d78e452f","assistantId":"63bd827d94aa4f3c","textChars":1,"reviewSkipped":false}
16:40:35 [log] [perm-autopass] allow permission=bash
16:40:37 [log] [sess-diag] engineFetch GET /experimental/session?roots=true&limit=2000 -> HTTP 200 elapsed=34ms responseBytes=29599 engineUrl= http://127.0.0.1:54830 engineId= (default)
16:40:37 [log] [sess-diag] loadEngineSessions: 原始条数 = 1
16:40:37 [log] [sess-diag] loadEngineSessions: reconcile 后 convos = 1 order = 1
16:40:37 [log] [sess-diag] loadEngineSessions: 耗时(ms) fetch = 54 repoRoots = 3 build+reconcile = 2 set = 2 total = 61
16:40:42 [info] [intervention] {"stage":"model.start","at":1790325642244,"requestId":"fcdf8a9ff2be4432","origin":"b5094fe8d78e452f","runId":"6a1bb30fa868c39a","sessionId":"b5094fe8d78e452f","userId":"4390bccf7ef1d2bd","assistantId":"c4d045b8e80aff8b","ephemeral":false,"hasScope":true,"route":"upstream"}
16:40:42 [info] [intervention] {"stage":"fetch.start","at":1790325642261,"requestId":"fcdf8a9ff2be4432","origin":"b5094fe8d78e452f","runId":"6a1bb30fa868c39a","sessionId":"b5094fe8d78e452f","userId":"4390bccf7ef1d2bd","assistantId":"c4d045b8e80aff8b","ephemeral":false,"hasScope":true,"protocol":"chat-completions","route":"upstream"}
16:40:47 [info] [intervention] {"stage":"fetch.response","at":1790325647270,"requestId":"fcdf8a9ff2be4432","origin":"b5094fe8d78e452f","runId":"6a1bb30fa868c39a","sessionId":"b5094fe8d78e452f","userId":"4390bccf7ef1d2bd","assistantId":"c4d045b8e80aff8b","elapsedMs":5009,"status":200,"ephemeral":false,"hasScope":true,"protocol":"chat-completions","route":"upstream"}
16:41:07 [log] [sess-diag] engineFetch GET /experimental/session?roots=true&limit=2000 -> HTTP 200 elapsed=23ms responseBytes=29599 engineUrl= http://127.0.0.1:54830 engineId= (default)
16:41:07 [log] [sess-diag] loadEngineSessions: 原始条数 = 1
16:41:07 [log] [sess-diag] loadEngineSessions: reconcile 后 convos = 1 order = 1
16:41:07 [log] [sess-diag] loadEngineSessions: 耗时(ms) fetch = 29 repoRoots = 6 build+reconcile = 2 set = 2 total = 39
16:41:09 [info] [intervention] {"stage":"output","at":1790325669794,"runId":"6a1bb30fa868c39a","sessionId":"b5094fe8d78e452f","assistantId":"c4d045b8e80aff8b","textChars":2,"reviewSkipped":false}
16:41:19 [log] [perm-autopass] allow permission=bash
16:41:25 [info] [intervention] {"stage":"model.start","at":1790325685981,"requestId":"fcdf8a9ff2be4432","origin":"b5094fe8d78e452f","runId":"6a1bb30fa868c39a","sessionId":"b5094fe8d78e452f","userId":"4390bccf7ef1d2bd","assistantId":"264358d41665066b","ephemeral":false,"hasScope":true,"route":"upstream"}
16:41:25 [info] [intervention] {"stage":"fetch.start","at":1790325685998,"requestId":"fcdf8a9ff2be4432","origin":"b5094fe8d78e452f","runId":"6a1bb30fa868c39a","sessionId":"b5094fe8d78e452f","userId":"4390bccf7ef1d2bd","assistantId":"264358d41665066b","ephemeral":false,"hasScope":true,"protocol":"chat-completions","route":"upstream"}
16:41:37 [log] [sess-diag] engineFetch GET /experimental/session?roots=true&limit=2000 -> HTTP 200 elapsed=34ms responseBytes=29599 engineUrl= http://127.0.0.1:54830 engineId= (default)
16:41:37 [log] [sess-diag] loadEngineSessions: 原始条数 = 1
16:41:37 [log] [sess-diag] loadEngineSessions: reconcile 后 convos = 1 order = 1
16:41:37 [log] [sess-diag] loadEngineSessions: 耗时(ms) fetch = 39 repoRoots = 3 build+reconcile = 2 set = 2 total = 46
16:41:51 [info] [intervention] {"stage":"fetch.response","at":1790325711527,"requestId":"fcdf8a9ff2be4432","origin":"b5094fe8d78e452f","runId":"6a1bb30fa868c39a","sessionId":"b5094fe8d78e452f","userId":"4390bccf7ef1d2bd","assistantId":"264358d41665066b","elapsedMs":25528,"status":200,"ephemeral":false,"hasScope":true,"protocol":"chat-completions","route":"upstream"}
16:42:06 [info] [intervention] {"stage":"output","at":1790325726983,"runId":"6a1bb30fa868c39a","sessionId":"b5094fe8d78e452f","assistantId":"264358d41665066b","textChars":2,"reviewSkipped":false}
16:42:07 [log] [sess-diag] engineFetch GET /experimental/session?roots=true&limit=2000 -> HTTP 200 elapsed=80ms responseBytes=29599 engineUrl= http://127.0.0.1:54830 engineId= (default)
16:42:07 [log] [sess-diag] loadEngineSessions: 原始条数 = 1
16:42:07 [log] [sess-diag] loadEngineSessions: reconcile 后 convos = 1 order = 1
16:42:07 [log] [sess-diag] loadEngineSessions: 耗时(ms) fetch = 133 repoRoots = 20 build+reconcile = 2 set = 1 total = 156
16:42:16 [log] [perm-autopass] allow permission=bash
16:42:22 [log] [perm-autopass] allow permission=bash
16:42:33 [log] [sess-diag] engineFetch GET /experimental/session?roots=true&limit=2000 -> HTTP 200 elapsed=41ms responseBytes=29599 engineUrl= http://127.0.0.1:54830 engineId= (default)
16:42:33 [log] [sess-diag] loadEngineSessions: 原始条数 = 1
16:42:33 [log] [sess-diag] loadEngineSessions: reconcile 后 convos = 1 order = 1
16:42:33 [log] [sess-diag] loadEngineSessions: 耗时(ms) fetch = 56 repoRoots = 24 build+reconcile = 2 set = 2 total = 84
16:42:35 [log] [sess-diag] engineFetch GET /experimental/session?roots=true&limit=2000 -> HTTP 200 elapsed=23ms responseBytes=29599 engineUrl= http://127.0.0.1:54830 engineId= (default)
16:42:35 [log] [sess-diag] loadEngineSessions: 原始条数 = 1
16:42:35 [log] [sess-diag] loadEngineSessions: reconcile 后 convos = 1 order = 1
16:42:35 [log] [sess-diag] loadEngineSessions: 耗时(ms) fetch = 38 repoRoots = 2 build+reconcile = 2 set = 1 total = 42
16:42:36 [log] [sess-diag] engineFetch GET /experimental/session?roots=true&limit=2000 -> HTTP 200 elapsed=52ms responseBytes=29599 engineUrl= http://127.0.0.1:54830 engineId= (default)
16:42:36 [log] [sess-diag] loadEngineSessions: 原始条数 = 1
16:42:36 [log] [sess-diag] loadEngineSessions: reconcile 后 convos = 1 order = 1
16:42:36 [log] [sess-diag] loadEngineSessions: 耗时(ms) fetch = 64 repoRoots = 2 build+reconcile = 2 set = 1 total = 69
16:42:37 [log] [sess-diag] engineFetch GET /experimental/session?roots=true&limit=2000 -> HTTP 200 elapsed=24ms responseBytes=29599 engineUrl= http://127.0.0.1:54830 engineId= (default)
16:42:37 [log] [sess-diag] loadEngineSessions: 原始条数 = 1
16:42:37 [log] [sess-diag] loadEngineSessions: reconcile 后 convos = 1 order = 1
16:42:37 [log] [sess-diag] loadEngineSessions: 耗时(ms) fetch = 39 repoRoots = 73 build+reconcile = 2 set = 1 total = 114
16:42:38 [info] [intervention] {"stage":"query","at":1790325758513,"requestId":"429d86ae4f68da1b","origin":"b5094fe8d78e452f","elapsedMs":15,"textChars":0,"result":"skipped"}
16:42:39 [info] [content-review] app=mimo_pc_input_image source=input_image why=oneshot batch=30acbe70ef0a7fce api=/api/audit/check len=0 images=1 sha=23521b8ef505 session=ses_ffe5f298357dfffeN82Wln2VmT file=[mimo-paste-1790325757854-bo32z4.png] media=[n=1 out=85KB tx=155ms] elapsed=907ms verdict=pass reviewId=mimo-mimo_pc_input_image-72591ecf166a4fbca1f6dda94b7eca09 detail=[serverVerdict=pass resultCode=1 subCode=9 aigc=- hints=0 detailsLen=0 resp=[passed=pass resultCode=1 reviewId=mimo-mimo_pc_input_image-72591ecf166a4fbca1f6dda94b7eca09 offlineReason= offlineDetails=[0 chars] hint=[0 items] subCode=9 aigc=null]]
16:42:39 [info] [intervention] {"stage":"prepared","at":1790325759426,"requestId":"429d86ae4f68da1b","origin":"b5094fe8d78e452f","elapsedMs":928,"textChars":0,"result":"ready"}
16:42:39 [info] [intervention] {"stage":"claim","at":1790325759437,"requestId":"429d86ae4f68da1b","origin":"b5094fe8d78e452f","sessionId":"b5094fe8d78e452f","elapsedMs":939,"textChars":0}
16:42:39 [info] [intervention] {"stage":"dispatch","at":1790325759508,"requestId":"429d86ae4f68da1b","origin":"b5094fe8d78e452f","runId":"6a1bb30fa868c39a","sessionId":"b5094fe8d78e452f","elapsedMs":1010,"textChars":0}
16:42:39 [info] [intervention] {"stage":"user-bound","at":1790325759609,"requestId":"429d86ae4f68da1b","origin":"b5094fe8d78e452f","runId":"6a1bb30fa868c39a","sessionId":"b5094fe8d78e452f","userId":"cd479cbb958cea83","elapsedMs":1111,"textChars":0}
16:43:07 [log] [sess-diag] engineFetch GET /experimental/session?roots=true&limit=2000 -> HTTP 200 elapsed=31ms responseBytes=29599 engineUrl= http://127.0.0.1:54830 engineId= (default)
16:43:07 [log] [sess-diag] loadEngineSessions: 原始条数 = 1
16:43:07 [log] [sess-diag] loadEngineSessions: reconcile 后 convos = 1 order = 1
16:43:07 [log] [sess-diag] loadEngineSessions: 耗时(ms) fetch = 35 repoRoots = 3 build+reconcile = 2 set = 2 total = 43
16:43:23 [info] [intervention] {"stage":"model.start","at":1790325803394,"requestId":"429d86ae4f68da1b","origin":"b5094fe8d78e452f","runId":"6a1bb30fa868c39a","sessionId":"b5094fe8d78e452f","userId":"cd479cbb958cea83","assistantId":"316d07536a551e94","ephemeral":false,"hasScope":true,"route":"upstream"}
16:43:23 [info] [intervention] {"stage":"fetch.start","at":1790325803413,"requestId":"429d86ae4f68da1b","origin":"b5094fe8d78e452f","runId":"6a1bb30fa868c39a","sessionId":"b5094fe8d78e452f","userId":"cd479cbb958cea83","assistantId":"316d07536a551e94","ephemeral":false,"hasScope":true,"protocol":"chat-completions","route":"upstream"}
16:43:30 [info] [intervention] {"stage":"fetch.response","at":1790325810844,"requestId":"429d86ae4f68da1b","origin":"b5094fe8d78e452f","runId":"6a1bb30fa868c39a","sessionId":"b5094fe8d78e452f","userId":"cd479cbb958cea83","assistantId":"316d07536a551e94","elapsedMs":7431,"status":200,"ephemeral":false,"hasScope":true,"protocol":"chat-completions","route":"upstream"}
16:43:37 [log] [sess-diag] engineFetch GET /experimental/session?roots=true&limit=2000 -> HTTP 200 elapsed=69ms responseBytes=29599 engineUrl= http://127.0.0.1:54830 engineId= (default)
16:43:37 [log] [sess-diag] loadEngineSessions: 原始条数 = 1
16:43:37 [log] [sess-diag] loadEngineSessions: reconcile 后 convos = 1 order = 1
16:43:37 [log] [sess-diag] loadEngineSessions: 耗时(ms) fetch = 174 repoRoots = 11 build+reconcile = 2 set = 1 total = 188
16:44:07 [log] [sess-diag] engineFetch GET /experimental/session?roots=true&limit=2000 -> HTTP 200 elapsed=36ms responseBytes=29599 engineUrl= http://127.0.0.1:54830 engineId= (default)
16:44:07 [log] [sess-diag] loadEngineSessions: 原始条数 = 1
16:44:07 [log] [sess-diag] loadEngineSessions: reconcile 后 convos = 1 order = 1
16:44:07 [log] [sess-diag] loadEngineSessions: 耗时(ms) fetch = 54 repoRoots = 11 build+reconcile = 2 set = 1 total = 69
16:44:37 [log] [sess-diag] engineFetch GET /experimental/session?roots=true&limit=2000 -> HTTP 200 elapsed=35ms responseBytes=29599 engineUrl= http://127.0.0.1:54830 engineId= (default)
16:44:37 [log] [sess-diag] loadEngineSessions: 原始条数 = 1
16:44:37 [log] [sess-diag] loadEngineSessions: reconcile 后 convos = 1 order = 1
16:44:37 [log] [sess-diag] loadEngineSessions: 耗时(ms) fetch = 39 repoRoots = 11 build+reconcile = 2 set = 2 total = 54
16:44:58 [info] [intervention] {"stage":"output","at":1790325898521,"runId":"6a1bb30fa868c39a","sessionId":"b5094fe8d78e452f","assistantId":"316d07536a551e94","textChars":3,"reviewSkipped":false}
16:45:07 [log] [sess-diag] engineFetch GET /experimental/session?roots=true&limit=2000 -> HTTP 200 elapsed=35ms responseBytes=29599 engineUrl= http://127.0.0.1:54830 engineId= (default)
16:45:07 [log] [sess-diag] loadEngineSessions: 原始条数 = 1
16:45:07 [log] [sess-diag] loadEngineSessions: reconcile 后 convos = 1 order = 1
16:45:07 [log] [sess-diag] loadEngineSessions: 耗时(ms) fetch = 42 repoRoots = 8 build+reconcile = 2 set = 1 total = 53
16:45:15 [log] [perm-autopass] allow permission=bash
16:45:21 [info] [intervention] {"stage":"model.start","at":1790325921695,"requestId":"429d86ae4f68da1b","origin":"b5094fe8d78e452f","runId":"6a1bb30fa868c39a","sessionId":"b5094fe8d78e452f","userId":"cd479cbb958cea83","assistantId":"1714fcde2e3c0033","ephemeral":false,"hasScope":true,"route":"upstream"}
16:45:21 [info] [intervention] {"stage":"fetch.start","at":1790325921715,"requestId":"429d86ae4f68da1b","origin":"b5094fe8d78e452f","runId":"6a1bb30fa868c39a","sessionId":"b5094fe8d78e452f","userId":"cd479cbb958cea83","assistantId":"1714fcde2e3c0033","ephemeral":false,"hasScope":true,"protocol":"chat-completions","route":"upstream"}
16:45:28 [info] [intervention] {"stage":"fetch.response","at":1790325928696,"requestId":"429d86ae4f68da1b","origin":"b5094fe8d78e452f","runId":"6a1bb30fa868c39a","sessionId":"b5094fe8d78e452f","userId":"cd479cbb958cea83","assistantId":"1714fcde2e3c0033","elapsedMs":6981,"status":200,"ephemeral":false,"hasScope":true,"protocol":"chat-completions","route":"upstream"}
16:45:29 [info] [intervention] {"stage":"output","at":1790325929808,"runId":"6a1bb30fa868c39a","sessionId":"b5094fe8d78e452f","assistantId":"1714fcde2e3c0033","textChars":1,"reviewSkipped":false}
16:45:37 [log] [sess-diag] engineFetch GET /experimental/session?roots=true&limit=2000 -> HTTP 200 elapsed=32ms responseBytes=29599 engineUrl= http://127.0.0.1:54830 engineId= (default)
16:45:37 [log] [sess-diag] loadEngineSessions: 原始条数 = 1
16:45:37 [log] [sess-diag] loadEngineSessions: reconcile 后 convos = 1 order = 1
16:45:37 [log] [sess-diag] loadEngineSessions: 耗时(ms) fetch = 36 repoRoots = 2 build+reconcile = 2 set = 2 total = 42
16:45:41 [log] [perm-autopass] allow permission=bash
16:45:46 [info] [intervention] {"stage":"model.start","at":1790325946487,"requestId":"429d86ae4f68da1b","origin":"b5094fe8d78e452f","runId":"6a1bb30fa868c39a","sessionId":"b5094fe8d78e452f","userId":"cd479cbb958cea83","assistantId":"1f08f610228b3c00","ephemeral":false,"hasScope":true,"route":"upstream"}
16:45:46 [info] [intervention] {"stage":"fetch.start","at":1790325946509,"requestId":"429d86ae4f68da1b","origin":"b5094fe8d78e452f","runId":"6a1bb30fa868c39a","sessionId":"b5094fe8d78e452f","userId":"cd479cbb958cea83","assistantId":"1f08f610228b3c00","ephemeral":false,"hasScope":true,"protocol":"chat-completions","route":"upstream"}
16:45:55 [info] [intervention] {"stage":"fetch.response","at":1790325955715,"requestId":"429d86ae4f68da1b","origin":"b5094fe8d78e452f","runId":"6a1bb30fa868c39a","sessionId":"b5094fe8d78e452f","userId":"cd479cbb958cea83","assistantId":"1f08f610228b3c00","elapsedMs":9206,"status":200,"ephemeral":false,"hasScope":true,"protocol":"chat-completions","route":"upstream"}
16:45:56 [info] [intervention] {"stage":"output","at":1790325956114,"runId":"6a1bb30fa868c39a","sessionId":"b5094fe8d78e452f","assistantId":"1f08f610228b3c00","textChars":5,"reviewSkipped":false}
16:46:04 [log] [perm-autopass] allow permission=bash
16:46:07 [log] [sess-diag] engineFetch GET /experimental/session?roots=true&limit=2000 -> HTTP 200 elapsed=25ms responseBytes=29599 engineUrl= http://127.0.0.1:54830 engineId= (default)
16:46:07 [log] [sess-diag] loadEngineSessions: 原始条数 = 1
16:46:07 [log] [sess-diag] loadEngineSessions: reconcile 后 convos = 1 order = 1
16:46:07 [log] [sess-diag] loadEngineSessions: 耗时(ms) fetch = 39 repoRoots = 3 build+reconcile = 4 set = 2 total = 48
16:46:09 [log] [perm-autopass] allow permission=bash
16:46:29 [info] [intervention] {"stage":"model.start","at":1790325989476,"requestId":"429d86ae4f68da1b","origin":"b5094fe8d78e452f","runId":"6a1bb30fa868c39a","sessionId":"b5094fe8d78e452f","userId":"cd479cbb958cea83","assistantId":"16d3d0e98b37bda7","ephemeral":false,"hasScope":true,"route":"upstream"}
16:46:29 [info] [intervention] {"stage":"fetch.start","at":1790325989495,"requestId":"429d86ae4f68da1b","origin":"b5094fe8d78e452f","runId":"6a1bb30fa868c39a","sessionId":"b5094fe8d78e452f","userId":"cd479cbb958cea83","assistantId":"16d3d0e98b37bda7","ephemeral":false,"hasScope":true,"protocol":"chat-completions","route":"upstream"}
16:46:36 [info] [intervention] {"stage":"fetch.response","at":1790325996025,"requestId":"429d86ae4f68da1b","origin":"b5094fe8d78e452f","runId":"6a1bb30fa868c39a","sessionId":"b5094fe8d78e452f","userId":"cd479cbb958cea83","assistantId":"16d3d0e98b37bda7","elapsedMs":6530,"status":200,"ephemeral":false,"hasScope":true,"protocol":"chat-completions","route":"upstream"}
16:46:37 [log] [sess-diag] engineFetch GET /experimental/session?roots=true&limit=2000 -> HTTP 200 elapsed=35ms responseBytes=29599 engineUrl= http://127.0.0.1:54830 engineId= (default)
16:46:37 [log] [sess-diag] loadEngineSessions: 原始条数 = 1
16:46:37 [log] [sess-diag] loadEngineSessions: reconcile 后 convos = 1 order = 1
16:46:37 [log] [sess-diag] loadEngineSessions: 耗时(ms) fetch = 39 repoRoots = 12 build+reconcile = 2 set = 1 total = 54
16:46:43 [log] [sess-diag] engineFetch GET /experimental/session?roots=true&limit=2000 -> HTTP 200 elapsed=72ms responseBytes=29599 engineUrl= http://127.0.0.1:54830 engineId= (default)
16:46:43 [log] [sess-diag] loadEngineSessions: 原始条数 = 1
16:46:43 [log] [sess-diag] loadEngineSessions: reconcile 后 convos = 1 order = 1
16:46:43 [log] [sess-diag] loadEngineSessions: 耗时(ms) fetch = 88 repoRoots = 15 build+reconcile = 2 set = 1 total = 106
16:46:49 [info] [intervention] {"stage":"output","at":1790326009085,"runId":"6a1bb30fa868c39a","sessionId":"b5094fe8d78e452f","assistantId":"16d3d0e98b37bda7","textChars":7,"reviewSkipped":false}
16:46:59 [log] [perm-model-approve] start permission=bash model=mimo-pro
16:47:02 [log] [perm-model-approve] http candidate=session:mimo-pro protocol=openai model=mimo-pro host=mimo-server-cn.xiaomimimo.com probe=true status=200
16:47:02 [log] [perm-model-approve] probe candidate=session model=mimo-pro ok=true
16:47:06 [log] [perm-model-approve] http candidate=session:mimo-pro protocol=openai model=mimo-pro host=mimo-server-cn.xiaomimimo.com probe=false status=200
16:47:06 [log] [perm-model-approve] judge permission=bash candidate=session model=mimo-pro queries=3 decision=ask
16:47:07 [log] [sess-diag] engineFetch GET /experimental/session?roots=true&limit=2000 -> HTTP 200 elapsed=33ms responseBytes=29599 engineUrl= http://127.0.0.1:54830 engineId= (default)
16:47:07 [log] [sess-diag] loadEngineSessions: 原始条数 = 1
16:47:07 [log] [sess-diag] loadEngineSessions: reconcile 后 convos = 1 order = 1
16:47:07 [log] [sess-diag] loadEngineSessions: 耗时(ms) fetch = 39 repoRoots = 8 build+reconcile = 3 set = 1 total = 50
16:47:19 [info] [experiment] key=feature_gates id=101197 type=string value={\n    "domestic": { "show_mcp_entry": false, "show_custom_model_button": true, "loop_streak_recovery": true, "show_evolve_entry": true,"show_computeruse": false, "show_browseruse": false, "show_pay": … elapsed=2ms
16:47:19 [info] [feature-gates] refresh: ok (elapsed=21ms)
16:47:41 [log] [sess-diag] engineFetch GET /experimental/session?roots=true&limit=2000 -> HTTP 200 elapsed=43ms responseBytes=29599 engineUrl= http://127.0.0.1:54830 engineId= (default)
16:47:41 [log] [sess-diag] loadEngineSessions: 原始条数 = 1
16:47:41 [log] [sess-diag] loadEngineSessions: reconcile 后 convos = 1 order = 1
16:47:41 [log] [sess-diag] loadEngineSessions: 耗时(ms) fetch = 61 repoRoots = 31 build+reconcile = 4 set = 3 total = 99
16:47:42 [info] [intervention] {"stage":"model.start","at":1790326062501,"requestId":"429d86ae4f68da1b","origin":"b5094fe8d78e452f","runId":"6a1bb30fa868c39a","sessionId":"b5094fe8d78e452f","userId":"cd479cbb958cea83","assistantId":"678dd32070c3976b","ephemeral":false,"hasScope":true,"route":"upstream"}
16:47:42 [info] [intervention] {"stage":"fetch.start","at":1790326062523,"requestId":"429d86ae4f68da1b","origin":"b5094fe8d78e452f","runId":"6a1bb30fa868c39a","sessionId":"b5094fe8d78e452f","userId":"cd479cbb958cea83","assistantId":"678dd32070c3976b","ephemeral":false,"hasScope":true,"protocol":"chat-completions","route":"upstream"}
16:47:47 [info] [config] loading from: https://cdn-exp-sg-recommend.pt.xiaomi.com/service/getClientBitMapExpConf/mimoDesktop(%E6%96%B0%E5%8A%A0%E5%9D%A1)
16:47:47 [info] [config] loaded tree for mimoDesktop(新加坡): children=2, upRuleIds=0
16:47:47 [info] [config] remote config loaded: 1 apps
16:47:47 [info] [config] loaded successfully: 1 apps
16:47:48 [info] [intervention] {"stage":"fetch.response","at":1790326068343,"requestId":"429d86ae4f68da1b","origin":"b5094fe8d78e452f","runId":"6a1bb30fa868c39a","sessionId":"b5094fe8d78e452f","userId":"cd479cbb958cea83","assistantId":"678dd32070c3976b","elapsedMs":5820,"status":200,"ephemeral":false,"hasScope":true,"protocol":"chat-completions","route":"upstream"}
16:47:50 [info] [intervention] {"stage":"output","at":1790326070520,"runId":"6a1bb30fa868c39a","sessionId":"b5094fe8d78e452f","assistantId":"678dd32070c3976b","textChars":6,"reviewSkipped":false}
16:48:02 [log] [perm-autopass] allow permission=bash
16:48:07 [log] [sess-diag] engineFetch GET /experimental/session?roots=true&limit=2000 -> HTTP 200 elapsed=22ms responseBytes=29599 engineUrl= http://127.0.0.1:54830 engineId= (default)
16:48:07 [log] [sess-diag] loadEngineSessions: 原始条数 = 1
16:48:07 [log] [sess-diag] loadEngineSessions: reconcile 后 convos = 1 order = 1
16:48:07 [log] [sess-diag] loadEngineSessions: 耗时(ms) fetch = 29 repoRoots = 9 build+reconcile = 2 set = 2 total = 42
16:48:08 [info] [intervention] {"stage":"model.start","at":1790326088719,"requestId":"429d86ae4f68da1b","origin":"b5094fe8d78e452f","runId":"6a1bb30fa868c39a","sessionId":"b5094fe8d78e452f","userId":"cd479cbb958cea83","assistantId":"502ba68c0cbb3dc2","ephemeral":false,"hasScope":true,"route":"upstream"}
16:48:08 [info] [intervention] {"stage":"fetch.start","at":1790326088738,"requestId":"429d86ae4f68da1b","origin":"b5094fe8d78e452f","runId":"6a1bb30fa868c39a","sessionId":"b5094fe8d78e452f","userId":"cd479cbb958cea83","assistantId":"502ba68c0cbb3dc2","ephemeral":false,"hasScope":true,"protocol":"chat-completions","route":"upstream"}
16:48:32 [log] [sess-diag] engineFetch GET /experimental/session?roots=true&limit=2000 -> HTTP 200 elapsed=69ms responseBytes=29599 engineUrl= http://127.0.0.1:54830 engineId= (default)
16:48:32 [log] [sess-diag] loadEngineSessions: 原始条数 = 1
16:48:32 [log] [sess-diag] loadEngineSessions: reconcile 后 convos = 1 order = 1
16:48:32 [log] [sess-diag] loadEngineSessions: 耗时(ms) fetch = 71 repoRoots = 2 build+reconcile = 2 set = 1 total = 76
16:48:34 [info] [intervention] {"stage":"fetch.response","at":1790326114396,"requestId":"429d86ae4f68da1b","origin":"b5094fe8d78e452f","runId":"6a1bb30fa868c39a","sessionId":"b5094fe8d78e452f","userId":"cd479cbb958cea83","assistantId":"502ba68c0cbb3dc2","elapsedMs":25658,"status":200,"ephemeral":false,"hasScope":true,"protocol":"chat-completions","route":"upstream"}
16:48:37 [log] [sess-diag] engineFetch GET /experimental/session?roots=true&limit=2000 -> HTTP 200 elapsed=22ms responseBytes=29599 engineUrl= http://127.0.0.1:54830 engineId= (default)
16:48:37 [log] [sess-diag] loadEngineSessions: 原始条数 = 1
16:48:37 [log] [sess-diag] loadEngineSessions: reconcile 后 convos = 1 order = 1
16:48:37 [log] [sess-diag] loadEngineSessions: 耗时(ms) fetch = 28 repoRoots = 9 build+reconcile = 3 set = 2 total = 41
16:49:01 [info] [intervention] {"stage":"output","at":1790326141949,"runId":"6a1bb30fa868c39a","sessionId":"b5094fe8d78e452f","assistantId":"502ba68c0cbb3dc2","textChars":1,"reviewSkipped":false}
16:49:07 [log] [sess-diag] engineFetch GET /experimental/session?roots=true&limit=2000 -> HTTP 200 elapsed=41ms responseBytes=29599 engineUrl= http://127.0.0.1:54830 engineId= (default)
16:49:07 [log] [sess-diag] loadEngineSessions: 原始条数 = 1
16:49:07 [log] [sess-diag] loadEngineSessions: reconcile 后 convos = 1 order = 1
16:49:07 [log] [sess-diag] loadEngineSessions: 耗时(ms) fetch = 147 repoRoots = 9 build+reconcile = 2 set = 1 total = 158
16:49:15 [log] [perm-autopass] allow permission=bash
16:49:26 [log] [perm-autopass] allow permission=bash
16:49:48 [log] [sess-diag] engineFetch GET /experimental/session?roots=true&limit=2000 -> HTTP 200 elapsed=41ms responseBytes=29599 engineUrl= http://127.0.0.1:54830 engineId= (default)
16:49:48 [log] [sess-diag] loadEngineSessions: 原始条数 = 1
16:49:48 [log] [sess-diag] loadEngineSessions: reconcile 后 convos = 1 order = 1
16:49:48 [log] [sess-diag] loadEngineSessions: 耗时(ms) fetch = 71 repoRoots = 11 build+reconcile = 4 set = 1 total = 87
16:49:48 [info] [intervention] {"stage":"model.start","at":1790326188993,"requestId":"429d86ae4f68da1b","origin":"b5094fe8d78e452f","runId":"6a1bb30fa868c39a","sessionId":"b5094fe8d78e452f","userId":"cd479cbb958cea83","assistantId":"8c4b3b9ac6ab9fbb","ephemeral":false,"hasScope":true,"route":"upstream"}
16:49:49 [info] [intervention] {"stage":"fetch.start","at":1790326189016,"requestId":"429d86ae4f68da1b","origin":"b5094fe8d78e452f","runId":"6a1bb30fa868c39a","sessionId":"b5094fe8d78e452f","userId":"cd479cbb958cea83","assistantId":"8c4b3b9ac6ab9fbb","ephemeral":false,"hasScope":true,"protocol":"chat-completions","route":"upstream"}
16:49:59 [info] [intervention] {"stage":"fetch.response","at":1790326199899,"requestId":"429d86ae4f68da1b","origin":"b5094fe8d78e452f","runId":"6a1bb30fa868c39a","sessionId":"b5094fe8d78e452f","userId":"cd479cbb958cea83","assistantId":"8c4b3b9ac6ab9fbb","elapsedMs":10883,"status":200,"ephemeral":false,"hasScope":true,"protocol":"chat-completions","route":"upstream"}
16:50:05 [info] [intervention] {"stage":"output","at":1790326205392,"runId":"6a1bb30fa868c39a","sessionId":"b5094fe8d78e452f","assistantId":"8c4b3b9ac6ab9fbb","textChars":9,"reviewSkipped":false}
16:50:07 [log] [sess-diag] engineFetch GET /experimental/session?roots=true&limit=2000 -> HTTP 200 elapsed=48ms responseBytes=29599 engineUrl= http://127.0.0.1:54830 engineId= (default)
16:50:07 [log] [sess-diag] loadEngineSessions: 原始条数 = 1
16:50:07 [log] [sess-diag] loadEngineSessions: reconcile 后 convos = 1 order = 1
16:50:07 [log] [sess-diag] loadEngineSessions: 耗时(ms) fetch = 52 repoRoots = 11 build+reconcile = 2 set = 1 total = 66
16:50:11 [log] [perm-model-approve] start permission=bash model=mimo-pro
16:50:14 [log] [perm-model-approve] http candidate=session:mimo-pro protocol=openai model=mimo-pro host=mimo-server-cn.xiaomimimo.com probe=false status=200
16:50:14 [log] [perm-model-approve] judge permission=bash candidate=session model=mimo-pro queries=3 decision=ask
16:50:37 [log] [sess-diag] engineFetch GET /experimental/session?roots=true&limit=2000 -> HTTP 200 elapsed=20ms responseBytes=29599 engineUrl= http://127.0.0.1:54830 engineId= (default)
16:50:37 [log] [sess-diag] loadEngineSessions: 原始条数 = 1
16:50:37 [log] [sess-diag] loadEngineSessions: reconcile 后 convos = 1 order = 1
16:50:37 [log] [sess-diag] loadEngineSessions: 耗时(ms) fetch = 24 repoRoots = 10 build+reconcile = 2 set = 1 total = 37
16:50:39 [info] [intervention] {"stage":"model.start","at":1790326239242,"requestId":"429d86ae4f68da1b","origin":"b5094fe8d78e452f","runId":"6a1bb30fa868c39a","sessionId":"b5094fe8d78e452f","userId":"cd479cbb958cea83","assistantId":"673aaa6b3ec5e012","ephemeral":false,"hasScope":true,"route":"upstream"}
16:50:39 [info] [intervention] {"stage":"fetch.start","at":1790326239265,"requestId":"429d86ae4f68da1b","origin":"b5094fe8d78e452f","runId":"6a1bb30fa868c39a","sessionId":"b5094fe8d78e452f","userId":"cd479cbb958cea83","assistantId":"673aaa6b3ec5e012","ephemeral":false,"hasScope":true,"protocol":"chat-completions","route":"upstream"}
16:50:44 [info] [intervention] {"stage":"fetch.response","at":1790326244768,"requestId":"429d86ae4f68da1b","origin":"b5094fe8d78e452f","runId":"6a1bb30fa868c39a","sessionId":"b5094fe8d78e452f","userId":"cd479cbb958cea83","assistantId":"673aaa6b3ec5e012","elapsedMs":5503,"status":200,"ephemeral":false,"hasScope":true,"protocol":"chat-completions","route":"upstream"}
16:50:45 [info] [intervention] {"stage":"output","at":1790326245428,"runId":"6a1bb30fa868c39a","sessionId":"b5094fe8d78e452f","assistantId":"673aaa6b3ec5e012","textChars":1,"reviewSkipped":false}
16:51:07 [log] [sess-diag] engineFetch GET /experimental/session?roots=true&limit=2000 -> HTTP 200 elapsed=33ms responseBytes=29599 engineUrl= http://127.0.0.1:54830 engineId= (default)
16:51:07 [log] [sess-diag] loadEngineSessions: 原始条数 = 1
16:51:07 [log] [sess-diag] loadEngineSessions: reconcile 后 convos = 1 order = 1
16:51:07 [log] [sess-diag] loadEngineSessions: 耗时(ms) fetch = 38 repoRoots = 10 build+reconcile = 2 set = 1 total = 52
16:51:14 [log] [sess-diag] engineFetch GET /experimental/session?roots=true&limit=2000 -> HTTP 200 elapsed=57ms responseBytes=29599 engineUrl= http://127.0.0.1:54830 engineId= (default)
16:51:14 [log] [sess-diag] loadEngineSessions: 原始条数 = 1
16:51:14 [log] [sess-diag] loadEngineSessions: reconcile 后 convos = 1 order = 1
16:51:14 [log] [sess-diag] loadEngineSessions: 耗时(ms) fetch = 73 repoRoots = 13 build+reconcile = 4 set = 2 total = 92
16:51:19 [log] [perm-autopass] allow permission=external_directory
16:51:20 [info] [intervention] {"stage":"model.start","at":1790326280252,"requestId":"429d86ae4f68da1b","origin":"b5094fe8d78e452f","runId":"6a1bb30fa868c39a","sessionId":"b5094fe8d78e452f","userId":"cd479cbb958cea83","assistantId":"6fae7ea50983bbc6","ephemeral":false,"hasScope":true,"route":"upstream"}
16:51:20 [info] [intervention] {"stage":"fetch.start","at":1790326280279,"requestId":"429d86ae4f68da1b","origin":"b5094fe8d78e452f","runId":"6a1bb30fa868c39a","sessionId":"b5094fe8d78e452f","userId":"cd479cbb958cea83","assistantId":"6fae7ea50983bbc6","ephemeral":false,"hasScope":true,"protocol":"chat-completions","route":"upstream"}
16:51:31 [info] [intervention] {"stage":"fetch.response","at":1790326291087,"requestId":"429d86ae4f68da1b","origin":"b5094fe8d78e452f","runId":"6a1bb30fa868c39a","sessionId":"b5094fe8d78e452f","userId":"cd479cbb958cea83","assistantId":"6fae7ea50983bbc6","elapsedMs":10808,"status":200,"ephemeral":false,"hasScope":true,"protocol":"chat-completions","route":"upstream"}
16:51:32 [info] [intervention] {"stage":"output","at":1790326292228,"runId":"6a1bb30fa868c39a","sessionId":"b5094fe8d78e452f","assistantId":"6fae7ea50983bbc6","textChars":4,"reviewSkipped":false}
16:51:37 [log] [sess-diag] engineFetch GET /experimental/session?roots=true&limit=2000 -> HTTP 200 elapsed=36ms responseBytes=29599 engineUrl= http://127.0.0.1:54830 engineId= (default)
16:51:37 [log] [sess-diag] loadEngineSessions: 原始条数 = 1
16:51:37 [log] [sess-diag] loadEngineSessions: reconcile 后 convos = 1 order = 1
16:51:37 [log] [sess-diag] loadEngineSessions: 耗时(ms) fetch = 53 repoRoots = 11 build+reconcile = 2 set = 1 total = 68
16:51:39 [log] [perm-autopass] allow permission=bash
16:51:44 [info] [intervention] {"stage":"model.start","at":1790326304622,"requestId":"429d86ae4f68da1b","origin":"b5094fe8d78e452f","runId":"6a1bb30fa868c39a","sessionId":"b5094fe8d78e452f","userId":"cd479cbb958cea83","assistantId":"e2bdcf218a3b7c18","ephemeral":false,"hasScope":true,"route":"upstream"}
16:51:44 [info] [intervention] {"stage":"fetch.start","at":1790326304646,"requestId":"429d86ae4f68da1b","origin":"b5094fe8d78e452f","runId":"6a1bb30fa868c39a","sessionId":"b5094fe8d78e452f","userId":"cd479cbb958cea83","assistantId":"e2bdcf218a3b7c18","ephemeral":false,"hasScope":true,"protocol":"chat-completions","route":"upstream"}
16:51:51 [info] [intervention] {"stage":"fetch.response","at":1790326311926,"requestId":"429d86ae4f68da1b","origin":"b5094fe8d78e452f","runId":"6a1bb30fa868c39a","sessionId":"b5094fe8d78e452f","userId":"cd479cbb958cea83","assistantId":"e2bdcf218a3b7c18","elapsedMs":7280,"status":200,"ephemeral":false,"hasScope":true,"protocol":"chat-completions","route":"upstream"}
16:51:54 [info] [intervention] {"stage":"output","at":1790326314381,"runId":"6a1bb30fa868c39a","sessionId":"b5094fe8d78e452f","assistantId":"e2bdcf218a3b7c18","textChars":3,"reviewSkipped":false}
16:51:58 [log] [perm-autopass] allow permission=bash
16:52:03 [info] [intervention] {"stage":"model.start","at":1790326323282,"requestId":"429d86ae4f68da1b","origin":"b5094fe8d78e452f","runId":"6a1bb30fa868c39a","sessionId":"b5094fe8d78e452f","userId":"cd479cbb958cea83","assistantId":"93f08e6e278e1762","ephemeral":false,"hasScope":true,"route":"upstream"}
16:52:03 [info] [intervention] {"stage":"fetch.start","at":1790326323314,"requestId":"429d86ae4f68da1b","origin":"b5094fe8d78e452f","runId":"6a1bb30fa868c39a","sessionId":"b5094fe8d78e452f","userId":"cd479cbb958cea83","assistantId":"93f08e6e278e1762","ephemeral":false,"hasScope":true,"protocol":"chat-completions","route":"upstream"}
16:52:07 [log] [sess-diag] engineFetch GET /experimental/session?roots=true&limit=2000 -> HTTP 200 elapsed=51ms responseBytes=29599 engineUrl= http://127.0.0.1:54830 engineId= (default)
16:52:07 [log] [sess-diag] loadEngineSessions: 原始条数 = 1
16:52:07 [log] [sess-diag] loadEngineSessions: reconcile 后 convos = 1 order = 1
16:52:07 [log] [sess-diag] loadEngineSessions: 耗时(ms) fetch = 56 repoRoots = 11 build+reconcile = 2 set = 1 total = 70
16:52:10 [info] [intervention] {"stage":"fetch.response","at":1790326330146,"requestId":"429d86ae4f68da1b","origin":"b5094fe8d78e452f","runId":"6a1bb30fa868c39a","sessionId":"b5094fe8d78e452f","userId":"cd479cbb958cea83","assistantId":"93f08e6e278e1762","elapsedMs":6832,"status":200,"ephemeral":false,"hasScope":true,"protocol":"chat-completions","route":"upstream"}
16:52:10 [info] [intervention] {"stage":"output","at":1790326330766,"runId":"6a1bb30fa868c39a","sessionId":"b5094fe8d78e452f","assistantId":"93f08e6e278e1762","textChars":5,"reviewSkipped":false}
16:52:14 [info] [content-review] app=mimo_pc_output_text source=conversation why=limit batch=508c00039e3ccc7d api=/api/audit/check len=388 images=0 sha=8b32fb4e9ff3 session=ses_ffe5f298357dfffeN82Wln2VmT elapsed=223ms verdict=pass reviewId=mimo-mimo_pc_output_text-a8c753f4254348e9abf0b48ea2bcaa0b detail=[serverVerdict=pass resultCode=1 subCode=9 aigc=- hints=0 detailsLen=0 resp=[passed=pass resultCode=1 reviewId=mimo-mimo_pc_output_text-a8c753f4254348e9abf0b48ea2bcaa0b offlineReason= offlineDetails=[0 chars] hint=[0 items] subCode=9 aigc=null]]
16:52:18 [info] [content-review] app=mimo_pc_output_text source=conversation why=limit batch=508c00039e3ccc7d api=/api/audit/check len=385 images=0 sha=8339dcd22490 session=ses_ffe5f298357dfffeN82Wln2VmT elapsed=233ms verdict=pass reviewId=mimo-mimo_pc_output_text-9964bfcb6d804a529ee957c469fa4242 detail=[serverVerdict=pass resultCode=1 subCode=9 aigc=- hints=0 detailsLen=0 resp=[passed=pass resultCode=1 reviewId=mimo-mimo_pc_output_text-9964bfcb6d804a529ee957c469fa4242 offlineReason= offlineDetails=[0 chars] hint=[0 items] subCode=9 aigc=null]]
16:52:22 [info] [intervention] {"stage":"closed","at":1790326342289,"requestId":"f4d480cb7b703369","origin":"b5094fe8d78e452f","runId":"6a1bb30fa868c39a","sessionId":"b5094fe8d78e452f","userId":"beb3482d86f56100","elapsedMs":1449186,"textChars":21,"reviewId":"mimo-intv-mimo_pc_input_text-170acbf1bf56474f8bced2a16c1b99cc"}
16:52:22 [info] [intervention] {"stage":"closed","at":1790326342291,"requestId":"fcdf8a9ff2be4432","origin":"b5094fe8d78e452f","runId":"6a1bb30fa868c39a","sessionId":"b5094fe8d78e452f","userId":"4390bccf7ef1d2bd","elapsedMs":1175325,"textChars":0}
16:52:22 [info] [intervention] {"stage":"closed","at":1790326342291,"requestId":"429d86ae4f68da1b","origin":"b5094fe8d78e452f","runId":"6a1bb30fa868c39a","sessionId":"b5094fe8d78e452f","userId":"cd479cbb958cea83","elapsedMs":583793,"textChars":0}
16:52:22 [info] [turn-power-save] released sysId=0 last=run:ses_ffe5f298357dfffeN82Wln2VmT
16:52:22 [info] [content-review] app=mimo_pc_output_text source=conversation why=flush batch=85ac785ecbecb7cf api=/api/audit/check len=122 images=0 sha=19df6ad0b2fb session=ses_ffe5f298357dfffeN82Wln2VmT elapsed=191ms verdict=pass reviewId=mimo-mimo_pc_output_text-c8de2da826e9494ab9983799bf81eaa8 detail=[serverVerdict=pass resultCode=1 subCode=9 aigc=- hints=0 detailsLen=0 resp=[passed=pass resultCode=1 reviewId=mimo-mimo_pc_output_text-c8de2da826e9494ab9983799bf81eaa8 offlineReason= offlineDetails=[0 chars] hint=[0 items] subCode=9 aigc=null]]
16:52:22 [log] [sess-diag] engineFetch GET /session/ses_ffe5f298357dfffeN82Wln2VmT/task -> HTTP 200 elapsed=136ms responseBytes=1547 engineUrl= http://127.0.0.1:54830 engineId= mimocode
16:52:22 [log] [sess-diag] engineFetch GET /session/ses_ffe5f298357dfffeN82Wln2VmT/recovery -> HTTP 200 elapsed=181ms responseBytes=2 engineUrl= http://127.0.0.1:54830 engineId= mimocode
16:52:22 [log] [sess-diag] engineFetch GET /session/ses_ffe5f298357dfffeN82Wln2VmT -> HTTP 200 elapsed=182ms responseBytes=29556 engineUrl= http://127.0.0.1:54830 engineId= mimocode
16:52:22 [info] [content-review] app=mimo_pc_output_text source=conversation why=flush batch=87323ac38f85cea4 api=/api/audit/check len=62 images=0 sha=4263e431d635 session=ses_ffe5f298357dfffeN82Wln2VmT elapsed=151ms verdict=pass reviewId=mimo-mimo_pc_output_text-b9a0f041a69f4b3f999158999836ea33 detail=[serverVerdict=pass resultCode=1 subCode=9 aigc=- hints=0 detailsLen=0 resp=[passed=pass resultCode=1 reviewId=mimo-mimo_pc_output_text-b9a0f041a69f4b3f999158999836ea33 offlineReason= offlineDetails=[0 chars] hint=[0 items] subCode=9 aigc=null]]
16:52:22 [info] [content-review] app=mimo_pc_output_text source=conversation why=flush batch=63add5c924e18493 api=/api/audit/check len=210 images=0 sha=740548d8dc82 session=ses_ffe5f298357dfffeN82Wln2VmT elapsed=203ms verdict=pass reviewId=mimo-mimo_pc_output_text-1edfa1e5cca847f6988200987e2a6c70 detail=[serverVerdict=pass resultCode=1 subCode=9 aigc=- hints=0 detailsLen=0 resp=[passed=pass resultCode=1 reviewId=mimo-mimo_pc_output_text-1edfa1e5cca847f6988200987e2a6c70 offlineReason= offlineDetails=[0 chars] hint=[0 items] subCode=9 aigc=null]]
16:52:22 [info] [content-review] app=mimo_pc_output_text source=conversation why=flush batch=d928e1a6a3583340 api=/api/audit/check len=66 images=0 sha=eba39f5c68dd session=ses_ffe5f298357dfffeN82Wln2VmT elapsed=150ms verdict=pass reviewId=mimo-mimo_pc_output_text-5b11820f0ee24f28ac10b921e06a002b detail=[serverVerdict=pass resultCode=1 subCode=9 aigc=- hints=0 detailsLen=0 resp=[passed=pass resultCode=1 reviewId=mimo-mimo_pc_output_text-5b11820f0ee24f28ac10b921e06a002b offlineReason= offlineDetails=[0 chars] hint=[0 items] subCode=9 aigc=null]]
16:52:23 [log] [sess-diag] [white-screen-up] {"id":"ses_ffe5f298357dfffeN82Wln2VmT","upDelta":1527.33349609375,"prevTop":9372.6669921875,"top":7845.33349609375,"clientHeight":883,"prevScrollHeight":10286,"scrollHeight":8728,"following":false,"lastPinSource":"delta","stack":"Error: white-screen-up-scroll\n    at Fn (app://-/renderer/assets/ThreadView-D9cl-a57.js:1:5217)\n    at HTMLDivElement.A (app://-/renderer/assets/ThreadView-D9cl-a57.js:1:24046)"}
16:52:23 [info] [content-review] app=mimo_pc_output_text source=conversation why=flush batch=1cc52cd463815c73 api=/api/audit/check len=207 images=0 sha=60ea3e35afc7 session=ses_ffe5f298357dfffeN82Wln2VmT elapsed=198ms verdict=pass reviewId=mimo-mimo_pc_output_text-ab7a4fabde4d43488b66153bb8d331a2 detail=[serverVerdict=pass resultCode=1 subCode=9 aigc=- hints=0 detailsLen=0 resp=[passed=pass resultCode=1 reviewId=mimo-mimo_pc_output_text-ab7a4fabde4d43488b66153bb8d331a2 offlineReason= offlineDetails=[0 chars] hint=[0 items] subCode=9 aigc=null]]
16:52:23 [info] [content-review] app=mimo_pc_output_text source=conversation why=flush batch=efe776c22342c8f3 api=/api/audit/check len=183 images=0 sha=1bea5bdd1c17 session=ses_ffe5f298357dfffeN82Wln2VmT elapsed=223ms verdict=pass reviewId=mimo-mimo_pc_output_text-c6eb21b8124d48568816ef9406ef39aa detail=[serverVerdict=pass resultCode=1 subCode=9 aigc=- hints=0 detailsLen=0 resp=[passed=pass resultCode=1 reviewId=mimo-mimo_pc_output_text-c6eb21b8124d48568816ef9406ef39aa offlineReason= offlineDetails=[0 chars] hint=[0 items] subCode=9 aigc=null]]
16:52:23 [info] [content-review] app=mimo_pc_output_text source=conversation why=flush batch=7d20d0285c0465ef api=/api/audit/check len=44 images=0 sha=7f6f262538bc session=ses_ffe5f298357dfffeN82Wln2VmT elapsed=161ms verdict=pass reviewId=mimo-mimo_pc_output_text-02d06a27a88f452b8d920bcb7c289fdc detail=[serverVerdict=pass resultCode=1 subCode=9 aigc=- hints=0 detailsLen=0 resp=[passed=pass resultCode=1 reviewId=mimo-mimo_pc_output_text-02d06a27a88f452b8d920bcb7c289fdc offlineReason= offlineDetails=[0 chars] hint=[0 items] subCode=9 aigc=null]]
16:52:23 [info] [content-review] app=mimo_pc_output_text source=conversation why=flush batch=c750af7e2a606bce api=/api/audit/check len=100 images=0 sha=b85699342dae session=ses_ffe5f298357dfffeN82Wln2VmT elapsed=155ms verdict=pass reviewId=mimo-mimo_pc_output_text-19c4f98ee7f147cb9064a8252e573c94 detail=[serverVerdict=pass resultCode=1 subCode=9 aigc=- hints=0 detailsLen=0 resp=[passed=pass resultCode=1 reviewId=mimo-mimo_pc_output_text-19c4f98ee7f147cb9064a8252e573c94 offlineReason= offlineDetails=[0 chars] hint=[0 items] subCode=9 aigc=null]]
16:52:23 [info] [content-review] app=mimo_pc_output_text source=conversation why=flush batch=56c568b5c3d8e841 api=/api/audit/check len=58 images=0 sha=b9ba912c795e session=ses_ffe5f298357dfffeN82Wln2VmT elapsed=182ms verdict=pass reviewId=mimo-mimo_pc_output_text-e071aa226f904fd4b7c58f7b83b96e7d detail=[serverVerdict=pass resultCode=1 subCode=9 aigc=- hints=0 detailsLen=0 resp=[passed=pass resultCode=1 reviewId=mimo-mimo_pc_output_text-e071aa226f904fd4b7c58f7b83b96e7d offlineReason= offlineDetails=[0 chars] hint=[0 items] subCode=9 aigc=null]]
16:52:24 [info] [content-review] app=mimo_pc_output_text source=conversation why=flush batch=3c6bf3a66422186e api=/api/audit/check len=297 images=0 sha=6d0374d3aaaa session=ses_ffe5f298357dfffeN82Wln2VmT elapsed=204ms verdict=pass reviewId=mimo-mimo_pc_output_text-0e0f4cfd297b4d35a7da7ceb127815f6 detail=[serverVerdict=pass resultCode=1 subCode=9 aigc=- hints=0 detailsLen=0 resp=[passed=pass resultCode=1 reviewId=mimo-mimo_pc_output_text-0e0f4cfd297b4d35a7da7ceb127815f6 offlineReason= offlineDetails=[0 chars] hint=[0 items] subCode=9 aigc=null]]
16:52:24 [info] [content-review] app=mimo_pc_output_text source=conversation why=flush batch=715e82454ed0ce8e api=/api/audit/check len=46 images=0 sha=b84c21e38e8c session=ses_ffe5f298357dfffeN82Wln2VmT elapsed=141ms verdict=pass reviewId=mimo-mimo_pc_output_text-e78b5a19f3204ce0b31950b616048b7b detail=[serverVerdict=pass resultCode=1 subCode=9 aigc=- hints=0 detailsLen=0 resp=[passed=pass resultCode=1 reviewId=mimo-mimo_pc_output_text-e78b5a19f3204ce0b31950b616048b7b offlineReason= offlineDetails=[0 chars] hint=[0 items] subCode=9 aigc=null]]
16:52:24 [info] [content-review] app=mimo_pc_output_text source=conversation why=flush batch=71f52bcd2bd2afc3 api=/api/audit/check len=15 images=0 sha=8ee80c1d6595 session=ses_ffe5f298357dfffeN82Wln2VmT elapsed=151ms verdict=pass reviewId=mimo-mimo_pc_output_text-373b452ef4524fc1bad79c6da460cdd8 detail=[serverVerdict=pass resultCode=1 subCode=9 aigc=- hints=0 detailsLen=0 resp=[passed=pass resultCode=1 reviewId=mimo-mimo_pc_output_text-373b452ef4524fc1bad79c6da460cdd8 offlineReason= offlineDetails=[0 chars] hint=[0 items] subCode=9 aigc=null]]
16:52:24 [info] [content-review] app=mimo_pc_output_text source=conversation why=flush batch=5533f714c4da8e99 api=/api/audit/check len=98 images=0 sha=278372e61f99 session=ses_ffe5f298357dfffeN82Wln2VmT elapsed=148ms verdict=pass reviewId=mimo-mimo_pc_output_text-f8c1de68b05641d09accf017e610b286 detail=[serverVerdict=pass resultCode=1 subCode=9 aigc=- hints=0 detailsLen=0 resp=[passed=pass resultCode=1 reviewId=mimo-mimo_pc_output_text-f8c1de68b05641d09accf017e610b286 offlineReason= offlineDetails=[0 chars] hint=[0 items] subCode=9 aigc=null]]
16:52:24 [info] [content-review] app=mimo_pc_output_text source=conversation why=flush batch=4656376d04e7d650 api=/api/audit/check len=81 images=0 sha=f25122bbc1b9 session=ses_ffe5f298357dfffeN82Wln2VmT elapsed=184ms verdict=pass reviewId=mimo-mimo_pc_output_text-c1f8db839665461090531460c9cba1a5 detail=[serverVerdict=pass resultCode=1 subCode=9 aigc=- hints=0 detailsLen=0 resp=[passed=pass resultCode=1 reviewId=mimo-mimo_pc_output_text-c1f8db839665461090531460c9cba1a5 offlineReason= offlineDetails=[0 chars] hint=[0 items] subCode=9 aigc=null]]
16:52:24 [info] [content-review] app=mimo_pc_output_text source=conversation why=flush batch=d24dc521b90889e1 api=/api/audit/check len=34 images=0 sha=654e632f5f91 session=ses_ffe5f298357dfffeN82Wln2VmT elapsed=192ms verdict=pass reviewId=mimo-mimo_pc_output_text-fc6cb71f6cd8459c8305582aad9121d5 detail=[serverVerdict=pass resultCode=1 subCode=9 aigc=- hints=0 detailsLen=0 resp=[passed=pass resultCode=1 reviewId=mimo-mimo_pc_output_text-fc6cb71f6cd8459c8305582aad9121d5 offlineReason= offlineDetails=[0 chars] hint=[0 items] subCode=9 aigc=null]]
16:52:25 [info] [content-review] app=mimo_pc_output_text source=conversation why=flush batch=d7fbdcd7db60a695 api=/api/audit/check len=87 images=0 sha=e0556a2fb1cd session=ses_ffe5f298357dfffeN82Wln2VmT elapsed=143ms verdict=pass reviewId=mimo-mimo_pc_output_text-36a431c79a6a4c16821f6aa7309cbaba detail=[serverVerdict=pass resultCode=1 subCode=9 aigc=- hints=0 detailsLen=0 resp=[passed=pass resultCode=1 reviewId=mimo-mimo_pc_output_text-36a431c79a6a4c16821f6aa7309cbaba offlineReason= offlineDetails=[0 chars] hint=[0 items] subCode=9 aigc=null]]
16:52:25 [info] [content-review] app=mimo_pc_output_text source=conversation why=flush batch=30cdecf1ab5cdbb2 api=/api/audit/check len=19 images=0 sha=8a603a45afb4 session=ses_ffe5f298357dfffeN82Wln2VmT elapsed=146ms verdict=pass reviewId=mimo-mimo_pc_output_text-c61e9f049dcb4339a2909902eee2bbbb detail=[serverVerdict=pass resultCode=1 subCode=9 aigc=- hints=0 detailsLen=0 resp=[passed=pass resultCode=1 reviewId=mimo-mimo_pc_output_text-c61e9f049dcb4339a2909902eee2bbbb offlineReason= offlineDetails=[0 chars] hint=[0 items] subCode=9 aigc=null]]
16:52:25 [info] [content-review] app=mimo_pc_output_text source=conversation why=flush batch=24e8782f383821ba api=/api/audit/check len=17 images=0 sha=6fb610907dd0 session=ses_ffe5f298357dfffeN82Wln2VmT elapsed=170ms verdict=pass reviewId=mimo-mimo_pc_output_text-285ce15b8ca24d3fadddcbaeb3dd06cf detail=[serverVerdict=pass resultCode=1 subCode=9 aigc=- hints=0 detailsLen=0 resp=[passed=pass resultCode=1 reviewId=mimo-mimo_pc_output_text-285ce15b8ca24d3fadddcbaeb3dd06cf offlineReason= offlineDetails=[0 chars] hint=[0 items] subCode=9 aigc=null]]
16:52:25 [info] [content-review] app=mimo_pc_output_text source=conversation why=flush batch=51c7680e32e9d4f9 api=/api/audit/check len=29 images=0 sha=fdc19c023161 session=ses_ffe5f298357dfffeN82Wln2VmT elapsed=133ms verdict=pass reviewId=mimo-mimo_pc_output_text-2538e4eed90e49d3a754cbe3b40ed2b1 detail=[serverVerdict=pass resultCode=1 subCode=9 aigc=- hints=0 detailsLen=0 resp=[passed=pass resultCode=1 reviewId=mimo-mimo_pc_output_text-2538e4eed90e49d3a754cbe3b40ed2b1 offlineReason= offlineDetails=[0 chars] hint=[0 items] subCode=9 aigc=null]]
16:52:25 [info] [content-review] app=mimo_pc_output_text source=conversation why=flush batch=508c00039e3ccc7d api=/api/audit/check len=245 images=0 sha=ff3d469e21b3 session=ses_ffe5f298357dfffeN82Wln2VmT elapsed=209ms verdict=pass reviewId=mimo-mimo_pc_output_text-3568cc468ddc4c63baf620b691ccd8a1 detail=[serverVerdict=pass resultCode=1 subCode=9 aigc=- hints=0 detailsLen=0 resp=[passed=pass resultCode=1 reviewId=mimo-mimo_pc_output_text-3568cc468ddc4c63baf620b691ccd8a1 offlineReason= offlineDetails=[0 chars] hint=[0 items] subCode=9 aigc=null]]
16:52:37 [info] [hidden-bounds] bounds drifted after show, re-applied {"current":{"x":-7,"y":-7,"width":1722,"height":1058},"target":{"x":0,"y":0,"width":1707,"height":1043}}
16:52:37 [log] [sess-diag] engineFetch GET /experimental/session?roots=true&limit=2000 -> HTTP 200 elapsed=66ms responseBytes=29599 engineUrl= http://127.0.0.1:54830 engineId= (default)
16:52:37 [log] [sess-diag] loadEngineSessions: 原始条数 = 1
16:52:37 [log] [sess-diag] loadEngineSessions: reconcile 后 convos = 1 order = 1
16:52:37 [log] [sess-diag] loadEngineSessions: 耗时(ms) fetch = 80 repoRoots = 3 build+reconcile = 4 set = 7 total = 94
16:52:39 [log] [sess-diag] engineFetch GET /experimental/session?roots=true&limit=2000 -> HTTP 200 elapsed=34ms responseBytes=29599 engineUrl= http://127.0.0.1:54830 engineId= (default)
16:52:39 [log] [sess-diag] loadEngineSessions: 原始条数 = 1
16:52:39 [log] [sess-diag] loadEngineSessions: reconcile 后 convos = 1 order = 1
16:52:39 [log] [sess-diag] loadEngineSessions: 耗时(ms) fetch = 42 repoRoots = 4 build+reconcile = 3 set = 2 total = 50
16:52:41 [log] [sess-diag] engineFetch GET /experimental/session?roots=true&limit=2000 -> HTTP 200 elapsed=23ms responseBytes=29599 engineUrl= http://127.0.0.1:54830 engineId= (default)
16:52:41 [log] [sess-diag] loadEngineSessions: 原始条数 = 1
16:52:41 [log] [sess-diag] loadEngineSessions: reconcile 后 convos = 1 order = 1
16:52:41 [log] [sess-diag] loadEngineSessions: 耗时(ms) fetch = 111 repoRoots = 4 build+reconcile = 2 set = 1 total = 118
16:53:00 [log] [sess-diag] engineFetch GET /experimental/session?roots=true&limit=2000 -> HTTP 200 elapsed=71ms responseBytes=29599 engineUrl= http://127.0.0.1:54830 engineId= (default)
16:53:00 [log] [sess-diag] loadEngineSessions: 原始条数 = 1
16:53:00 [log] [sess-diag] loadEngineSessions: reconcile 后 convos = 1 order = 1
16:53:00 [log] [sess-diag] loadEngineSessions: 耗时(ms) fetch = 427 repoRoots = 51 build+reconcile = 4 set = 4 total = 486
16:53:15 [log] [sess-diag] engineFetch GET /experimental/session?roots=true&limit=2000 -> HTTP 200 elapsed=257ms responseBytes=29599 engineUrl= http://127.0.0.1:54830 engineId= (default)
16:53:15 [log] [sess-diag] loadEngineSessions: 原始条数 = 1
16:53:15 [log] [sess-diag] loadEngineSessions: reconcile 后 convos = 1 order = 1
16:53:15 [log] [sess-diag] loadEngineSessions: 耗时(ms) fetch = 329 repoRoots = 28 build+reconcile = 7 set = 4 total = 368
16:53:18 [info] [exit-app] quit via tray menu
16:53:18 [info] [exit-app] before-quit
16:53:18 [info] [window] window closed
16:53:18 [info] [exit-app] window-all-closed platform=win32 appQuitting=true willQuit=false
16:53:33 [info] [boot] MiMo Desktop version=26.923.232338 platform=win32 arch=arm64 os=Windows_NT/10.0.26200 sysver=10.0.26200 mem=7.7GB(free 1.9GB) edition=domestic packaged=true theme=system e2e=false authBypass=false logs=C:\Users\xiaomi\AppData\Roaming\Xiaomi MiMo\logs
16:53:33 [info] [terminal-env] snapshot source: win-registry
16:53:33 [info] [runtimes] injected env: MIMO_NODE,MIMO_PYTHON,MIMO_QPDF,MIMO_GITHUB_MCP_SERVER,MIMO_NODE_MODULES,MIMO_RIPGREP_PATH,MIMO_ELECTRON_NODE_HOST,PYTHONDONTWRITEBYTECODE
16:53:33 [log] [api-base] cached-region reader injected after settle -> ignored
16:53:33 [log] [api-base] system-country reader injected after settle -> ignored
16:53:33 [info] [user-auth] init ok requiresCnAccount=true cachedRegion=CN localeCountry=CN
16:53:33 [warn] [libreoffice-runtime] setup not-configured key=win32-arm64 (manifest 缺项或未发布;静默降级)
16:53:33 [info] [on-demand-assets] setup ready descriptors=soundfont(1f),query-classifier(4f) not-configured=none
16:53:33 [info] [engine] reloadConfigOnNextSession (plugin change)
16:53:33 [error] [plugins] registry corrupt/unreadable at startup seed; closing automation HostMcp gate
16:53:33 [info] [engine] reloadConfigOnNextSession (plugin change)
16:53:33 [info] [plugins] setup ok count=0
16:53:33 [info] [apm] region=CN source=cache
16:53:33 [log] [evolve-observatory] evolve observatory server listening on 127.0.0.1:58323
16:53:33 [log] [mimo][api] listening on 127.0.0.1:58324
16:53:33 [info] [boot] app ready in 977.1201171875ms
16:53:33 [error] [plugins] registry corrupt/unreadable at readiness settle; keeping automation HostMcp gate closed
16:53:33 [info] [engine] reloadConfigOnNextSession (plugin change)
16:53:33 [info] [presentation-host] started socket=C:\Users\xiaomi\AppData\Roaming\Xiaomi MiMo\presentation-host\28f9c8e0bf96.sock
16:53:33 [info] [application] activated (main window created)
16:53:33 [info] [tray] enabled=true
16:53:33 [info] [updater] setup begin
16:53:33 [info] [updater] setup platform=win32 packaged=true version=26.923.232338 e2e=false
16:53:33 [info] [updater/win] transaction reconcile kind=none
16:53:33 [info] [updater/win] auto-updater path feed=https://mimocode-cdn.xiaomimimo.com/mimocode/mimodesktop/manifest.json
16:53:33 [info] [engine] prewarm startEngine
16:53:34 [info] [plugins] automation background startup settled {"elapsedMs":731}
16:53:35 [info] [db] prewarm ok in 1878ms
16:53:35 [info] [artifacts] reconciliation starting
16:53:35 [log] [xiaomi-auth] probeStatus start (hidden-window path)
16:53:36 [info] [engine] HostMcp runtime available=true
16:53:36 [info] [engine] reloadConfigOnNextSession (plugin change)
16:53:39 [log] [DeviceId] generated:
16:53:39 [warn] [query-classification] warmup-unavailable {"code":"inference-failed"}
16:53:41 [log] [mimo] engine in-process server ready http://127.0.0.1:64167
16:53:41 [info] [engine] prewarm ok
16:53:41 [info] [mimo] loop_streak_recovery=on · experimental crop enabled for next requests
16:53:41 [info] Checking for update
16:53:41 [info] [libreoffice-runtime] prefetch skipped (not-configured)
16:53:41 [info] [on-demand-assets] prefetch start queue=[soundfont,query-classifier]
16:53:41 [info] [on-demand-assets] soundfont cache-hit (1 files);skip download
16:53:41 [info] [on-demand-assets] query-classifier cache-hit (4 files);skip download
16:53:41 [log] [model-catalog] xiaomi login not confirmed -> skip fetch, keep cache
16:53:42 [log] [xiaomi-auth] probeStatus done kind=authenticated userId=602054437
16:53:42 [info] [experiment] initializing app=mimoDesktop(新加坡) env=ksmoscloudsrv service=<sdk-default>
16:53:42 [info] [config] loading from: https://cdn-exp-sg-recommend.pt.xiaomi.com/service/getClientBitMapExpConf/mimoDesktop(%E6%96%B0%E5%8A%A0%E5%9D%A1)
16:53:42 [info] [user-auth] initialize done xiaomi-logged-in=true
16:53:42 [info] Update for version 26.923.232338 is not available (latest version: 26.923.232338, downgrade is disallowed).
16:53:43 [info] [config] loaded tree for mimoDesktop(新加坡): children=2, upRuleIds=0
16:53:43 [info] [config] remote config loaded: 1 apps
16:53:43 [info] [config] loaded successfully: 1 apps
16:53:43 [info] [experiment] key=feature_gates id=101197 type=string value={\n    "domestic": { "show_mcp_entry": false, "show_custom_model_button": true, "loop_streak_recovery": true, "show_evolve_entry": true,"show_computeruse": false, "show_browseruse": false, "show_pay": … elapsed=1068ms
16:53:43 [info] [feature-gates] refresh: ok (elapsed=1084ms)
16:53:43 [error] (node:2436) [DEP0180] DeprecationWarning: fs.Stats constructor is deprecated.\n(Use `Xiaomi MiMo --trace-deprecation ...` to show where the warning was created)
16:53:44 [log] [sess-diag] engineFetch GET /experimental/session?roots=true&limit=2000 -> HTTP 200 elapsed=2820ms responseBytes=29599 engineUrl= http://127.0.0.1:64167 engineId= (default)
16:53:44 [log] [sess-diag] loadEngineSessions: 原始条数 = 1
16:53:44 [log] [sess-diag] loadEngineSessions: reconcile 后 convos = 1 order = 1
16:53:44 [log] [sess-diag] loadEngineSessions: 耗时(ms) fetch = 2852 repoRoots = 12 build+reconcile = 2 set = 1 total = 2868
16:53:44 [info] [artifacts] reconciliation started
16:53:48 [log] [sess-diag] engineFetch GET /session/ses_ffe5f298357dfffeN82Wln2VmT/recovery -> HTTP 200 elapsed=119ms responseBytes=2 engineUrl= http://127.0.0.1:64167 engineId= (default)
16:53:48 [log] [sess-diag] engineFetch GET /session/ses_ffe5f298357dfffeN82Wln2VmT/message -> HTTP 200 elapsed=101ms responseBytes=1712019 engineUrl= http://127.0.0.1:64167 engineId= (default)
16:53:49 [log] [sess-diag] engineFetch GET /session/ses_ffe5f298357dfffeN82Wln2VmT/actors -> HTTP 200 elapsed=203ms responseBytes=406 engineUrl= http://127.0.0.1:64167 engineId= (default)
16:53:52 [log] [sess-diag] engineFetch GET /experimental/session?roots=true&limit=2000 -> HTTP 200 elapsed=26ms responseBytes=29599 engineUrl= http://127.0.0.1:64167 engineId= (default)
16:53:52 [log] [sess-diag] loadEngineSessions: 原始条数 = 1
16:53:53 [log] [sess-diag] loadEngineSessions: reconcile 后 convos = 1 order = 1
16:53:53 [log] [sess-diag] loadEngineSessions: 耗时(ms) fetch = 34 repoRoots = 1 build+reconcile = 1 set = 0 total = 36
16:54:03 [log] [sess-diag] engineFetch GET /experimental/session?roots=true&limit=2000 -> HTTP 200 elapsed=18ms responseBytes=29599 engineUrl= http://127.0.0.1:64167 engineId= (default)
16:54:03 [log] [sess-diag] loadEngineSessions: 原始条数 = 1
16:54:03 [log] [sess-diag] loadEngineSessions: reconcile 后 convos = 1 order = 1
16:54:03 [log] [sess-diag] loadEngineSessions: 耗时(ms) fetch = 20 repoRoots = 2 build+reconcile = 1 set = 0 total = 23
16:54:11 [log] [sess-diag] engineFetch GET /experimental/session?roots=true&limit=2000 -> HTTP 200 elapsed=35ms responseBytes=29599 engineUrl= http://127.0.0.1:64167 engineId= (default)
16:54:11 [log] [sess-diag] loadEngineSessions: 原始条数 = 1
16:54:11 [log] [sess-diag] loadEngineSessions: reconcile 后 convos = 1 order = 1
16:54:11 [log] [sess-diag] loadEngineSessions: 耗时(ms) fetch = 38 repoRoots = 3 build+reconcile = 1 set = 1 total = 42
16:54:41 [log] [sess-diag] engineFetch GET /experimental/session?roots=true&limit=2000 -> HTTP 200 elapsed=11ms responseBytes=29599 engineUrl= http://127.0.0.1:64167 engineId= (default)
16:54:41 [log] [sess-diag] loadEngineSessions: 原始条数 = 1
16:54:41 [log] [sess-diag] loadEngineSessions: reconcile 后 convos = 1 order = 1
16:54:41 [log] [sess-diag] loadEngineSessions: 耗时(ms) fetch = 13 repoRoots = 1 build+reconcile = 1 set = 0 total = 15
16:55:11 [log] [sess-diag] engineFetch GET /experimental/session?roots=true&limit=2000 -> HTTP 200 elapsed=24ms responseBytes=29599 engineUrl= http://127.0.0.1:64167 engineId= (default)
16:55:11 [log] [sess-diag] loadEngineSessions: 原始条数 = 1
16:55:11 [log] [sess-diag] loadEngineSessions: reconcile 后 convos = 1 order = 1
16:55:11 [log] [sess-diag] loadEngineSessions: 耗时(ms) fetch = 29 repoRoots = 3 build+reconcile = 1 set = 1 total = 33
16:55:51 [log] [sess-diag] engineFetch GET /experimental/session?roots=true&limit=2000 -> HTTP 200 elapsed=28ms responseBytes=29599 engineUrl= http://127.0.0.1:64167 engineId= (default)
16:55:51 [log] [sess-diag] loadEngineSessions: 原始条数 = 1
16:55:51 [log] [sess-diag] loadEngineSessions: reconcile 后 convos = 1 order = 1
16:55:51 [log] [sess-diag] loadEngineSessions: 耗时(ms) fetch = 37 repoRoots = 1 build+reconcile = 1 set = 1 total = 40
16:56:11 [log] [sess-diag] engineFetch GET /experimental/session?roots=true&limit=2000 -> HTTP 200 elapsed=11ms responseBytes=29599 engineUrl= http://127.0.0.1:64167 engineId= (default)
16:56:11 [log] [sess-diag] loadEngineSessions: 原始条数 = 1
16:56:11 [log] [sess-diag] loadEngineSessions: reconcile 后 convos = 1 order = 1
16:56:11 [log] [sess-diag] loadEngineSessions: 耗时(ms) fetch = 13 repoRoots = 1 build+reconcile = 1 set = 0 total = 16
16:56:13 [log] [sess-diag] engineFetch GET /session/ses_ffe5f298357dfffeN82Wln2VmT/recovery -> HTTP 200 elapsed=313ms responseBytes=2 engineUrl= http://127.0.0.1:64167 engineId= (default)
16:56:13 [log] [sess-diag] engineFetch GET /session/ses_ffe5f298357dfffeN82Wln2VmT/message -> HTTP 200 elapsed=279ms responseBytes=1712019 engineUrl= http://127.0.0.1:64167 engineId= (default)
16:56:13 [log] [sess-diag] engineFetch GET /session/ses_ffe5f298357dfffeN82Wln2VmT/actors -> HTTP 200 elapsed=11ms responseBytes=406 engineUrl= http://127.0.0.1:64167 engineId= (default)
16:56:41 [log] [sess-diag] engineFetch GET /experimental/session?roots=true&limit=2000 -> HTTP 200 elapsed=22ms responseBytes=29599 engineUrl= http://127.0.0.1:64167 engineId= (default)
16:56:41 [log] [sess-diag] loadEngineSessions: 原始条数 = 1
16:56:41 [log] [sess-diag] loadEngineSessions: reconcile 后 convos = 1 order = 1
16:56:41 [log] [sess-diag] loadEngineSessions: 耗时(ms) fetch = 24 repoRoots = 1 build+reconcile = 1 set = 1 total = 27
16:57:11 [log] [sess-diag] engineFetch GET /experimental/session?roots=true&limit=2000 -> HTTP 200 elapsed=19ms responseBytes=29599 engineUrl= http://127.0.0.1:64167 engineId= (default)
16:57:11 [log] [sess-diag] loadEngineSessions: 原始条数 = 1
16:57:11 [log] [sess-diag] loadEngineSessions: reconcile 后 convos = 1 order = 1
16:57:11 [log] [sess-diag] loadEngineSessions: 耗时(ms) fetch = 20 repoRoots = 1 build+reconcile = 1 set = 0 total = 22
16:57:41 [log] [sess-diag] engineFetch GET /experimental/session?roots=true&limit=2000 -> HTTP 200 elapsed=14ms responseBytes=29599 engineUrl= http://127.0.0.1:64167 engineId= (default)
16:57:41 [log] [sess-diag] loadEngineSessions: 原始条数 = 1
16:57:41 [log] [sess-diag] loadEngineSessions: reconcile 后 convos = 1 order = 1
16:57:41 [log] [sess-diag] loadEngineSessions: 耗时(ms) fetch = 17 repoRoots = 1 build+reconcile = 1 set = 1 total = 20
16:57:57 [log] [sess-diag] engineFetch GET /session/ses_ffe5f298357dfffeN82Wln2VmT/recovery -> HTTP 200 elapsed=355ms responseBytes=2 engineUrl= http://127.0.0.1:64167 engineId= (default)
16:57:57 [log] [sess-diag] engineFetch GET /session/ses_ffe5f298357dfffeN82Wln2VmT/message -> HTTP 200 elapsed=316ms responseBytes=1712019 engineUrl= http://127.0.0.1:64167 engineId= (default)
16:57:57 [log] [sess-diag] engineFetch GET /session/ses_ffe5f298357dfffeN82Wln2VmT/actors -> HTTP 200 elapsed=30ms responseBytes=406 engineUrl= http://127.0.0.1:64167 engineId= (default)
16:58:01 [info] [intervention] {"stage":"query","at":1790326681168,"requestId":"e8afa6511f9f68c0","origin":"b5094fe8d78e452f","elapsedMs":1015,"textChars":49,"queryChars":49,"truncated":false,"result":"unavailable"}
16:58:02 [warn] [content-review] app=mimo_pc_input_text source=input why=oneshot batch=b3339bbbf3c597cb api=/api/audit/check len=49 images=0 sha=83deca76ec12 session=ses_ffe5f298357dfffeN82Wln2VmT elapsed=1015ms verdict=unavailable reviewId=- reason=[review timeout (1000ms)]
16:58:02 [info] [intervention] {"stage":"prepared","at":1790326682186,"requestId":"e8afa6511f9f68c0","origin":"b5094fe8d78e452f","elapsedMs":2033,"textChars":49,"result":"ready"}
16:58:02 [info] [intervention] {"stage":"claim","at":1790326682197,"requestId":"e8afa6511f9f68c0","origin":"b5094fe8d78e452f","sessionId":"b5094fe8d78e452f","elapsedMs":2044,"textChars":49}
16:58:02 [info] [smart-router] {"origin":"ses_ffe5f298357dfffeN82Wln2VmT","model":"mimo-pro"}
16:58:02 [info] [harness] session origin=ses_ffe5f298357dfffeN82Wln2VmT sid=ses_ffe5f298357dfffeN82Wln2VmT source=user msgLen=63
16:58:02 [info] [turn-power-save] acquired sysId=0 mode=prevent-app-suspension first=run:ses_ffe5f298357dfffeN82Wln2VmT
16:58:02 [info] [intervention] {"stage":"dispatch","at":1790326682359,"requestId":"e8afa6511f9f68c0","origin":"b5094fe8d78e452f","runId":"fb65b57074d2fafd","sessionId":"b5094fe8d78e452f","elapsedMs":2206,"textChars":49}
16:58:02 [info] [intervention] {"stage":"user-bound","at":1790326682434,"requestId":"e8afa6511f9f68c0","origin":"b5094fe8d78e452f","runId":"fb65b57074d2fafd","sessionId":"b5094fe8d78e452f","userId":"fa86fbf691b9d852","elapsedMs":2281,"textChars":49}
16:58:02 [info] [intervention] {"stage":"model.start","at":1790326682844,"requestId":"e8afa6511f9f68c0","origin":"b5094fe8d78e452f","runId":"fb65b57074d2fafd","sessionId":"b5094fe8d78e452f","userId":"fa86fbf691b9d852","assistantId":"4ee8dc777b7d0b99","ephemeral":false,"hasScope":true,"route":"upstream"}
16:58:02 [info] [intervention] {"stage":"fetch.start","at":1790326682859,"requestId":"e8afa6511f9f68c0","origin":"b5094fe8d78e452f","runId":"fb65b57074d2fafd","sessionId":"b5094fe8d78e452f","userId":"fa86fbf691b9d852","assistantId":"4ee8dc777b7d0b99","ephemeral":false,"hasScope":true,"protocol":"chat-completions","route":"upstream"}
16:58:11 [log] [sess-diag] engineFetch GET /experimental/session?roots=true&limit=2000 -> HTTP 200 elapsed=15ms responseBytes=29599 engineUrl= http://127.0.0.1:64167 engineId= (default)
16:58:11 [log] [sess-diag] loadEngineSessions: 原始条数 = 1
16:58:11 [log] [sess-diag] loadEngineSessions: reconcile 后 convos = 1 order = 1
16:58:11 [log] [sess-diag] loadEngineSessions: 耗时(ms) fetch = 20 repoRoots = 59 build+reconcile = 1 set = 1 total = 81
16:58:24 [info] [intervention] {"stage":"fetch.response","at":1790326704709,"requestId":"e8afa6511f9f68c0","origin":"b5094fe8d78e452f","runId":"fb65b57074d2fafd","sessionId":"b5094fe8d78e452f","userId":"fa86fbf691b9d852","assistantId":"4ee8dc777b7d0b99","elapsedMs":21850,"status":200,"ephemeral":false,"hasScope":true,"protocol":"chat-completions","route":"upstream"}
16:58:30 [info] [content-review/turn-binding] note-no-slot key=ses_ffe5f298357dfffeN82Wln2VmT anchor=msg:msg_g001a0d7c9344c0018blcMlxpe
16:58:30 [info] [intervention] {"stage":"output","at":1790326710749,"runId":"fb65b57074d2fafd","sessionId":"b5094fe8d78e452f","assistantId":"4ee8dc777b7d0b99","textChars":2,"reviewSkipped":false}
16:58:39 [log] [perm-autopass] allow permission=external_directory
16:58:39 [log] [perm-autopass] allow permission=bash
16:58:41 [log] [sess-diag] engineFetch GET /experimental/session?roots=true&limit=2000 -> HTTP 200 elapsed=19ms responseBytes=29599 engineUrl= http://127.0.0.1:64167 engineId= (default)
16:58:41 [log] [sess-diag] loadEngineSessions: 原始条数 = 1
16:58:41 [log] [sess-diag] loadEngineSessions: reconcile 后 convos = 1 order = 1
16:58:41 [log] [sess-diag] loadEngineSessions: 耗时(ms) fetch = 21 repoRoots = 1 build+reconcile = 2 set = 1 total = 24
16:58:44 [info] [intervention] {"stage":"model.start","at":1790326724299,"requestId":"e8afa6511f9f68c0","origin":"b5094fe8d78e452f","runId":"fb65b57074d2fafd","sessionId":"b5094fe8d78e452f","userId":"fa86fbf691b9d852","assistantId":"50f153496cfd97bc","ephemeral":false,"hasScope":true,"route":"upstream"}
16:58:44 [info] [intervention] {"stage":"fetch.start","at":1790326724311,"requestId":"e8afa6511f9f68c0","origin":"b5094fe8d78e452f","runId":"fb65b57074d2fafd","sessionId":"b5094fe8d78e452f","userId":"fa86fbf691b9d852","assistantId":"50f153496cfd97bc","ephemeral":false,"hasScope":true,"protocol":"chat-completions","route":"upstream"}
16:58:50 [info] [intervention] {"stage":"fetch.response","at":1790326730594,"requestId":"e8afa6511f9f68c0","origin":"b5094fe8d78e452f","runId":"fb65b57074d2fafd","sessionId":"b5094fe8d78e452f","userId":"fa86fbf691b9d852","assistantId":"50f153496cfd97bc","elapsedMs":6283,"status":200,"ephemeral":false,"hasScope":true,"protocol":"chat-completions","route":"upstream"}
16:58:56 [info] [intervention] {"stage":"output","at":1790326736440,"runId":"fb65b57074d2fafd","sessionId":"b5094fe8d78e452f","assistantId":"50f153496cfd97bc","textChars":7,"reviewSkipped":false}
16:59:11 [log] [sess-diag] engineFetch GET /experimental/session?roots=true&limit=2000 -> HTTP 200 elapsed=18ms responseBytes=29599 engineUrl= http://127.0.0.1:64167 engineId= (default)
16:59:11 [log] [sess-diag] loadEngineSessions: 原始条数 = 1
16:59:11 [log] [sess-diag] loadEngineSessions: reconcile 后 convos = 1 order = 1
16:59:11 [log] [sess-diag] loadEngineSessions: 耗时(ms) fetch = 61 repoRoots = 1 build+reconcile = 1 set = 1 total = 64
16:59:41 [log] [sess-diag] engineFetch GET /experimental/session?roots=true&limit=2000 -> HTTP 200 elapsed=17ms responseBytes=29599 engineUrl= http://127.0.0.1:64167 engineId= (default)
16:59:41 [log] [sess-diag] loadEngineSessions: 原始条数 = 1
16:59:41 [log] [sess-diag] loadEngineSessions: reconcile 后 convos = 1 order = 1
16:59:41 [log] [sess-diag] loadEngineSessions: 耗时(ms) fetch = 25 repoRoots = 2 build+reconcile = 1 set = 1 total = 28
16:59:46 [info] [intervention] {"stage":"model.start","at":1790326786769,"requestId":"e8afa6511f9f68c0","origin":"b5094fe8d78e452f","runId":"fb65b57074d2fafd","sessionId":"b5094fe8d78e452f","userId":"fa86fbf691b9d852","assistantId":"87037f7d3191bdfb","ephemeral":false,"hasScope":true,"route":"upstream"}
16:59:46 [info] [intervention] {"stage":"fetch.start","at":1790326786782,"requestId":"e8afa6511f9f68c0","origin":"b5094fe8d78e452f","runId":"fb65b57074d2fafd","sessionId":"b5094fe8d78e452f","userId":"fa86fbf691b9d852","assistantId":"87037f7d3191bdfb","ephemeral":false,"hasScope":true,"protocol":"chat-completions","route":"upstream"}
17:00:05 [info] [intervention] {"stage":"fetch.response","at":1790326805180,"requestId":"e8afa6511f9f68c0","origin":"b5094fe8d78e452f","runId":"fb65b57074d2fafd","sessionId":"b5094fe8d78e452f","userId":"fa86fbf691b9d852","assistantId":"87037f7d3191bdfb","elapsedMs":18398,"status":200,"ephemeral":false,"hasScope":true,"protocol":"chat-completions","route":"upstream"}
17:00:10 [info] [intervention] {"stage":"output","at":1790326810305,"runId":"fb65b57074d2fafd","sessionId":"b5094fe8d78e452f","assistantId":"87037f7d3191bdfb","textChars":5,"reviewSkipped":false}
17:00:11 [log] [sess-diag] engineFetch GET /experimental/session?roots=true&limit=2000 -> HTTP 200 elapsed=18ms responseBytes=29599 engineUrl= http://127.0.0.1:64167 engineId= (default)
17:00:11 [log] [sess-diag] loadEngineSessions: 原始条数 = 1
17:00:11 [log] [sess-diag] loadEngineSessions: reconcile 后 convos = 1 order = 1
17:00:11 [log] [sess-diag] loadEngineSessions: 耗时(ms) fetch = 26 repoRoots = 2 build+reconcile = 2 set = 1 total = 30
17:00:12 [info] [intervention] {"stage":"model.start","at":1790326812810,"requestId":"e8afa6511f9f68c0","origin":"b5094fe8d78e452f","runId":"fb65b57074d2fafd","sessionId":"b5094fe8d78e452f","userId":"fa86fbf691b9d852","assistantId":"44753cad23b5ebf4","ephemeral":false,"hasScope":true,"route":"upstream"}
17:00:12 [info] [intervention] {"stage":"fetch.start","at":1790326812823,"requestId":"e8afa6511f9f68c0","origin":"b5094fe8d78e452f","runId":"fb65b57074d2fafd","sessionId":"b5094fe8d78e452f","userId":"fa86fbf691b9d852","assistantId":"44753cad23b5ebf4","ephemeral":false,"hasScope":true,"protocol":"chat-completions","route":"upstream"}
17:00:15 [info] [intervention] {"stage":"fetch.response","at":1790326815924,"requestId":"e8afa6511f9f68c0","origin":"b5094fe8d78e452f","runId":"fb65b57074d2fafd","sessionId":"b5094fe8d78e452f","userId":"fa86fbf691b9d852","assistantId":"44753cad23b5ebf4","elapsedMs":3101,"status":200,"ephemeral":false,"hasScope":true,"protocol":"chat-completions","route":"upstream"}
17:00:24 [log] [perm-autopass] allow permission=bash
17:00:26 [info] [intervention] {"stage":"model.start","at":1790326826806,"requestId":"e8afa6511f9f68c0","origin":"b5094fe8d78e452f","runId":"fb65b57074d2fafd","sessionId":"b5094fe8d78e452f","userId":"fa86fbf691b9d852","assistantId":"c88e192a3544a852","ephemeral":false,"hasScope":true,"route":"upstream"}
17:00:26 [info] [intervention] {"stage":"fetch.start","at":1790326826817,"requestId":"e8afa6511f9f68c0","origin":"b5094fe8d78e452f","runId":"fb65b57074d2fafd","sessionId":"b5094fe8d78e452f","userId":"fa86fbf691b9d852","assistantId":"c88e192a3544a852","ephemeral":false,"hasScope":true,"protocol":"chat-completions","route":"upstream"}
17:00:29 [info] [intervention] {"stage":"fetch.response","at":1790326829729,"requestId":"e8afa6511f9f68c0","origin":"b5094fe8d78e452f","runId":"fb65b57074d2fafd","sessionId":"b5094fe8d78e452f","userId":"fa86fbf691b9d852","assistantId":"c88e192a3544a852","elapsedMs":2912,"status":200,"ephemeral":false,"hasScope":true,"protocol":"chat-completions","route":"upstream"}
17:00:34 [info] [intervention] {"stage":"output","at":1790326834918,"runId":"fb65b57074d2fafd","sessionId":"b5094fe8d78e452f","assistantId":"c88e192a3544a852","textChars":8,"reviewSkipped":false}
17:00:41 [log] [sess-diag] engineFetch GET /experimental/session?roots=true&limit=2000 -> HTTP 200 elapsed=18ms responseBytes=29599 engineUrl= http://127.0.0.1:64167 engineId= (default)
17:00:41 [log] [sess-diag] loadEngineSessions: 原始条数 = 1
17:00:41 [log] [sess-diag] loadEngineSessions: reconcile 后 convos = 1 order = 1
17:00:41 [log] [sess-diag] loadEngineSessions: 耗时(ms) fetch = 26 repoRoots = 2 build+reconcile = 2 set = 1 total = 31
17:00:54 [log] [perm-autopass] allow permission=external_directory
17:00:54 [log] [perm-autopass] allow permission=bash
17:01:00 [log] [perm-autopass] allow permission=external_directory
17:01:00 [log] [perm-autopass] allow permission=bash
17:01:02 [info] [intervention] {"stage":"model.start","at":1790326862225,"requestId":"e8afa6511f9f68c0","origin":"b5094fe8d78e452f","runId":"fb65b57074d2fafd","sessionId":"b5094fe8d78e452f","userId":"fa86fbf691b9d852","assistantId":"8dbd2a4c4ff69031","ephemeral":false,"hasScope":true,"route":"upstream"}
17:01:02 [info] [intervention] {"stage":"fetch.start","at":1790326862236,"requestId":"e8afa6511f9f68c0","origin":"b5094fe8d78e452f","runId":"fb65b57074d2fafd","sessionId":"b5094fe8d78e452f","userId":"fa86fbf691b9d852","assistantId":"8dbd2a4c4ff69031","ephemeral":false,"hasScope":true,"protocol":"chat-completions","route":"upstream"}
17:01:06 [info] [intervention] {"stage":"fetch.response","at":1790326866644,"requestId":"e8afa6511f9f68c0","origin":"b5094fe8d78e452f","runId":"fb65b57074d2fafd","sessionId":"b5094fe8d78e452f","userId":"fa86fbf691b9d852","assistantId":"8dbd2a4c4ff69031","elapsedMs":4408,"status":200,"ephemeral":false,"hasScope":true,"protocol":"chat-completions","route":"upstream"}
17:01:09 [info] [intervention] {"stage":"output","at":1790326869574,"runId":"fb65b57074d2fafd","sessionId":"b5094fe8d78e452f","assistantId":"8dbd2a4c4ff69031","textChars":1,"reviewSkipped":false}
17:01:11 [log] [sess-diag] engineFetch GET /experimental/session?roots=true&limit=2000 -> HTTP 200 elapsed=18ms responseBytes=29599 engineUrl= http://127.0.0.1:64167 engineId= (default)
17:01:11 [log] [sess-diag] loadEngineSessions: 原始条数 = 1
17:01:11 [log] [sess-diag] loadEngineSessions: reconcile 后 convos = 1 order = 1
17:01:11 [log] [sess-diag] loadEngineSessions: 耗时(ms) fetch = 26 repoRoots = 2 build+reconcile = 2 set = 1 total = 30
17:01:24 [log] [perm-autopass] allow permission=bash
17:01:28 [log] [perm-autopass] allow permission=bash
17:01:31 [info] [intervention] {"stage":"model.start","at":1790326891700,"requestId":"e8afa6511f9f68c0","origin":"b5094fe8d78e452f","runId":"fb65b57074d2fafd","sessionId":"b5094fe8d78e452f","userId":"fa86fbf691b9d852","assistantId":"5caf39a26c5e6ba7","ephemeral":false,"hasScope":true,"route":"upstream"}
17:01:31 [info] [intervention] {"stage":"fetch.start","at":1790326891712,"requestId":"e8afa6511f9f68c0","origin":"b5094fe8d78e452f","runId":"fb65b57074d2fafd","sessionId":"b5094fe8d78e452f","userId":"fa86fbf691b9d852","assistantId":"5caf39a26c5e6ba7","ephemeral":false,"hasScope":true,"protocol":"chat-completions","route":"upstream"}
17:01:36 [info] [intervention] {"stage":"fetch.response","at":1790326896179,"requestId":"e8afa6511f9f68c0","origin":"b5094fe8d78e452f","runId":"fb65b57074d2fafd","sessionId":"b5094fe8d78e452f","userId":"fa86fbf691b9d852","assistantId":"5caf39a26c5e6ba7","elapsedMs":4467,"status":200,"ephemeral":false,"hasScope":true,"protocol":"chat-completions","route":"upstream"}
17:01:41 [log] [sess-diag] engineFetch GET /experimental/session?roots=true&limit=2000 -> HTTP 200 elapsed=18ms responseBytes=29599 engineUrl= http://127.0.0.1:64167 engineId= (default)
17:01:41 [log] [sess-diag] loadEngineSessions: 原始条数 = 1
17:01:41 [log] [sess-diag] loadEngineSessions: reconcile 后 convos = 1 order = 1
17:01:41 [log] [sess-diag] loadEngineSessions: 耗时(ms) fetch = 20 repoRoots = 2 build+reconcile = 2 set = 1 total = 24
17:01:41 [info] [intervention] {"stage":"output","at":1790326901480,"runId":"fb65b57074d2fafd","sessionId":"b5094fe8d78e452f","assistantId":"5caf39a26c5e6ba7","textChars":2,"reviewSkipped":false}
17:02:09 [log] [perm-autopass] allow permission=bash
17:02:11 [log] [sess-diag] engineFetch GET /experimental/session?roots=true&limit=2000 -> HTTP 200 elapsed=15ms responseBytes=29599 engineUrl= http://127.0.0.1:64167 engineId= (default)
17:02:11 [log] [sess-diag] loadEngineSessions: 原始条数 = 1
17:02:11 [log] [sess-diag] loadEngineSessions: reconcile 后 convos = 1 order = 1
17:02:11 [log] [sess-diag] loadEngineSessions: 耗时(ms) fetch = 23 repoRoots = 2 build+reconcile = 2 set = 1 total = 27
17:02:11 [log] [perm-autopass] allow permission=bash
17:02:15 [info] [intervention] {"stage":"model.start","at":1790326935183,"requestId":"e8afa6511f9f68c0","origin":"b5094fe8d78e452f","runId":"fb65b57074d2fafd","sessionId":"b5094fe8d78e452f","userId":"fa86fbf691b9d852","assistantId":"7839fe78825d458b","ephemeral":false,"hasScope":true,"route":"upstream"}
17:02:15 [info] [intervention] {"stage":"fetch.start","at":1790326935195,"requestId":"e8afa6511f9f68c0","origin":"b5094fe8d78e452f","runId":"fb65b57074d2fafd","sessionId":"b5094fe8d78e452f","userId":"fa86fbf691b9d852","assistantId":"7839fe78825d458b","ephemeral":false,"hasScope":true,"protocol":"chat-completions","route":"upstream"}
17:02:18 [info] [intervention] {"stage":"fetch.response","at":1790326938679,"requestId":"e8afa6511f9f68c0","origin":"b5094fe8d78e452f","runId":"fb65b57074d2fafd","sessionId":"b5094fe8d78e452f","userId":"fa86fbf691b9d852","assistantId":"7839fe78825d458b","elapsedMs":3484,"status":200,"ephemeral":false,"hasScope":true,"protocol":"chat-completions","route":"upstream"}
17:02:22 [info] [intervention] {"stage":"output","at":1790326942674,"runId":"fb65b57074d2fafd","sessionId":"b5094fe8d78e452f","assistantId":"7839fe78825d458b","textChars":12,"reviewSkipped":false}
17:02:32 [log] [perm-autopass] allow permission=bash
17:02:49 [log] [sess-diag] engineFetch GET /experimental/session?roots=true&limit=2000 -> HTTP 200 elapsed=18ms responseBytes=29599 engineUrl= http://127.0.0.1:64167 engineId= (default)
17:02:49 [log] [sess-diag] loadEngineSessions: 原始条数 = 1
17:02:49 [log] [sess-diag] loadEngineSessions: reconcile 后 convos = 1 order = 1
17:02:49 [log] [sess-diag] loadEngineSessions: 耗时(ms) fetch = 20 repoRoots = 3 build+reconcile = 3 set = 2 total = 28
17:03:13 [log] [perm-autopass] allow permission=bash
17:03:15 [info] [intervention] {"stage":"model.start","at":1790326995922,"requestId":"e8afa6511f9f68c0","origin":"b5094fe8d78e452f","runId":"fb65b57074d2fafd","sessionId":"b5094fe8d78e452f","userId":"fa86fbf691b9d852","assistantId":"a175329431cf1153","ephemeral":false,"hasScope":true,"route":"upstream"}
17:03:15 [info] [intervention] {"stage":"fetch.start","at":1790326995960,"requestId":"e8afa6511f9f68c0","origin":"b5094fe8d78e452f","runId":"fb65b57074d2fafd","sessionId":"b5094fe8d78e452f","userId":"fa86fbf691b9d852","assistantId":"a175329431cf1153","ephemeral":false,"hasScope":true,"protocol":"chat-completions","route":"upstream"}
17:03:19 [info] [intervention] {"stage":"fetch.response","at":1790326999917,"requestId":"e8afa6511f9f68c0","origin":"b5094fe8d78e452f","runId":"fb65b57074d2fafd","sessionId":"b5094fe8d78e452f","userId":"fa86fbf691b9d852","assistantId":"a175329431cf1153","elapsedMs":3957,"status":200,"ephemeral":false,"hasScope":true,"protocol":"chat-completions","route":"upstream"}
17:03:21 [info] [intervention] {"stage":"output","at":1790327001159,"runId":"fb65b57074d2fafd","sessionId":"b5094fe8d78e452f","assistantId":"a175329431cf1153","textChars":3,"reviewSkipped":false}
17:03:24 [log] [perm-autopass] allow permission=bash
17:03:27 [info] [intervention] {"stage":"model.start","at":1790327007351,"requestId":"e8afa6511f9f68c0","origin":"b5094fe8d78e452f","runId":"fb65b57074d2fafd","sessionId":"b5094fe8d78e452f","userId":"fa86fbf691b9d852","assistantId":"f34602bf8bb6701b","ephemeral":false,"hasScope":true,"route":"upstream"}
17:03:27 [info] [intervention] {"stage":"fetch.start","at":1790327007391,"requestId":"e8afa6511f9f68c0","origin":"b5094fe8d78e452f","runId":"fb65b57074d2fafd","sessionId":"b5094fe8d78e452f","userId":"fa86fbf691b9d852","assistantId":"f34602bf8bb6701b","ephemeral":false,"hasScope":true,"protocol":"chat-completions","route":"upstream"}
17:03:33 [info] [experiment] key=feature_gates id=101197 type=string value={\n    "domestic": { "show_mcp_entry": false, "show_custom_model_button": true, "loop_streak_recovery": true, "show_evolve_entry": true,"show_computeruse": false, "show_browseruse": false, "show_pay": … elapsed=2ms
17:03:33 [info] [feature-gates] refresh: ok (elapsed=63ms)
17:03:34 [info] [intervention] {"stage":"fetch.response","at":1790327014089,"requestId":"e8afa6511f9f68c0","origin":"b5094fe8d78e452f","runId":"fb65b57074d2fafd","sessionId":"b5094fe8d78e452f","userId":"fa86fbf691b9d852","assistantId":"f34602bf8bb6701b","elapsedMs":6698,"status":200,"ephemeral":false,"hasScope":true,"protocol":"chat-completions","route":"upstream"}
17:03:35 [log] [sess-diag] engineFetch GET /experimental/session?roots=true&limit=2000 -> HTTP 200 elapsed=55ms responseBytes=29599 engineUrl= http://127.0.0.1:64167 engineId= (default)
17:03:35 [log] [sess-diag] loadEngineSessions: 原始条数 = 1
17:03:35 [log] [sess-diag] loadEngineSessions: reconcile 后 convos = 1 order = 1
17:03:35 [log] [sess-diag] loadEngineSessions: 耗时(ms) fetch = 72 repoRoots = 31 build+reconcile = 1 set = 1 total = 105
17:03:36 [info] [intervention] {"stage":"output","at":1790327016739,"runId":"fb65b57074d2fafd","sessionId":"b5094fe8d78e452f","assistantId":"f34602bf8bb6701b","textChars":4,"reviewSkipped":false}
17:03:40 [log] [perm-autopass] allow permission=bash
17:03:41 [log] [sess-diag] engineFetch GET /experimental/session?roots=true&limit=2000 -> HTTP 200 elapsed=12ms responseBytes=29599 engineUrl= http://127.0.0.1:64167 engineId= (default)
17:03:41 [log] [sess-diag] loadEngineSessions: 原始条数 = 1
17:03:41 [log] [sess-diag] loadEngineSessions: reconcile 后 convos = 1 order = 1
17:03:41 [log] [sess-diag] loadEngineSessions: 耗时(ms) fetch = 19 repoRoots = 1 build+reconcile = 1 set = 0 total = 21
17:03:42 [info] [intervention] {"stage":"model.start","at":1790327022194,"requestId":"e8afa6511f9f68c0","origin":"b5094fe8d78e452f","runId":"fb65b57074d2fafd","sessionId":"b5094fe8d78e452f","userId":"fa86fbf691b9d852","assistantId":"172cd1e03e6f4985","ephemeral":false,"hasScope":true,"route":"upstream"}
17:03:42 [info] [intervention] {"stage":"fetch.start","at":1790327022206,"requestId":"e8afa6511f9f68c0","origin":"b5094fe8d78e452f","runId":"fb65b57074d2fafd","sessionId":"b5094fe8d78e452f","userId":"fa86fbf691b9d852","assistantId":"172cd1e03e6f4985","ephemeral":false,"hasScope":true,"protocol":"chat-completions","route":"upstream"}
17:03:43 [info] [config] loading from: https://cdn-exp-sg-recommend.pt.xiaomi.com/service/getClientBitMapExpConf/mimoDesktop(%E6%96%B0%E5%8A%A0%E5%9D%A1)
17:03:44 [info] [config] loaded tree for mimoDesktop(新加坡): children=2, upRuleIds=0
17:03:44 [info] [config] remote config loaded: 1 apps
17:03:44 [info] [config] loaded successfully: 1 apps
17:03:46 [info] [intervention] {"stage":"fetch.response","at":1790327026537,"requestId":"e8afa6511f9f68c0","origin":"b5094fe8d78e452f","runId":"fb65b57074d2fafd","sessionId":"b5094fe8d78e452f","userId":"fa86fbf691b9d852","assistantId":"172cd1e03e6f4985","elapsedMs":4331,"status":200,"ephemeral":false,"hasScope":true,"protocol":"chat-completions","route":"upstream"}
17:03:53 [log] [perm-autopass] allow permission=bash
17:04:11 [info] [intervention] {"stage":"model.start","at":1790327051459,"requestId":"e8afa6511f9f68c0","origin":"b5094fe8d78e452f","runId":"fb65b57074d2fafd","sessionId":"b5094fe8d78e452f","userId":"fa86fbf691b9d852","assistantId":"66548e401910fd68","ephemeral":false,"hasScope":true,"route":"upstream"}
17:04:11 [info] [intervention] {"stage":"fetch.start","at":1790327051471,"requestId":"e8afa6511f9f68c0","origin":"b5094fe8d78e452f","runId":"fb65b57074d2fafd","sessionId":"b5094fe8d78e452f","userId":"fa86fbf691b9d852","assistantId":"66548e401910fd68","ephemeral":false,"hasScope":true,"protocol":"chat-completions","route":"upstream"}
17:04:11 [log] [sess-diag] engineFetch GET /experimental/session?roots=true&limit=2000 -> HTTP 200 elapsed=249ms responseBytes=29599 engineUrl= http://127.0.0.1:64167 engineId= (default)
17:04:11 [log] [sess-diag] loadEngineSessions: 原始条数 = 1
17:04:11 [log] [sess-diag] loadEngineSessions: reconcile 后 convos = 1 order = 1
17:04:11 [log] [sess-diag] loadEngineSessions: 耗时(ms) fetch = 264 repoRoots = 5 build+reconcile = 1 set = 1 total = 271
17:04:22 [info] [intervention] {"stage":"fetch.response","at":1790327062214,"requestId":"e8afa6511f9f68c0","origin":"b5094fe8d78e452f","runId":"fb65b57074d2fafd","sessionId":"b5094fe8d78e452f","userId":"fa86fbf691b9d852","assistantId":"66548e401910fd68","elapsedMs":10743,"status":200,"ephemeral":false,"hasScope":true,"protocol":"chat-completions","route":"upstream"}
17:04:23 [info] [intervention] {"stage":"output","at":1790327063910,"runId":"fb65b57074d2fafd","sessionId":"b5094fe8d78e452f","assistantId":"66548e401910fd68","textChars":11,"reviewSkipped":false}
17:04:29 [log] [perm-autopass] allow permission=bash
17:04:35 [info] [intervention] {"stage":"model.start","at":1790327075499,"requestId":"e8afa6511f9f68c0","origin":"b5094fe8d78e452f","runId":"fb65b57074d2fafd","sessionId":"b5094fe8d78e452f","userId":"fa86fbf691b9d852","assistantId":"c4d7e9fecba1d0ee","ephemeral":false,"hasScope":true,"route":"upstream"}
17:04:35 [info] [intervention] {"stage":"fetch.start","at":1790327075510,"requestId":"e8afa6511f9f68c0","origin":"b5094fe8d78e452f","runId":"fb65b57074d2fafd","sessionId":"b5094fe8d78e452f","userId":"fa86fbf691b9d852","assistantId":"c4d7e9fecba1d0ee","ephemeral":false,"hasScope":true,"protocol":"chat-completions","route":"upstream"}
17:04:39 [info] [intervention] {"stage":"fetch.response","at":1790327079007,"requestId":"e8afa6511f9f68c0","origin":"b5094fe8d78e452f","runId":"fb65b57074d2fafd","sessionId":"b5094fe8d78e452f","userId":"fa86fbf691b9d852","assistantId":"c4d7e9fecba1d0ee","elapsedMs":3497,"status":200,"ephemeral":false,"hasScope":true,"protocol":"chat-completions","route":"upstream"}
17:04:40 [info] [intervention] {"stage":"output","at":1790327080631,"runId":"fb65b57074d2fafd","sessionId":"b5094fe8d78e452f","assistantId":"c4d7e9fecba1d0ee","textChars":1,"reviewSkipped":false}
17:04:41 [log] [sess-diag] engineFetch GET /experimental/session?roots=true&limit=2000 -> HTTP 200 elapsed=10ms responseBytes=29599 engineUrl= http://127.0.0.1:64167 engineId= (default)
17:04:41 [log] [sess-diag] loadEngineSessions: 原始条数 = 1
17:04:41 [log] [sess-diag] loadEngineSessions: reconcile 后 convos = 1 order = 1
17:04:41 [log] [sess-diag] loadEngineSessions: 耗时(ms) fetch = 13 repoRoots = 5 build+reconcile = 1 set = 1 total = 20
17:04:50 [log] [perm-model-approve] start permission=bash model=mimo-pro
17:04:54 [log] [perm-model-approve] http candidate=session:mimo-pro protocol=openai model=mimo-pro host=mimo-server-cn.xiaomimimo.com probe=true timeout
17:04:54 [log] [perm-model-approve] probe candidate=session model=mimo-pro ok=false
17:04:54 [log] [perm-model-approve] skip permission=bash reason=no-candidate
17:06:16 [info] [boot] MiMo Desktop version=26.923.232338 platform=win32 arch=arm64 os=Windows_NT/10.0.26200 sysver=10.0.26200 mem=7.7GB(free 1.9GB) edition=domestic packaged=true theme=system e2e=false authBypass=false logs=C:\Users\xiaomi\AppData\Roaming\Xiaomi MiMo\logs
17:06:16 [info] [terminal-env] snapshot source: win-registry
17:06:16 [info] [runtimes] injected env: MIMO_NODE,MIMO_PYTHON,MIMO_QPDF,MIMO_GITHUB_MCP_SERVER,MIMO_NODE_MODULES,MIMO_RIPGREP_PATH,MIMO_ELECTRON_NODE_HOST,PYTHONDONTWRITEBYTECODE
17:06:16 [log] [api-base] cached-region reader injected after settle -> ignored
17:06:16 [log] [api-base] system-country reader injected after settle -> ignored
17:06:16 [info] [user-auth] init ok requiresCnAccount=true cachedRegion=CN localeCountry=CN
17:06:16 [warn] [libreoffice-runtime] setup not-configured key=win32-arm64 (manifest 缺项或未发布;静默降级)
17:06:16 [info] [on-demand-assets] setup ready descriptors=soundfont(1f),query-classifier(4f) not-configured=none
17:06:16 [info] [engine] reloadConfigOnNextSession (plugin change)
17:06:16 [error] [plugins] registry corrupt/unreadable at startup seed; closing automation HostMcp gate
17:06:16 [info] [engine] reloadConfigOnNextSession (plugin change)
17:06:16 [info] [plugins] setup ok count=0
17:06:16 [info] [apm] region=CN source=cache
17:06:16 [log] [evolve-observatory] evolve observatory server listening on 127.0.0.1:59078
17:06:16 [log] [mimo][api] listening on 127.0.0.1:59079
17:06:16 [info] [boot] app ready in 934.72412109375ms
17:06:16 [error] [plugins] registry corrupt/unreadable at readiness settle; keeping automation HostMcp gate closed
17:06:16 [info] [engine] reloadConfigOnNextSession (plugin change)
17:06:16 [info] [presentation-host] started socket=C:\Users\xiaomi\AppData\Roaming\Xiaomi MiMo\presentation-host\526bb9c3d801.sock
17:06:16 [info] [application] activated (main window created)
17:06:16 [info] [tray] enabled=true
17:06:16 [info] [updater] setup begin
17:06:16 [info] [updater] setup platform=win32 packaged=true version=26.923.232338 e2e=false
17:06:16 [info] [updater/win] transaction reconcile kind=none
17:06:16 [info] [updater/win] auto-updater path feed=https://mimocode-cdn.xiaomimimo.com/mimocode/mimodesktop/manifest.json
17:06:16 [info] [engine] prewarm startEngine
17:06:17 [info] [plugins] automation background startup settled {"elapsedMs":709}
17:06:18 [info] [db] prewarm ok in 1943ms
17:06:18 [info] [artifacts] reconciliation starting
17:06:18 [log] [xiaomi-auth] probeStatus start (hidden-window path)
17:06:18 [info] [engine] HostMcp runtime available=true
17:06:19 [info] [engine] reloadConfigOnNextSession (plugin change)
17:06:19 [warn] [query-classification] warmup-unavailable {"code":"inference-failed"}
17:06:21 [log] [DeviceId] generated:
17:06:23 [log] [mimo] engine in-process server ready http://127.0.0.1:51053
17:06:23 [info] [engine] prewarm ok
17:06:23 [info] [mimo] loop_streak_recovery=on · experimental crop enabled for next requests
17:06:23 [info] [libreoffice-runtime] prefetch skipped (not-configured)
17:06:23 [info] [on-demand-assets] prefetch start queue=[soundfont,query-classifier]
17:06:23 [info] [on-demand-assets] soundfont cache-hit (1 files);skip download
17:06:23 [info] [on-demand-assets] query-classifier cache-hit (4 files);skip download
17:06:23 [log] [model-catalog] xiaomi login not confirmed -> skip fetch, keep cache
17:06:23 [info] Checking for update
17:06:24 [error] (node:19440) [DEP0180] DeprecationWarning: fs.Stats constructor is deprecated.\n(Use `Xiaomi MiMo --trace-deprecation ...` to show where the warning was created)
17:06:24 [info] Update for version 26.923.232338 is not available (latest version: 26.923.232338, downgrade is disallowed).
17:06:24 [log] [sess-diag] engineFetch GET /experimental/session?roots=true&limit=2000 -> HTTP 200 elapsed=1135ms responseBytes=29599 engineUrl= http://127.0.0.1:51053 engineId= (default)
17:06:24 [log] [sess-diag] loadEngineSessions: 原始条数 = 1
17:06:24 [log] [sess-diag] loadEngineSessions: reconcile 后 convos = 1 order = 1
17:06:24 [log] [sess-diag] loadEngineSessions: 耗时(ms) fetch = 1171 repoRoots = 11 build+reconcile = 2 set = 1 total = 1185
17:06:24 [info] [artifacts] reconciliation started
17:06:25 [log] [sess-diag] engineFetch GET /session/ses_ffe5f298357dfffeN82Wln2VmT/recovery -> HTTP 200 elapsed=83ms responseBytes=151 engineUrl= http://127.0.0.1:51053 engineId= (default)
17:06:25 [log] [sess-diag] engineFetch GET /session/ses_ffe5f298357dfffeN82Wln2VmT/message -> HTTP 200 elapsed=55ms responseBytes=1836659 engineUrl= http://127.0.0.1:51053 engineId= (default)
17:06:26 [log] [sess-diag] engineFetch GET /session/ses_ffe5f298357dfffeN82Wln2VmT/actors -> HTTP 200 elapsed=118ms responseBytes=406 engineUrl= http://127.0.0.1:51053 engineId= (default)
17:06:26 [log] [sess-diag] engineFetch GET /experimental/session?roots=true&limit=2000 -> HTTP 200 elapsed=27ms responseBytes=29599 engineUrl= http://127.0.0.1:51053 engineId= (default)
17:06:26 [log] [sess-diag] loadEngineSessions: 原始条数 = 1
17:06:26 [log] [sess-diag] loadEngineSessions: reconcile 后 convos = 1 order = 1
17:06:26 [log] [sess-diag] loadEngineSessions: 耗时(ms) fetch = 29 repoRoots = 1 build+reconcile = 1 set = 0 total = 31
17:06:30 [log] [xiaomi-auth] probeStatus done kind=indeterminate
17:06:30 [info] [user-auth] initialize done xiaomi-logged-in=false
17:06:30 [error] [xiaomi-auth] hidden session preparation failed Error: ERR_FAILED (-2) loading 'https://mimo-server-cn.xiaomimimo.com/api/user/xiaomi/me'\n    at rejectAndCleanup (node:electron/js2c/browser_init:2:89772)\n    at finishListener (node:electron/js2c/browser_init:2:89934)\n    at WebContents.stopLoadingListener (node:electron/js2c/browser_init:2:90321)\n    at WebContents.emit (node:events:521:24)
17:06:35 [log] [xiaomi-auth] probeStatus start (hidden-window path)
17:06:47 [log] [xiaomi-auth] probeStatus done kind=indeterminate
17:06:47 [error] [xiaomi-auth] hidden session preparation failed Error: ERR_FAILED (-2) loading 'https://mimo-server-cn.xiaomimimo.com/api/user/xiaomi/me'\n    at rejectAndCleanup (node:electron/js2c/browser_init:2:89772)\n    at finishListener (node:electron/js2c/browser_init:2:89934)\n    at WebContents.stopLoadingListener (node:electron/js2c/browser_init:2:90321)\n    at WebContents.emit (node:events:521:24)
17:06:53 [log] [sess-diag] engineFetch GET /experimental/session?roots=true&limit=2000 -> HTTP 200 elapsed=25ms responseBytes=29599 engineUrl= http://127.0.0.1:51053 engineId= (default)
17:06:53 [log] [sess-diag] loadEngineSessions: 原始条数 = 1
17:06:53 [log] [sess-diag] loadEngineSessions: reconcile 后 convos = 1 order = 1
17:06:53 [log] [sess-diag] loadEngineSessions: 耗时(ms) fetch = 27 repoRoots = 5 build+reconcile = 1 set = 1 total = 34
17:07:02 [log] [xiaomi-auth] probeStatus start (hidden-window path)
17:07:03 [log] [xiaomi-auth] probeStatus done kind=authenticated userId=602054437
17:07:04 [info] [experiment] initializing app=mimoDesktop(新加坡) env=ksmoscloudsrv service=<sdk-default>
17:07:04 [info] [config] loading from: https://cdn-exp-sg-recommend.pt.xiaomi.com/service/getClientBitMapExpConf/mimoDesktop(%E6%96%B0%E5%8A%A0%E5%9D%A1)
17:07:05 [info] [config] loaded tree for mimoDesktop(新加坡): children=2, upRuleIds=0
17:07:05 [info] [config] remote config loaded: 1 apps
17:07:05 [info] [config] loaded successfully: 1 apps
17:07:05 [info] [experiment] key=feature_gates id=101197 type=string value={\n    "domestic": { "show_mcp_entry": false, "show_custom_model_button": true, "loop_streak_recovery": true, "show_evolve_entry": true,"show_computeruse": false, "show_browseruse": false, "show_pay": … elapsed=926ms
17:07:05 [info] [feature-gates] refresh: ok (elapsed=936ms)
17:07:23 [log] [sess-diag] engineFetch GET /experimental/session?roots=true&limit=2000 -> HTTP 200 elapsed=22ms responseBytes=29599 engineUrl= http://127.0.0.1:51053 engineId= (default)
17:07:23 [log] [sess-diag] loadEngineSessions: 原始条数 = 1
17:07:23 [log] [sess-diag] loadEngineSessions: reconcile 后 convos = 1 order = 1
17:07:23 [log] [sess-diag] loadEngineSessions: 耗时(ms) fetch = 42 repoRoots = 4 build+reconcile = 1 set = 1 total = 47
17:07:33 [info] [intervention] {"stage":"query","at":1790327253823,"requestId":"1cc800077342fe13","origin":"b5094fe8d78e452f","elapsedMs":103,"textChars":46,"queryChars":46,"truncated":false,"result":"miss","reviewId":"mimo-intv-mimo_pc_input_text-278d25749ccc4305895a380606ec3d5c"}
17:07:34 [info] [content-review] app=mimo_pc_input_text source=input why=oneshot batch=528a44b1d5dc54de api=/api/audit/check len=46 images=0 sha=ffebac8c2a62 session=ses_ffe5f298357dfffeN82Wln2VmT elapsed=177ms verdict=pass reviewId=mimo-mimo_pc_input_text-bb17abd9a26d4f9b9c39a648a95d0d6c detail=[serverVerdict=pass resultCode=1 subCode=9 aigc=- hints=0 detailsLen=0 resp=[passed=pass resultCode=1 reviewId=mimo-mimo_pc_input_text-bb17abd9a26d4f9b9c39a648a95d0d6c offlineReason= offlineDetails=[0 chars] hint=[0 items] subCode=9 aigc=null]]
17:07:34 [info] [intervention] {"stage":"prepared","at":1790327254002,"requestId":"1cc800077342fe13","origin":"b5094fe8d78e452f","elapsedMs":282,"textChars":46,"result":"ready","reviewId":"mimo-intv-mimo_pc_input_text-278d25749ccc4305895a380606ec3d5c"}
17:07:34 [info] [intervention] {"stage":"claim","at":1790327254018,"requestId":"1cc800077342fe13","origin":"b5094fe8d78e452f","sessionId":"b5094fe8d78e452f","elapsedMs":298,"textChars":46,"reviewId":"mimo-intv-mimo_pc_input_text-278d25749ccc4305895a380606ec3d5c"}
17:07:34 [info] [smart-router] {"origin":"ses_ffe5f298357dfffeN82Wln2VmT","model":"mimo-pro"}
17:07:34 [info] [harness] session origin=ses_ffe5f298357dfffeN82Wln2VmT sid=ses_ffe5f298357dfffeN82Wln2VmT source=user msgLen=46
17:07:34 [info] [turn-power-save] acquired sysId=0 mode=prevent-app-suspension first=run:ses_ffe5f298357dfffeN82Wln2VmT
17:07:34 [info] [intervention] {"stage":"dispatch","at":1790327254272,"requestId":"1cc800077342fe13","origin":"b5094fe8d78e452f","runId":"855aa45a0d828d58","sessionId":"b5094fe8d78e452f","elapsedMs":552,"textChars":46,"reviewId":"mimo-intv-mimo_pc_input_text-278d25749ccc4305895a380606ec3d5c"}
17:07:34 [info] [intervention] {"stage":"user-bound","at":1790327254380,"requestId":"1cc800077342fe13","origin":"b5094fe8d78e452f","runId":"855aa45a0d828d58","sessionId":"b5094fe8d78e452f","userId":"f41b96bc291248cf","elapsedMs":660,"textChars":46,"reviewId":"mimo-intv-mimo_pc_input_text-278d25749ccc4305895a380606ec3d5c"}
17:07:34 [info] [intervention] {"stage":"model.start","at":1790327254809,"requestId":"1cc800077342fe13","origin":"b5094fe8d78e452f","runId":"855aa45a0d828d58","sessionId":"b5094fe8d78e452f","userId":"f41b96bc291248cf","assistantId":"453ab607449b96f5","ephemeral":false,"hasScope":true,"route":"upstream"}
17:07:34 [info] [intervention] {"stage":"fetch.start","at":1790327254824,"requestId":"1cc800077342fe13","origin":"b5094fe8d78e452f","runId":"855aa45a0d828d58","sessionId":"b5094fe8d78e452f","userId":"f41b96bc291248cf","assistantId":"453ab607449b96f5","ephemeral":false,"hasScope":true,"protocol":"chat-completions","route":"upstream"}
17:07:38 [info] [intervention] {"stage":"fetch.response","at":1790327258617,"requestId":"1cc800077342fe13","origin":"b5094fe8d78e452f","runId":"855aa45a0d828d58","sessionId":"b5094fe8d78e452f","userId":"f41b96bc291248cf","assistantId":"453ab607449b96f5","elapsedMs":3793,"status":200,"ephemeral":false,"hasScope":true,"protocol":"chat-completions","route":"upstream"}
17:07:46 [info] [content-review/turn-binding] note-no-slot key=ses_ffe5f298357dfffeN82Wln2VmT anchor=msg:msg_g001a0d7d1ee79001i3fpQVD3p
17:07:46 [info] [intervention] {"stage":"output","at":1790327266218,"runId":"855aa45a0d828d58","sessionId":"b5094fe8d78e452f","assistantId":"453ab607449b96f5","textChars":4,"reviewSkipped":false}
17:07:53 [log] [sess-diag] engineFetch GET /experimental/session?roots=true&limit=2000 -> HTTP 200 elapsed=18ms responseBytes=29599 engineUrl= http://127.0.0.1:51053 engineId= (default)
17:07:53 [log] [sess-diag] loadEngineSessions: 原始条数 = 1
17:07:53 [log] [sess-diag] loadEngineSessions: reconcile 后 convos = 1 order = 1
17:07:53 [log] [sess-diag] loadEngineSessions: 耗时(ms) fetch = 24 repoRoots = 2 build+reconcile = 4 set = 1 total = 32
17:08:06 [log] [perm-autopass] allow permission=bash
17:08:08 [log] [perm-model-approve] start permission=bash model=mimo-pro
17:08:10 [log] [perm-model-approve] http candidate=session:mimo-pro protocol=openai model=mimo-pro host=mimo-server-cn.xiaomimimo.com probe=true status=200
17:08:10 [log] [perm-model-approve] probe candidate=session model=mimo-pro ok=true
17:08:14 [log] [perm-model-approve] http candidate=session:mimo-pro protocol=openai model=mimo-pro host=mimo-server-cn.xiaomimimo.com probe=false status=200
17:08:14 [log] [perm-model-approve] judge permission=bash candidate=session model=mimo-pro queries=1 decision=ask
17:08:23 [log] [sess-diag] engineFetch GET /experimental/session?roots=true&limit=2000 -> HTTP 200 elapsed=11ms responseBytes=29599 engineUrl= http://127.0.0.1:51053 engineId= (default)
17:08:23 [log] [sess-diag] loadEngineSessions: 原始条数 = 1
17:08:23 [log] [sess-diag] loadEngineSessions: reconcile 后 convos = 1 order = 1
17:08:23 [log] [sess-diag] loadEngineSessions: 耗时(ms) fetch = 17 repoRoots = 4 build+reconcile = 2 set = 1 total = 23
17:08:31 [log] [sess-diag] engineFetch GET /experimental/session?roots=true&limit=2000 -> HTTP 200 elapsed=19ms responseBytes=29599 engineUrl= http://127.0.0.1:51053 engineId= (default)
17:08:31 [log] [sess-diag] loadEngineSessions: 原始条数 = 1
17:08:31 [log] [sess-diag] loadEngineSessions: reconcile 后 convos = 1 order = 1
17:08:31 [log] [sess-diag] loadEngineSessions: 耗时(ms) fetch = 27 repoRoots = 1 build+reconcile = 1 set = 2 total = 31
17:08:34 [info] [intervention] {"stage":"model.start","at":1790327314146,"requestId":"1cc800077342fe13","origin":"b5094fe8d78e452f","runId":"855aa45a0d828d58","sessionId":"b5094fe8d78e452f","userId":"f41b96bc291248cf","assistantId":"e32ee176537fe52e","ephemeral":false,"hasScope":true,"route":"upstream"}
17:08:34 [info] [intervention] {"stage":"fetch.start","at":1790327314159,"requestId":"1cc800077342fe13","origin":"b5094fe8d78e452f","runId":"855aa45a0d828d58","sessionId":"b5094fe8d78e452f","userId":"f41b96bc291248cf","assistantId":"e32ee176537fe52e","ephemeral":false,"hasScope":true,"protocol":"chat-completions","route":"upstream"}
17:08:39 [info] [intervention] {"stage":"fetch.response","at":1790327319447,"requestId":"1cc800077342fe13","origin":"b5094fe8d78e452f","runId":"855aa45a0d828d58","sessionId":"b5094fe8d78e452f","userId":"f41b96bc291248cf","assistantId":"e32ee176537fe52e","elapsedMs":5288,"status":200,"ephemeral":false,"hasScope":true,"protocol":"chat-completions","route":"upstream"}
17:08:46 [info] [intervention] {"stage":"output","at":1790327326435,"runId":"855aa45a0d828d58","sessionId":"b5094fe8d78e452f","assistantId":"e32ee176537fe52e","textChars":2,"reviewSkipped":false}
17:08:53 [log] [sess-diag] engineFetch GET /experimental/session?roots=true&limit=2000 -> HTTP 200 elapsed=19ms responseBytes=29599 engineUrl= http://127.0.0.1:51053 engineId= (default)
17:08:53 [log] [sess-diag] loadEngineSessions: 原始条数 = 1
17:08:53 [log] [sess-diag] loadEngineSessions: reconcile 后 convos = 1 order = 1
17:08:53 [log] [sess-diag] loadEngineSessions: 耗时(ms) fetch = 24 repoRoots = 45 build+reconcile = 2 set = 1 total = 72
17:08:54 [log] [perm-autopass] allow permission=bash
17:08:55 [info] [intervention] {"stage":"model.start","at":1790327335973,"requestId":"1cc800077342fe13","origin":"b5094fe8d78e452f","runId":"855aa45a0d828d58","sessionId":"b5094fe8d78e452f","userId":"f41b96bc291248cf","assistantId":"afbe93ed641ef5f0","ephemeral":false,"hasScope":true,"route":"upstream"}
17:08:55 [info] [intervention] {"stage":"fetch.start","at":1790327335985,"requestId":"1cc800077342fe13","origin":"b5094fe8d78e452f","runId":"855aa45a0d828d58","sessionId":"b5094fe8d78e452f","userId":"f41b96bc291248cf","assistantId":"afbe93ed641ef5f0","ephemeral":false,"hasScope":true,"protocol":"chat-completions","route":"upstream"}
17:09:03 [info] [intervention] {"stage":"fetch.response","at":1790327343983,"requestId":"1cc800077342fe13","origin":"b5094fe8d78e452f","runId":"855aa45a0d828d58","sessionId":"b5094fe8d78e452f","userId":"f41b96bc291248cf","assistantId":"afbe93ed641ef5f0","elapsedMs":7998,"status":200,"ephemeral":false,"hasScope":true,"protocol":"chat-completions","route":"upstream"}
17:09:04 [info] [intervention] {"stage":"output","at":1790327344841,"runId":"855aa45a0d828d58","sessionId":"b5094fe8d78e452f","assistantId":"afbe93ed641ef5f0","textChars":1,"reviewSkipped":false}
17:09:23 [log] [sess-diag] engineFetch GET /experimental/session?roots=true&limit=2000 -> HTTP 200 elapsed=24ms responseBytes=29599 engineUrl= http://127.0.0.1:51053 engineId= (default)
17:09:23 [log] [sess-diag] loadEngineSessions: 原始条数 = 1
17:09:23 [log] [sess-diag] loadEngineSessions: reconcile 后 convos = 1 order = 1
17:09:23 [log] [sess-diag] loadEngineSessions: 耗时(ms) fetch = 26 repoRoots = 2 build+reconcile = 1 set = 1 total = 30
17:09:29 [log] [perm-autopass] allow permission=external_directory
17:09:30 [info] [intervention] {"stage":"model.start","at":1790327370123,"requestId":"1cc800077342fe13","origin":"b5094fe8d78e452f","runId":"855aa45a0d828d58","sessionId":"b5094fe8d78e452f","userId":"f41b96bc291248cf","assistantId":"d658c89c78249798","ephemeral":false,"hasScope":true,"route":"upstream"}
17:09:30 [info] [intervention] {"stage":"fetch.start","at":1790327370135,"requestId":"1cc800077342fe13","origin":"b5094fe8d78e452f","runId":"855aa45a0d828d58","sessionId":"b5094fe8d78e452f","userId":"f41b96bc291248cf","assistantId":"d658c89c78249798","ephemeral":false,"hasScope":true,"protocol":"chat-completions","route":"upstream"}
17:09:33 [info] [intervention] {"stage":"fetch.response","at":1790327373309,"requestId":"1cc800077342fe13","origin":"b5094fe8d78e452f","runId":"855aa45a0d828d58","sessionId":"b5094fe8d78e452f","userId":"f41b96bc291248cf","assistantId":"d658c89c78249798","elapsedMs":3174,"status":200,"ephemeral":false,"hasScope":true,"protocol":"chat-completions","route":"upstream"}
17:09:36 [log] [perm-autopass] allow permission=bash
17:09:38 [info] [intervention] {"stage":"model.start","at":1790327378680,"requestId":"1cc800077342fe13","origin":"b5094fe8d78e452f","runId":"855aa45a0d828d58","sessionId":"b5094fe8d78e452f","userId":"f41b96bc291248cf","assistantId":"3814280935561e4d","ephemeral":false,"hasScope":true,"route":"upstream"}
17:09:38 [info] [intervention] {"stage":"fetch.start","at":1790327378692,"requestId":"1cc800077342fe13","origin":"b5094fe8d78e452f","runId":"855aa45a0d828d58","sessionId":"b5094fe8d78e452f","userId":"f41b96bc291248cf","assistantId":"3814280935561e4d","ephemeral":false,"hasScope":true,"protocol":"chat-completions","route":"upstream"}
17:09:42 [info] [intervention] {"stage":"fetch.response","at":1790327382867,"requestId":"1cc800077342fe13","origin":"b5094fe8d78e452f","runId":"855aa45a0d828d58","sessionId":"b5094fe8d78e452f","userId":"f41b96bc291248cf","assistantId":"3814280935561e4d","elapsedMs":4175,"status":200,"ephemeral":false,"hasScope":true,"protocol":"chat-completions","route":"upstream"}
17:09:45 [info] [intervention] {"stage":"model.start","at":1790327385924,"requestId":"1cc800077342fe13","origin":"b5094fe8d78e452f","runId":"855aa45a0d828d58","sessionId":"b5094fe8d78e452f","userId":"f41b96bc291248cf","assistantId":"33b9d478104a0643","ephemeral":false,"hasScope":true,"route":"upstream"}
17:09:45 [info] [intervention] {"stage":"fetch.start","at":1790327385935,"requestId":"1cc800077342fe13","origin":"b5094fe8d78e452f","runId":"855aa45a0d828d58","sessionId":"b5094fe8d78e452f","userId":"f41b96bc291248cf","assistantId":"33b9d478104a0643","ephemeral":false,"hasScope":true,"protocol":"chat-completions","route":"upstream"}
17:09:46 [info] [content-review] app=mimo_pc_output_text source=artifact why=oneshot batch=86f0d76967f16eed api=/api/audit/check len=374 images=0 sha=c74d3521aff3 session=ses_ffe5f298357dfffeN82Wln2VmT file=[electron-arm64-port.md] elapsed=245ms verdict=pass reviewId=mimo-mimo_pc_output_text-b585bac21d9547fcb75c27bef61fb059 detail=[serverVerdict=pass resultCode=1 subCode=9 aigc=- hints=0 detailsLen=0 resp=[passed=pass resultCode=1 reviewId=mimo-mimo_pc_output_text-b585bac21d9547fcb75c27bef61fb059 offlineReason= offlineDetails=[0 chars] hint=[0 items] subCode=9 aigc=null]]
17:09:46 [info] [content-review] app=mimo_pc_output_text source=artifact why=oneshot batch=86f0d76967f16eed api=/api/audit/check len=391 images=0 sha=d6c623d02e82 session=ses_ffe5f298357dfffeN82Wln2VmT file=[electron-arm64-port.md] elapsed=348ms verdict=pass reviewId=mimo-mimo_pc_output_text-4a0bfbd094dd404f8c35b3f49884d178 detail=[serverVerdict=pass resultCode=1 subCode=9 aigc=- hints=0 detailsLen=0 resp=[passed=pass resultCode=1 reviewId=mimo-mimo_pc_output_text-4a0bfbd094dd404f8c35b3f49884d178 offlineReason= offlineDetails=[0 chars] hint=[0 items] subCode=9 aigc=null]]
17:09:46 [info] [content-review] app=mimo_pc_output_text source=artifact why=oneshot batch=86f0d76967f16eed api=/api/audit/check len=366 images=0 sha=4ca98ae5a4cc session=ses_ffe5f298357dfffeN82Wln2VmT file=[electron-arm64-port.md] elapsed=232ms verdict=pass reviewId=mimo-mimo_pc_output_text-771187ae5d2c44a2abd49e300ddf2ec2 detail=[serverVerdict=pass resultCode=1 subCode=9 aigc=- hints=0 detailsLen=0 resp=[passed=pass resultCode=1 reviewId=mimo-mimo_pc_output_text-771187ae5d2c44a2abd49e300ddf2ec2 offlineReason= offlineDetails=[0 chars] hint=[0 items] subCode=9 aigc=null]]
17:09:47 [info] [content-review] app=mimo_pc_output_text source=artifact why=oneshot batch=86f0d76967f16eed api=/api/audit/check len=389 images=0 sha=2028e493b2f1 session=ses_ffe5f298357dfffeN82Wln2VmT file=[electron-arm64-port.md] elapsed=236ms verdict=pass reviewId=mimo-mimo_pc_output_text-264101f11038442bbb224708580a5adf detail=[serverVerdict=pass resultCode=1 subCode=9 aigc=- hints=0 detailsLen=0 resp=[passed=pass resultCode=1 reviewId=mimo-mimo_pc_output_text-264101f11038442bbb224708580a5adf offlineReason= offlineDetails=[0 chars] hint=[0 items] subCode=9 aigc=null]]
17:09:47 [info] [content-review] app=mimo_pc_output_text source=artifact why=oneshot batch=86f0d76967f16eed api=/api/audit/check len=358 images=0 sha=0d12df5bbb0e session=ses_ffe5f298357dfffeN82Wln2VmT file=[electron-arm64-port.md] elapsed=206ms verdict=pass reviewId=mimo-mimo_pc_output_text-6d31116e39c84260b030b5ac275897e9 detail=[serverVerdict=pass resultCode=1 subCode=9 aigc=- hints=0 detailsLen=0 resp=[passed=pass resultCode=1 reviewId=mimo-mimo_pc_output_text-6d31116e39c84260b030b5ac275897e9 offlineReason= offlineDetails=[0 chars] hint=[0 items] subCode=9 aigc=null]]
17:09:47 [info] [content-review] app=mimo_pc_output_text source=artifact why=oneshot batch=86f0d76967f16eed api=/api/audit/check len=391 images=0 sha=5a1bae5824b6 session=ses_ffe5f298357dfffeN82Wln2VmT file=[electron-arm64-port.md] elapsed=239ms verdict=pass reviewId=mimo-mimo_pc_output_text-07b34dee003049338c03ade8c6c211e4 detail=[serverVerdict=pass resultCode=1 subCode=9 aigc=- hints=0 detailsLen=0 resp=[passed=pass resultCode=1 reviewId=mimo-mimo_pc_output_text-07b34dee003049338c03ade8c6c211e4 offlineReason= offlineDetails=[0 chars] hint=[0 items] subCode=9 aigc=null]]
17:09:47 [info] [content-review] app=mimo_pc_output_text source=artifact why=oneshot batch=86f0d76967f16eed api=/api/audit/check len=339 images=0 sha=88a2b066e750 session=ses_ffe5f298357dfffeN82Wln2VmT file=[electron-arm64-port.md] elapsed=243ms verdict=pass reviewId=mimo-mimo_pc_output_text-7b0a348c151f4b00ac4a3f259ca7876e detail=[serverVerdict=pass resultCode=1 subCode=9 aigc=- hints=0 detailsLen=0 resp=[passed=pass resultCode=1 reviewId=mimo-mimo_pc_output_text-7b0a348c151f4b00ac4a3f259ca7876e offlineReason= offlineDetails=[0 chars] hint=[0 items] subCode=9 aigc=null]]
17:09:48 [info] [content-review] app=mimo_pc_output_text source=artifact why=oneshot batch=86f0d76967f16eed api=/api/audit/check len=335 images=0 sha=c6948011c7d7 session=ses_ffe5f298357dfffeN82Wln2VmT file=[electron-arm64-port.md] elapsed=271ms verdict=pass reviewId=mimo-mimo_pc_output_text-ef76de5330af4b1781e38d2efea7b65c detail=[serverVerdict=pass resultCode=1 subCode=9 aigc=- hints=0 detailsLen=0 resp=[passed=pass resultCode=1 reviewId=mimo-mimo_pc_output_text-ef76de5330af4b1781e38d2efea7b65c offlineReason= offlineDetails=[0 chars] hint=[0 items] subCode=9 aigc=null]]
17:09:48 [info] [content-review] app=mimo_pc_output_text source=artifact why=oneshot batch=86f0d76967f16eed api=/api/audit/check len=334 images=0 sha=1e7b1d2492d7 session=ses_ffe5f298357dfffeN82Wln2VmT file=[electron-arm64-port.md] elapsed=261ms verdict=pass reviewId=mimo-mimo_pc_output_text-df39dc166bf54df1b1f2e63bb12d9c3e detail=[serverVerdict=pass resultCode=1 subCode=9 aigc=- hints=0 detailsLen=0 resp=[passed=pass resultCode=1 reviewId=mimo-mimo_pc_output_text-df39dc166bf54df1b1f2e63bb12d9c3e offlineReason= offlineDetails=[0 chars] hint=[0 items] subCode=9 aigc=null]]
17:09:48 [info] [content-review] app=mimo_pc_output_text source=artifact why=oneshot batch=86f0d76967f16eed api=/api/audit/check len=175 images=0 sha=ad14f9324939 session=ses_ffe5f298357dfffeN82Wln2VmT file=[electron-arm64-port.md] elapsed=173ms verdict=pass reviewId=mimo-mimo_pc_output_text-75ff8252da6a4cf592ffc44e81eb176b detail=[serverVerdict=pass resultCode=1 subCode=9 aigc=- hints=0 detailsLen=0 resp=[passed=pass resultCode=1 reviewId=mimo-mimo_pc_output_text-75ff8252da6a4cf592ffc44e81eb176b offlineReason= offlineDetails=[0 chars] hint=[0 items] subCode=9 aigc=null]]
17:09:48 [info] [intervention] {"stage":"fetch.response","at":1790327388985,"requestId":"1cc800077342fe13","origin":"b5094fe8d78e452f","runId":"855aa45a0d828d58","sessionId":"b5094fe8d78e452f","userId":"f41b96bc291248cf","assistantId":"33b9d478104a0643","elapsedMs":3050,"status":200,"ephemeral":false,"hasScope":true,"protocol":"chat-completions","route":"upstream"}
17:09:49 [info] [intervention] {"stage":"output","at":1790327389640,"runId":"855aa45a0d828d58","sessionId":"b5094fe8d78e452f","assistantId":"33b9d478104a0643","textChars":5,"reviewSkipped":false}
17:09:53 [log] [sess-diag] engineFetch GET /experimental/session?roots=true&limit=2000 -> HTTP 200 elapsed=10ms responseBytes=29599 engineUrl= http://127.0.0.1:51053 engineId= (default)
17:09:53 [log] [sess-diag] loadEngineSessions: 原始条数 = 1
17:09:53 [log] [sess-diag] loadEngineSessions: reconcile 后 convos = 1 order = 1
17:09:53 [log] [sess-diag] loadEngineSessions: 耗时(ms) fetch = 12 repoRoots = 4 build+reconcile = 1 set = 0 total = 18
17:09:54 [info] [content-review] app=mimo_pc_output_text source=conversation why=limit batch=34bd941eb7cd6b7a api=/api/audit/check len=371 images=0 sha=f04b4212feb5 session=ses_ffe5f298357dfffeN82Wln2VmT elapsed=213ms verdict=pass reviewId=mimo-mimo_pc_output_text-ce7acb5083f34154adff053065a5e0c3 detail=[serverVerdict=pass resultCode=1 subCode=9 aigc=- hints=0 detailsLen=0 resp=[passed=pass resultCode=1 reviewId=mimo-mimo_pc_output_text-ce7acb5083f34154adff053065a5e0c3 offlineReason= offlineDetails=[0 chars] hint=[0 items] subCode=9 aigc=null]]
17:09:56 [info] [intervention] {"stage":"closed","at":1790327396156,"requestId":"1cc800077342fe13","origin":"b5094fe8d78e452f","runId":"855aa45a0d828d58","sessionId":"b5094fe8d78e452f","userId":"f41b96bc291248cf","elapsedMs":142436,"textChars":46,"reviewId":"mimo-intv-mimo_pc_input_text-278d25749ccc4305895a380606ec3d5c"}
17:09:56 [info] [turn-power-save] released sysId=0 last=run:ses_ffe5f298357dfffeN82Wln2VmT
17:09:56 [info] [content-review] app=mimo_pc_output_text source=conversation why=flush batch=2e82a788998fb4dc api=/api/audit/check len=219 images=0 sha=48795c854678 session=ses_ffe5f298357dfffeN82Wln2VmT elapsed=287ms verdict=pass reviewId=mimo-mimo_pc_output_text-604afca54bdf4a428c80c70d1798d86b detail=[serverVerdict=pass resultCode=1 subCode=9 aigc=- hints=0 detailsLen=0 resp=[passed=pass resultCode=1 reviewId=mimo-mimo_pc_output_text-604afca54bdf4a428c80c70d1798d86b offlineReason= offlineDetails=[0 chars] hint=[0 items] subCode=9 aigc=null]]
17:09:56 [log] [sess-diag] engineFetch GET /session/ses_ffe5f298357dfffeN82Wln2VmT/task -> HTTP 200 elapsed=211ms responseBytes=2346 engineUrl= http://127.0.0.1:51053 engineId= mimocode
17:09:56 [log] [sess-diag] engineFetch GET /session/ses_ffe5f298357dfffeN82Wln2VmT -> HTTP 200 elapsed=333ms responseBytes=29556 engineUrl= http://127.0.0.1:51053 engineId= mimocode
17:09:56 [log] [sess-diag] engineFetch GET /session/ses_ffe5f298357dfffeN82Wln2VmT/recovery -> HTTP 200 elapsed=333ms responseBytes=2 engineUrl= http://127.0.0.1:51053 engineId= mimocode
17:09:56 [info] [content-review] app=mimo_pc_output_text source=conversation why=flush batch=9d7784fb1f921f5d api=/api/audit/check len=352 images=0 sha=d3d965f64fb1 session=ses_ffe5f298357dfffeN82Wln2VmT elapsed=417ms verdict=pass reviewId=mimo-mimo_pc_output_text-9cae12b0a1664ef2a47bc7e12ed64a57 detail=[serverVerdict=pass resultCode=1 subCode=9 aigc=- hints=0 detailsLen=0 resp=[passed=pass resultCode=1 reviewId=mimo-mimo_pc_output_text-9cae12b0a1664ef2a47bc7e12ed64a57 offlineReason= offlineDetails=[0 chars] hint=[0 items] subCode=9 aigc=null]]
17:09:57 [info] [content-review] app=mimo_pc_output_text source=conversation why=flush batch=7b8374e6743ee6e1 api=/api/audit/check len=32 images=0 sha=46a7b036443e session=ses_ffe5f298357dfffeN82Wln2VmT elapsed=180ms verdict=pass reviewId=mimo-mimo_pc_output_text-5c608e9dcda24eab86b9046ee0287a70 detail=[serverVerdict=pass resultCode=1 subCode=9 aigc=- hints=0 detailsLen=0 resp=[passed=pass resultCode=1 reviewId=mimo-mimo_pc_output_text-5c608e9dcda24eab86b9046ee0287a70 offlineReason= offlineDetails=[0 chars] hint=[0 items] subCode=9 aigc=null]]
17:09:57 [info] [content-review] app=mimo_pc_output_text source=conversation why=flush batch=34bd941eb7cd6b7a api=/api/audit/check len=94 images=0 sha=c398c17600fe session=ses_ffe5f298357dfffeN82Wln2VmT elapsed=149ms verdict=pass reviewId=mimo-mimo_pc_output_text-ef82dab86eee4932913a86d8968ef4f6 detail=[serverVerdict=pass resultCode=1 subCode=9 aigc=- hints=0 detailsLen=0 resp=[passed=pass resultCode=1 reviewId=mimo-mimo_pc_output_text-ef82dab86eee4932913a86d8968ef4f6 offlineReason= offlineDetails=[0 chars] hint=[0 items] subCode=9 aigc=null]]
17:10:05 [info] [intervention] {"stage":"query","at":1790327405935,"requestId":"18bb85a5d7aecb92","origin":"b5094fe8d78e452f","elapsedMs":130,"textChars":39,"queryChars":39,"truncated":false,"result":"miss","reviewId":"mimo-intv-mimo_pc_input_text-9075aca0349c4ef5a2b1a08ba377862e"}
17:10:06 [info] [content-review] app=mimo_pc_input_text source=input why=oneshot batch=a351ba7334815553 api=/api/audit/check len=39 images=0 sha=54e3e2265a0a session=ses_ffe5f298357dfffeN82Wln2VmT elapsed=192ms verdict=pass reviewId=mimo-mimo_pc_input_text-fd39b397427b4fa1b291482232b98d36 detail=[serverVerdict=pass resultCode=1 subCode=9 aigc=- hints=0 detailsLen=0 resp=[passed=pass resultCode=1 reviewId=mimo-mimo_pc_input_text-fd39b397427b4fa1b291482232b98d36 offlineReason= offlineDetails=[0 chars] hint=[0 items] subCode=9 aigc=null]]
17:10:06 [info] [intervention] {"stage":"prepared","at":1790327406128,"requestId":"18bb85a5d7aecb92","origin":"b5094fe8d78e452f","elapsedMs":323,"textChars":39,"result":"ready","reviewId":"mimo-intv-mimo_pc_input_text-9075aca0349c4ef5a2b1a08ba377862e"}
17:10:06 [info] [intervention] {"stage":"claim","at":1790327406144,"requestId":"18bb85a5d7aecb92","origin":"b5094fe8d78e452f","sessionId":"b5094fe8d78e452f","elapsedMs":339,"textChars":39,"reviewId":"mimo-intv-mimo_pc_input_text-9075aca0349c4ef5a2b1a08ba377862e"}
17:10:06 [info] [smart-router] {"origin":"ses_ffe5f298357dfffeN82Wln2VmT","model":"mimo-pro"}
17:10:06 [info] [harness] session origin=ses_ffe5f298357dfffeN82Wln2VmT sid=ses_ffe5f298357dfffeN82Wln2VmT source=user msgLen=39
17:10:06 [info] [turn-power-save] acquired sysId=1 mode=prevent-app-suspension first=run:ses_ffe5f298357dfffeN82Wln2VmT
17:10:06 [info] [intervention] {"stage":"dispatch","at":1790327406219,"requestId":"18bb85a5d7aecb92","origin":"b5094fe8d78e452f","runId":"e9af1def4cfd2499","sessionId":"b5094fe8d78e452f","elapsedMs":414,"textChars":39,"reviewId":"mimo-intv-mimo_pc_input_text-9075aca0349c4ef5a2b1a08ba377862e"}
17:10:06 [info] [intervention] {"stage":"user-bound","at":1790327406285,"requestId":"18bb85a5d7aecb92","origin":"b5094fe8d78e452f","runId":"e9af1def4cfd2499","sessionId":"b5094fe8d78e452f","userId":"9b0df1b2071a04b0","elapsedMs":480,"textChars":39,"reviewId":"mimo-intv-mimo_pc_input_text-9075aca0349c4ef5a2b1a08ba377862e"}
17:10:06 [info] [intervention] {"stage":"model.start","at":1790327406522,"requestId":"18bb85a5d7aecb92","origin":"b5094fe8d78e452f","runId":"e9af1def4cfd2499","sessionId":"b5094fe8d78e452f","userId":"9b0df1b2071a04b0","assistantId":"9142110423f93f19","ephemeral":false,"hasScope":true,"route":"upstream"}
17:10:06 [info] [intervention] {"stage":"fetch.start","at":1790327406534,"requestId":"18bb85a5d7aecb92","origin":"b5094fe8d78e452f","runId":"e9af1def4cfd2499","sessionId":"b5094fe8d78e452f","userId":"9b0df1b2071a04b0","assistantId":"9142110423f93f19","ephemeral":false,"hasScope":true,"protocol":"chat-completions","route":"upstream"}
17:10:06 [info] [intervention] {"stage":"closed","at":1790327406892,"requestId":"18bb85a5d7aecb92","origin":"b5094fe8d78e452f","runId":"e9af1def4cfd2499","sessionId":"b5094fe8d78e452f","userId":"9b0df1b2071a04b0","elapsedMs":1087,"textChars":39,"reviewId":"mimo-intv-mimo_pc_input_text-9075aca0349c4ef5a2b1a08ba377862e"}
17:10:06 [info] [turn-power-save] released sysId=1 last=run:ses_ffe5f298357dfffeN82Wln2VmT
17:10:06 [info] [intervention] {"stage":"fetch.error","at":1790327406992,"requestId":"18bb85a5d7aecb92","origin":"b5094fe8d78e452f","runId":"e9af1def4cfd2499","sessionId":"b5094fe8d78e452f","userId":"9b0df1b2071a04b0","assistantId":"9142110423f93f19","elapsedMs":458,"ephemeral":false,"hasScope":true,"protocol":"chat-completions","route":"upstream","errorName":"AbortError"}
17:10:07 [log] [sess-diag] engineFetch GET /session/ses_ffe5f298357dfffeN82Wln2VmT/recovery -> HTTP 200 elapsed=133ms responseBytes=151 engineUrl= http://127.0.0.1:51053 engineId= mimocode
17:10:07 [log] [sess-diag] engineFetch GET /session/ses_ffe5f298357dfffeN82Wln2VmT/task -> HTTP 200 elapsed=146ms responseBytes=2346 engineUrl= http://127.0.0.1:51053 engineId= mimocode
17:10:07 [log] [sess-diag] engineFetch GET /session/ses_ffe5f298357dfffeN82Wln2VmT -> HTTP 200 elapsed=145ms responseBytes=29556 engineUrl= http://127.0.0.1:51053 engineId= mimocode
17:10:07 [log] [sess-diag] engineFetch GET /session/ses_ffe5f298357dfffeN82Wln2VmT/recovery -> HTTP 200 elapsed=105ms responseBytes=151 engineUrl= http://127.0.0.1:51053 engineId= mimocode
17:10:18 [info] [intervention] {"stage":"query","at":1790327418736,"requestId":"16f293bfe655568e","origin":"b5094fe8d78e452f","elapsedMs":219,"textChars":39,"queryChars":39,"truncated":false,"result":"miss","reviewId":"mimo-intv-mimo_pc_input_text-ac1f2983b955437f9ce1dbb609efdd06"}
17:10:18 [info] [content-review] app=mimo_pc_input_text source=input why=oneshot batch=b9d345dbb7a47b2b api=/api/audit/check len=39 images=0 sha=54e3e2265a0a session=ses_ffe5f298357dfffeN82Wln2VmT elapsed=223ms verdict=pass reviewId=mimo-mimo_pc_input_text-b6e4a703af0543c1bb1374d2f63f0f11 detail=[serverVerdict=pass resultCode=1 subCode=9 aigc=- hints=0 detailsLen=0 resp=[passed=pass resultCode=1 reviewId=mimo-mimo_pc_input_text-b6e4a703af0543c1bb1374d2f63f0f11 offlineReason= offlineDetails=[0 chars] hint=[0 items] subCode=9 aigc=null]]
17:10:18 [info] [intervention] {"stage":"prepared","at":1790327418961,"requestId":"16f293bfe655568e","origin":"b5094fe8d78e452f","elapsedMs":444,"textChars":39,"result":"ready","reviewId":"mimo-intv-mimo_pc_input_text-ac1f2983b955437f9ce1dbb609efdd06"}
17:10:18 [info] [intervention] {"stage":"claim","at":1790327418979,"requestId":"16f293bfe655568e","origin":"b5094fe8d78e452f","sessionId":"b5094fe8d78e452f","userId":"9b0df1b2071a04b0","elapsedMs":462,"textChars":39,"reviewId":"mimo-intv-mimo_pc_input_text-ac1f2983b955437f9ce1dbb609efdd06"}
17:10:19 [info] [turn-power-save] acquired sysId=2 mode=prevent-app-suspension first=run:ses_ffe5f298357dfffeN82Wln2VmT
17:10:19 [info] [intervention] {"stage":"dispatch","at":1790327419033,"requestId":"16f293bfe655568e","origin":"b5094fe8d78e452f","runId":"8017de412ef51a63","sessionId":"b5094fe8d78e452f","userId":"9b0df1b2071a04b0","elapsedMs":516,"textChars":39,"reviewId":"mimo-intv-mimo_pc_input_text-ac1f2983b955437f9ce1dbb609efdd06"}
17:10:19 [info] [intervention] {"stage":"resume.request","at":1790327419034,"origin":"b5094fe8d78e452f","sessionId":"b5094fe8d78e452f","assistantId":"9142110423f93f19","bodyFields":0,"hasSeed":false,"resumeKind":"assistant"}
17:10:19 [info] [intervention] {"stage":"resume.response","at":1790327419111,"origin":"b5094fe8d78e452f","sessionId":"b5094fe8d78e452f","status":202}
17:10:19 [info] [intervention] {"stage":"model.start","at":1790327419269,"requestId":"16f293bfe655568e","origin":"b5094fe8d78e452f","runId":"8017de412ef51a63","sessionId":"b5094fe8d78e452f","userId":"9b0df1b2071a04b0","assistantId":"ffb57e8a8c5ac043","ephemeral":false,"hasScope":true,"route":"upstream"}
17:10:19 [info] [intervention] {"stage":"fetch.start","at":1790327419281,"requestId":"16f293bfe655568e","origin":"b5094fe8d78e452f","runId":"8017de412ef51a63","sessionId":"b5094fe8d78e452f","userId":"9b0df1b2071a04b0","assistantId":"ffb57e8a8c5ac043","ephemeral":false,"hasScope":true,"protocol":"chat-completions","route":"upstream"}
17:10:22 [info] [intervention] {"stage":"fetch.response","at":1790327422462,"requestId":"16f293bfe655568e","origin":"b5094fe8d78e452f","runId":"8017de412ef51a63","sessionId":"b5094fe8d78e452f","userId":"9b0df1b2071a04b0","assistantId":"ffb57e8a8c5ac043","elapsedMs":3181,"status":200,"ephemeral":false,"hasScope":true,"protocol":"chat-completions","route":"upstream"}
17:10:23 [log] [sess-diag] engineFetch GET /experimental/session?roots=true&limit=2000 -> HTTP 200 elapsed=18ms responseBytes=29599 engineUrl= http://127.0.0.1:51053 engineId= (default)
17:10:23 [log] [sess-diag] loadEngineSessions: 原始条数 = 1
17:10:23 [log] [sess-diag] loadEngineSessions: reconcile 后 convos = 1 order = 1
17:10:23 [log] [sess-diag] loadEngineSessions: 耗时(ms) fetch = 21 repoRoots = 1 build+reconcile = 1 set = 1 total = 24
17:10:37 [info] [content-review/turn-binding] note-no-slot key=ses_ffe5f298357dfffeN82Wln2VmT anchor=msg:msg_g001a0d7d47139001E21OQfUe0
17:10:37 [info] [intervention] {"stage":"output","at":1790327437444,"runId":"8017de412ef51a63","sessionId":"b5094fe8d78e452f","assistantId":"ffb57e8a8c5ac043","textChars":2,"reviewSkipped":false}
17:10:53 [log] [sess-diag] engineFetch GET /experimental/session?roots=true&limit=2000 -> HTTP 200 elapsed=14ms responseBytes=29599 engineUrl= http://127.0.0.1:51053 engineId= (default)
17:10:53 [log] [sess-diag] loadEngineSessions: 原始条数 = 1
17:10:53 [log] [sess-diag] loadEngineSessions: reconcile 后 convos = 1 order = 1
17:10:53 [log] [sess-diag] loadEngineSessions: 耗时(ms) fetch = 27 repoRoots = 1 build+reconcile = 1 set = 1 total = 30
17:10:53 [info] [intervention] {"stage":"model.start","at":1790327453342,"requestId":"16f293bfe655568e","origin":"b5094fe8d78e452f","runId":"8017de412ef51a63","sessionId":"b5094fe8d78e452f","userId":"9b0df1b2071a04b0","assistantId":"82416bc06c68ebd1","ephemeral":false,"hasScope":true,"route":"upstream"}
17:10:53 [info] [intervention] {"stage":"fetch.start","at":1790327453354,"requestId":"16f293bfe655568e","origin":"b5094fe8d78e452f","runId":"8017de412ef51a63","sessionId":"b5094fe8d78e452f","userId":"9b0df1b2071a04b0","assistantId":"82416bc06c68ebd1","ephemeral":false,"hasScope":true,"protocol":"chat-completions","route":"upstream"}
17:10:56 [info] [intervention] {"stage":"fetch.response","at":1790327456663,"requestId":"16f293bfe655568e","origin":"b5094fe8d78e452f","runId":"8017de412ef51a63","sessionId":"b5094fe8d78e452f","userId":"9b0df1b2071a04b0","assistantId":"82416bc06c68ebd1","elapsedMs":3309,"status":200,"ephemeral":false,"hasScope":true,"protocol":"chat-completions","route":"upstream"}
17:11:12 [info] [intervention] {"stage":"output","at":1790327472363,"runId":"8017de412ef51a63","sessionId":"b5094fe8d78e452f","assistantId":"82416bc06c68ebd1","textChars":7,"reviewSkipped":false}
17:11:23 [log] [sess-diag] engineFetch GET /experimental/session?roots=true&limit=2000 -> HTTP 200 elapsed=19ms responseBytes=29599 engineUrl= http://127.0.0.1:51053 engineId= (default)
17:11:23 [log] [sess-diag] loadEngineSessions: 原始条数 = 1
17:11:23 [log] [sess-diag] loadEngineSessions: reconcile 后 convos = 1 order = 1
17:11:23 [log] [sess-diag] loadEngineSessions: 耗时(ms) fetch = 21 repoRoots = 2 build+reconcile = 1 set = 1 total = 24
17:11:51 [log] [sess-diag] engineFetch GET /experimental/session?roots=true&limit=2000 -> HTTP 200 elapsed=58ms responseBytes=29599 engineUrl= http://127.0.0.1:51053 engineId= (default)
17:11:51 [log] [sess-diag] loadEngineSessions: 原始条数 = 1
17:11:51 [log] [sess-diag] loadEngineSessions: reconcile 后 convos = 1 order = 1
17:11:51 [log] [sess-diag] loadEngineSessions: 耗时(ms) fetch = 118 repoRoots = 26 build+reconcile = 1 set = 1 total = 145
17:11:52 [info] [intervention] {"stage":"model.start","at":1790327512949,"requestId":"16f293bfe655568e","origin":"b5094fe8d78e452f","runId":"8017de412ef51a63","sessionId":"b5094fe8d78e452f","userId":"9b0df1b2071a04b0","assistantId":"382fb2e3763288ff","ephemeral":false,"hasScope":true,"route":"upstream"}
17:11:52 [info] [intervention] {"stage":"fetch.start","at":1790327512961,"requestId":"16f293bfe655568e","origin":"b5094fe8d78e452f","runId":"8017de412ef51a63","sessionId":"b5094fe8d78e452f","userId":"9b0df1b2071a04b0","assistantId":"382fb2e3763288ff","ephemeral":false,"hasScope":true,"protocol":"chat-completions","route":"upstream"}
17:11:53 [log] [sess-diag] engineFetch GET /experimental/session?roots=true&limit=2000 -> HTTP 200 elapsed=10ms responseBytes=29599 engineUrl= http://127.0.0.1:51053 engineId= (default)
17:11:53 [log] [sess-diag] loadEngineSessions: 原始条数 = 1
17:11:53 [log] [sess-diag] loadEngineSessions: reconcile 后 convos = 1 order = 1
17:11:53 [log] [sess-diag] loadEngineSessions: 耗时(ms) fetch = 12 repoRoots = 1 build+reconcile = 1 set = 1 total = 14
17:11:59 [info] [intervention] {"stage":"fetch.response","at":1790327519467,"requestId":"16f293bfe655568e","origin":"b5094fe8d78e452f","runId":"8017de412ef51a63","sessionId":"b5094fe8d78e452f","userId":"9b0df1b2071a04b0","assistantId":"382fb2e3763288ff","elapsedMs":6506,"status":200,"ephemeral":false,"hasScope":true,"protocol":"chat-completions","route":"upstream"}
17:12:13 [info] [intervention] {"stage":"output","at":1790327533277,"runId":"8017de412ef51a63","sessionId":"b5094fe8d78e452f","assistantId":"382fb2e3763288ff","textChars":2,"reviewSkipped":false}
17:12:18 [info] [content-review] app=mimo_pc_output_text source=conversation why=limit batch=fad4f34bb073d241 api=/api/audit/check len=370 images=0 sha=262ba50bf970 session=ses_ffe5f298357dfffeN82Wln2VmT elapsed=277ms verdict=pass reviewId=mimo-mimo_pc_output_text-49a8e644aa6c48f399330d40e01e0f28 detail=[serverVerdict=pass resultCode=1 subCode=9 aigc=- hints=0 detailsLen=0 resp=[passed=pass resultCode=1 reviewId=mimo-mimo_pc_output_text-49a8e644aa6c48f399330d40e01e0f28 offlineReason= offlineDetails=[0 chars] hint=[0 items] subCode=9 aigc=null]]
17:12:23 [log] [sess-diag] engineFetch GET /experimental/session?roots=true&limit=2000 -> HTTP 200 elapsed=17ms responseBytes=29599 engineUrl= http://127.0.0.1:51053 engineId= (default)
17:12:23 [log] [sess-diag] loadEngineSessions: 原始条数 = 1
17:12:23 [log] [sess-diag] loadEngineSessions: reconcile 后 convos = 1 order = 1
17:12:23 [log] [sess-diag] loadEngineSessions: 耗时(ms) fetch = 20 repoRoots = 1 build+reconcile = 1 set = 1 total = 23
17:12:27 [info] [intervention] {"stage":"model.start","at":1790327547309,"requestId":"16f293bfe655568e","origin":"b5094fe8d78e452f","runId":"8017de412ef51a63","sessionId":"b5094fe8d78e452f","userId":"9b0df1b2071a04b0","assistantId":"9af331b9f6d0b72e","ephemeral":false,"hasScope":true,"route":"upstream"}
17:12:27 [info] [intervention] {"stage":"fetch.start","at":1790327547320,"requestId":"16f293bfe655568e","origin":"b5094fe8d78e452f","runId":"8017de412ef51a63","sessionId":"b5094fe8d78e452f","userId":"9b0df1b2071a04b0","assistantId":"9af331b9f6d0b72e","ephemeral":false,"hasScope":true,"protocol":"chat-completions","route":"upstream"}
17:12:34 [info] [intervention] {"stage":"fetch.response","at":1790327554149,"requestId":"16f293bfe655568e","origin":"b5094fe8d78e452f","runId":"8017de412ef51a63","sessionId":"b5094fe8d78e452f","userId":"9b0df1b2071a04b0","assistantId":"9af331b9f6d0b72e","elapsedMs":6829,"status":200,"ephemeral":false,"hasScope":true,"protocol":"chat-completions","route":"upstream"}
17:12:39 [info] [intervention] {"stage":"model.start","at":1790327559675,"requestId":"16f293bfe655568e","origin":"b5094fe8d78e452f","runId":"8017de412ef51a63","sessionId":"b5094fe8d78e452f","userId":"9b0df1b2071a04b0","assistantId":"907b577a23fdc228","ephemeral":false,"hasScope":true,"route":"upstream"}
17:12:39 [info] [intervention] {"stage":"fetch.start","at":1790327559687,"requestId":"16f293bfe655568e","origin":"b5094fe8d78e452f","runId":"8017de412ef51a63","sessionId":"b5094fe8d78e452f","userId":"9b0df1b2071a04b0","assistantId":"907b577a23fdc228","ephemeral":false,"hasScope":true,"protocol":"chat-completions","route":"upstream"}
17:12:44 [info] [intervention] {"stage":"fetch.response","at":1790327564799,"requestId":"16f293bfe655568e","origin":"b5094fe8d78e452f","runId":"8017de412ef51a63","sessionId":"b5094fe8d78e452f","userId":"9b0df1b2071a04b0","assistantId":"907b577a23fdc228","elapsedMs":5112,"status":200,"ephemeral":false,"hasScope":true,"protocol":"chat-completions","route":"upstream"}
17:12:51 [info] [intervention] {"stage":"model.start","at":1790327571811,"requestId":"16f293bfe655568e","origin":"b5094fe8d78e452f","runId":"8017de412ef51a63","sessionId":"b5094fe8d78e452f","userId":"9b0df1b2071a04b0","assistantId":"e5a195e0d849adaa","ephemeral":false,"hasScope":true,"route":"upstream"}
17:12:51 [info] [intervention] {"stage":"fetch.start","at":1790327571824,"requestId":"16f293bfe655568e","origin":"b5094fe8d78e452f","runId":"8017de412ef51a63","sessionId":"b5094fe8d78e452f","userId":"9b0df1b2071a04b0","assistantId":"e5a195e0d849adaa","ephemeral":false,"hasScope":true,"protocol":"chat-completions","route":"upstream"}
17:12:53 [log] [sess-diag] engineFetch GET /experimental/session?roots=true&limit=2000 -> HTTP 200 elapsed=19ms responseBytes=29599 engineUrl= http://127.0.0.1:51053 engineId= (default)
17:12:53 [log] [sess-diag] loadEngineSessions: 原始条数 = 1
17:12:53 [log] [sess-diag] loadEngineSessions: reconcile 后 convos = 1 order = 1
17:12:53 [log] [sess-diag] loadEngineSessions: 耗时(ms) fetch = 22 repoRoots = 2 build+reconcile = 1 set = 1 total = 25
17:12:56 [info] [intervention] {"stage":"fetch.response","at":1790327576882,"requestId":"16f293bfe655568e","origin":"b5094fe8d78e452f","runId":"8017de412ef51a63","sessionId":"b5094fe8d78e452f","userId":"9b0df1b2071a04b0","assistantId":"e5a195e0d849adaa","elapsedMs":5058,"status":200,"ephemeral":false,"hasScope":true,"protocol":"chat-completions","route":"upstream"}
17:12:57 [info] [intervention] {"stage":"output","at":1790327577532,"runId":"8017de412ef51a63","sessionId":"b5094fe8d78e452f","assistantId":"e5a195e0d849adaa","textChars":4,"reviewSkipped":false}
17:12:59 [info] [intervention] {"stage":"closed","at":1790327579125,"requestId":"16f293bfe655568e","origin":"b5094fe8d78e452f","runId":"8017de412ef51a63","sessionId":"b5094fe8d78e452f","userId":"9b0df1b2071a04b0","elapsedMs":160608,"textChars":39,"reviewId":"mimo-intv-mimo_pc_input_text-ac1f2983b955437f9ce1dbb609efdd06"}
17:12:59 [info] [turn-power-save] released sysId=2 last=run:ses_ffe5f298357dfffeN82Wln2VmT
17:12:59 [log] [sess-diag] engineFetch GET /session/ses_ffe5f298357dfffeN82Wln2VmT/task -> HTTP 200 elapsed=74ms responseBytes=2346 engineUrl= http://127.0.0.1:51053 engineId= mimocode
17:12:59 [log] [sess-diag] engineFetch GET /session/ses_ffe5f298357dfffeN82Wln2VmT -> HTTP 200 elapsed=100ms responseBytes=29556 engineUrl= http://127.0.0.1:51053 engineId= mimocode
17:12:59 [log] [sess-diag] engineFetch GET /session/ses_ffe5f298357dfffeN82Wln2VmT/recovery -> HTTP 200 elapsed=109ms responseBytes=2 engineUrl= http://127.0.0.1:51053 engineId= mimocode
17:12:59 [info] [content-review] app=mimo_pc_output_text source=conversation why=flush batch=45349985ea4b8744 api=/api/audit/check len=96 images=0 sha=5add421b4961 session=ses_ffe5f298357dfffeN82Wln2VmT elapsed=219ms verdict=pass reviewId=mimo-mimo_pc_output_text-08bb934b1fe14b3e9df8df0ea7ac6bf4 detail=[serverVerdict=pass resultCode=1 subCode=9 aigc=- hints=0 detailsLen=0 resp=[passed=pass resultCode=1 reviewId=mimo-mimo_pc_output_text-08bb934b1fe14b3e9df8df0ea7ac6bf4 offlineReason= offlineDetails=[0 chars] hint=[0 items] subCode=9 aigc=null]]
17:12:59 [log] [sess-diag] engineFetch GET /session/ses_ffe5f298357dfffeN82Wln2VmT/recovery -> HTTP 200 elapsed=197ms responseBytes=2 engineUrl= http://127.0.0.1:51053 engineId= mimocode
17:12:59 [log] [sess-diag] engineFetch GET /session/ses_ffe5f298357dfffeN82Wln2VmT/message -> HTTP 200 elapsed=142ms responseBytes=1974950 engineUrl= http://127.0.0.1:51053 engineId= mimocode
17:12:59 [info] [content-review] app=mimo_pc_output_text source=conversation why=flush batch=b169ea4803fc378b api=/api/audit/check len=37 images=0 sha=e1431b3b8116 session=ses_ffe5f298357dfffeN82Wln2VmT elapsed=196ms verdict=pass reviewId=mimo-mimo_pc_output_text-6ce10d1387424121af4829f0c0230f40 detail=[serverVerdict=pass resultCode=1 subCode=9 aigc=- hints=0 detailsLen=0 resp=[passed=pass resultCode=1 reviewId=mimo-mimo_pc_output_text-6ce10d1387424121af4829f0c0230f40 offlineReason= offlineDetails=[0 chars] hint=[0 items] subCode=9 aigc=null]]
17:12:59 [log] [sess-diag] engineFetch GET /session/ses_ffe5f298357dfffeN82Wln2VmT/actors -> HTTP 200 elapsed=30ms responseBytes=406 engineUrl= http://127.0.0.1:51053 engineId= mimocode
17:12:59 [info] [content-review] app=mimo_pc_output_text source=conversation why=flush batch=fad4f34bb073d241 api=/api/audit/check len=103 images=0 sha=04fd13cb97b4 session=ses_ffe5f298357dfffeN82Wln2VmT elapsed=177ms verdict=pass reviewId=mimo-mimo_pc_output_text-c09cc45ecb234f94890d634349e8c893 detail=[serverVerdict=pass resultCode=1 subCode=9 aigc=- hints=0 detailsLen=0 resp=[passed=pass resultCode=1 reviewId=mimo-mimo_pc_output_text-c09cc45ecb234f94890d634349e8c893 offlineReason= offlineDetails=[0 chars] hint=[0 items] subCode=9 aigc=null]]
17:12:59 [info] [content-review] app=mimo_pc_output_text source=conversation why=flush batch=55b29af45908bcdf api=/api/audit/check len=75 images=0 sha=34bfa1285314 session=ses_ffe5f298357dfffeN82Wln2VmT elapsed=175ms verdict=pass reviewId=mimo-mimo_pc_output_text-4a54966471324a1d9c8629e7c004f5e9 detail=[serverVerdict=pass resultCode=1 subCode=9 aigc=- hints=0 detailsLen=0 resp=[passed=pass resultCode=1 reviewId=mimo-mimo_pc_output_text-4a54966471324a1d9c8629e7c004f5e9 offlineReason= offlineDetails=[0 chars] hint=[0 items] subCode=9 aigc=null]]
17:13:23 [log] [sess-diag] engineFetch GET /experimental/session?roots=true&limit=2000 -> HTTP 200 elapsed=20ms responseBytes=29599 engineUrl= http://127.0.0.1:51053 engineId= (default)
17:13:23 [log] [sess-diag] loadEngineSessions: 原始条数 = 1
17:13:23 [log] [sess-diag] loadEngineSessions: reconcile 后 convos = 1 order = 1
17:13:23 [log] [sess-diag] loadEngineSessions: 耗时(ms) fetch = 23 repoRoots = 2 build+reconcile = 1 set = 1 total = 28
17:13:53 [log] [sess-diag] engineFetch GET /experimental/session?roots=true&limit=2000 -> HTTP 200 elapsed=58ms responseBytes=29599 engineUrl= http://127.0.0.1:51053 engineId= (default)
17:13:53 [log] [sess-diag] loadEngineSessions: 原始条数 = 1
17:13:53 [log] [sess-diag] loadEngineSessions: reconcile 后 convos = 1 order = 1
17:13:53 [log] [sess-diag] loadEngineSessions: 耗时(ms) fetch = 64 repoRoots = 3 build+reconcile = 2 set = 2 total = 70
17:14:23 [log] [sess-diag] engineFetch GET /experimental/session?roots=true&limit=2000 -> HTTP 200 elapsed=23ms responseBytes=29599 engineUrl= http://127.0.0.1:51053 engineId= (default)
17:14:23 [log] [sess-diag] loadEngineSessions: 原始条数 = 1
17:14:23 [log] [sess-diag] loadEngineSessions: reconcile 后 convos = 1 order = 1
17:14:23 [log] [sess-diag] loadEngineSessions: 耗时(ms) fetch = 27 repoRoots = 21 build+reconcile = 1 set = 1 total = 50
17:14:53 [log] [sess-diag] engineFetch GET /experimental/session?roots=true&limit=2000 -> HTTP 200 elapsed=26ms responseBytes=29599 engineUrl= http://127.0.0.1:51053 engineId= (default)
17:14:53 [log] [sess-diag] loadEngineSessions: 原始条数 = 1
17:14:53 [log] [sess-diag] loadEngineSessions: reconcile 后 convos = 1 order = 1
17:14:53 [log] [sess-diag] loadEngineSessions: 耗时(ms) fetch = 31 repoRoots = 2 build+reconcile = 1 set = 1 total = 34
17:15:23 [log] [sess-diag] engineFetch GET /experimental/session?roots=true&limit=2000 -> HTTP 200 elapsed=20ms responseBytes=29599 engineUrl= http://127.0.0.1:51053 engineId= (default)
17:15:23 [log] [sess-diag] loadEngineSessions: 原始条数 = 1
17:15:23 [log] [sess-diag] loadEngineSessions: reconcile 后 convos = 1 order = 1
17:15:23 [log] [sess-diag] loadEngineSessions: 耗时(ms) fetch = 25 repoRoots = 2 build+reconcile = 1 set = 1 total = 28
17:15:33 [info] [intervention] {"stage":"query","at":1790327733401,"requestId":"382d1822def890a9","origin":"b5094fe8d78e452f","elapsedMs":156,"textChars":58,"queryChars":58,"truncated":false,"result":"miss","reviewId":"mimo-intv-mimo_pc_input_text-4beafb24fc9b4770949ca0b6f03b7576"}
17:15:33 [info] [content-review] app=mimo_pc_input_text source=input why=oneshot batch=952c76f0de9065c0 api=/api/audit/check len=58 images=0 sha=22d8106021c9 session=ses_ffe5f298357dfffeN82Wln2VmT elapsed=167ms verdict=pass reviewId=mimo-mimo_pc_input_text-2aa4103f85ee4d0ea42fc2b18c8fb3f3 detail=[serverVerdict=pass resultCode=1 subCode=9 aigc=- hints=0 detailsLen=0 resp=[passed=pass resultCode=1 reviewId=mimo-mimo_pc_input_text-2aa4103f85ee4d0ea42fc2b18c8fb3f3 offlineReason= offlineDetails=[0 chars] hint=[0 items] subCode=9 aigc=null]]
17:15:33 [info] [intervention] {"stage":"prepared","at":1790327733569,"requestId":"382d1822def890a9","origin":"b5094fe8d78e452f","elapsedMs":324,"textChars":58,"result":"ready","reviewId":"mimo-intv-mimo_pc_input_text-4beafb24fc9b4770949ca0b6f03b7576"}
17:15:33 [info] [intervention] {"stage":"claim","at":1790327733583,"requestId":"382d1822def890a9","origin":"b5094fe8d78e452f","sessionId":"b5094fe8d78e452f","elapsedMs":338,"textChars":58,"reviewId":"mimo-intv-mimo_pc_input_text-4beafb24fc9b4770949ca0b6f03b7576"}
17:15:33 [info] [smart-router] {"origin":"ses_ffe5f298357dfffeN82Wln2VmT","model":"mimo-pro"}
17:15:33 [info] [harness] session origin=ses_ffe5f298357dfffeN82Wln2VmT sid=ses_ffe5f298357dfffeN82Wln2VmT source=user msgLen=58
17:15:33 [info] [turn-power-save] acquired sysId=3 mode=prevent-app-suspension first=run:ses_ffe5f298357dfffeN82Wln2VmT
17:15:33 [info] [intervention] {"stage":"dispatch","at":1790327733658,"requestId":"382d1822def890a9","origin":"b5094fe8d78e452f","runId":"0d8184037664db8c","sessionId":"b5094fe8d78e452f","elapsedMs":413,"textChars":58,"reviewId":"mimo-intv-mimo_pc_input_text-4beafb24fc9b4770949ca0b6f03b7576"}
17:15:33 [info] [intervention] {"stage":"user-bound","at":1790327733714,"requestId":"382d1822def890a9","origin":"b5094fe8d78e452f","runId":"0d8184037664db8c","sessionId":"b5094fe8d78e452f","userId":"c5db9c0565235fcf","elapsedMs":469,"textChars":58,"reviewId":"mimo-intv-mimo_pc_input_text-4beafb24fc9b4770949ca0b6f03b7576"}
17:15:33 [info] [intervention] {"stage":"model.start","at":1790327733832,"requestId":"382d1822def890a9","origin":"b5094fe8d78e452f","runId":"0d8184037664db8c","sessionId":"b5094fe8d78e452f","userId":"c5db9c0565235fcf","assistantId":"5327805c46dad203","ephemeral":false,"hasScope":true,"route":"upstream"}
17:15:33 [info] [intervention] {"stage":"fetch.start","at":1790327733843,"requestId":"382d1822def890a9","origin":"b5094fe8d78e452f","runId":"0d8184037664db8c","sessionId":"b5094fe8d78e452f","userId":"c5db9c0565235fcf","assistantId":"5327805c46dad203","ephemeral":false,"hasScope":true,"protocol":"chat-completions","route":"upstream"}
17:15:38 [info] [intervention] {"stage":"fetch.response","at":1790327738882,"requestId":"382d1822def890a9","origin":"b5094fe8d78e452f","runId":"0d8184037664db8c","sessionId":"b5094fe8d78e452f","userId":"c5db9c0565235fcf","assistantId":"5327805c46dad203","elapsedMs":5039,"status":200,"ephemeral":false,"hasScope":true,"protocol":"chat-completions","route":"upstream"}
17:15:44 [info] [content-review/turn-binding] note-no-slot key=ses_ffe5f298357dfffeN82Wln2VmT anchor=msg:msg_g001a0d7d93e03001Nvja7hMua
17:15:44 [info] [intervention] {"stage":"output","at":1790327744817,"runId":"0d8184037664db8c","sessionId":"b5094fe8d78e452f","assistantId":"5327805c46dad203","textChars":3,"reviewSkipped":false}
17:15:53 [log] [sess-diag] engineFetch GET /experimental/session?roots=true&limit=2000 -> HTTP 200 elapsed=17ms responseBytes=29599 engineUrl= http://127.0.0.1:51053 engineId= (default)
17:15:53 [log] [sess-diag] loadEngineSessions: 原始条数 = 1
17:15:53 [log] [sess-diag] loadEngineSessions: reconcile 后 convos = 1 order = 1
17:15:53 [log] [sess-diag] loadEngineSessions: 耗时(ms) fetch = 21 repoRoots = 2 build+reconcile = 1 set = 1 total = 25
17:16:11 [log] [perm-autopass] allow permission=external_directory
17:16:11 [info] [intervention] {"stage":"model.start","at":1790327771995,"requestId":"382d1822def890a9","origin":"b5094fe8d78e452f","runId":"0d8184037664db8c","sessionId":"b5094fe8d78e452f","userId":"c5db9c0565235fcf","assistantId":"69a85a98999d4871","ephemeral":false,"hasScope":true,"route":"upstream"}
17:16:12 [info] [intervention] {"stage":"fetch.start","at":1790327772006,"requestId":"382d1822def890a9","origin":"b5094fe8d78e452f","runId":"0d8184037664db8c","sessionId":"b5094fe8d78e452f","userId":"c5db9c0565235fcf","assistantId":"69a85a98999d4871","ephemeral":false,"hasScope":true,"protocol":"chat-completions","route":"upstream"}
17:16:16 [info] [experiment] key=feature_gates id=101197 type=string value={\n    "domestic": { "show_mcp_entry": false, "show_custom_model_button": true, "loop_streak_recovery": true, "show_evolve_entry": true,"show_computeruse": false, "show_browseruse": false, "show_pay": … elapsed=1ms
17:16:16 [info] [feature-gates] refresh: ok (elapsed=31ms)
17:16:21 [info] [intervention] {"stage":"fetch.response","at":1790327781275,"requestId":"382d1822def890a9","origin":"b5094fe8d78e452f","runId":"0d8184037664db8c","sessionId":"b5094fe8d78e452f","userId":"c5db9c0565235fcf","assistantId":"69a85a98999d4871","elapsedMs":9269,"status":200,"ephemeral":false,"hasScope":true,"protocol":"chat-completions","route":"upstream"}
17:16:21 [info] [intervention] {"stage":"output","at":1790327781756,"runId":"0d8184037664db8c","sessionId":"b5094fe8d78e452f","assistantId":"69a85a98999d4871","textChars":1,"reviewSkipped":false}
17:16:23 [log] [sess-diag] engineFetch GET /experimental/session?roots=true&limit=2000 -> HTTP 200 elapsed=12ms responseBytes=29599 engineUrl= http://127.0.0.1:51053 engineId= (default)
17:16:23 [log] [sess-diag] loadEngineSessions: 原始条数 = 1
17:16:23 [log] [sess-diag] loadEngineSessions: reconcile 后 convos = 1 order = 1
17:16:23 [log] [sess-diag] loadEngineSessions: 耗时(ms) fetch = 19 repoRoots = 1 build+reconcile = 1 set = 1 total = 21
17:16:27 [info] [content-review] app=mimo_pc_output_text source=conversation why=limit batch=855bf337a28ff4d2 api=/api/audit/check len=364 images=0 sha=ba099c7e5f43 session=ses_ffe5f298357dfffeN82Wln2VmT elapsed=226ms verdict=pass reviewId=mimo-mimo_pc_output_text-ffd377e0e3ea4433a04bd25f18e6e798 detail=[serverVerdict=pass resultCode=1 subCode=9 aigc=- hints=0 detailsLen=0 resp=[passed=pass resultCode=1 reviewId=mimo-mimo_pc_output_text-ffd377e0e3ea4433a04bd25f18e6e798 offlineReason= offlineDetails=[0 chars] hint=[0 items] subCode=9 aigc=null]]
17:16:30 [log] [perm-autopass] allow permission=bash
17:16:32 [info] [intervention] {"stage":"model.start","at":1790327792408,"requestId":"382d1822def890a9","origin":"b5094fe8d78e452f","runId":"0d8184037664db8c","sessionId":"b5094fe8d78e452f","userId":"c5db9c0565235fcf","assistantId":"8db96004b5e4757f","ephemeral":false,"hasScope":true,"route":"upstream"}
17:16:32 [info] [intervention] {"stage":"fetch.start","at":1790327792419,"requestId":"382d1822def890a9","origin":"b5094fe8d78e452f","runId":"0d8184037664db8c","sessionId":"b5094fe8d78e452f","userId":"c5db9c0565235fcf","assistantId":"8db96004b5e4757f","ephemeral":false,"hasScope":true,"protocol":"chat-completions","route":"upstream"}
17:16:36 [info] [intervention] {"stage":"fetch.response","at":1790327796225,"requestId":"382d1822def890a9","origin":"b5094fe8d78e452f","runId":"0d8184037664db8c","sessionId":"b5094fe8d78e452f","userId":"c5db9c0565235fcf","assistantId":"8db96004b5e4757f","elapsedMs":3806,"status":200,"ephemeral":false,"hasScope":true,"protocol":"chat-completions","route":"upstream"}
17:16:36 [info] [intervention] {"stage":"output","at":1790327796250,"runId":"0d8184037664db8c","sessionId":"b5094fe8d78e452f","assistantId":"8db96004b5e4757f","textChars":1,"reviewSkipped":false}
17:16:37 [info] [intervention] {"stage":"closed","at":1790327797209,"requestId":"382d1822def890a9","origin":"b5094fe8d78e452f","runId":"0d8184037664db8c","sessionId":"b5094fe8d78e452f","userId":"c5db9c0565235fcf","elapsedMs":63964,"textChars":58,"reviewId":"mimo-intv-mimo_pc_input_text-4beafb24fc9b4770949ca0b6f03b7576"}
17:16:37 [info] [turn-power-save] released sysId=3 last=run:ses_ffe5f298357dfffeN82Wln2VmT
17:16:37 [log] [sess-diag] engineFetch GET /session/ses_ffe5f298357dfffeN82Wln2VmT/task -> HTTP 200 elapsed=68ms responseBytes=2346 engineUrl= http://127.0.0.1:51053 engineId= mimocode
17:16:37 [log] [sess-diag] engineFetch GET /session/ses_ffe5f298357dfffeN82Wln2VmT/recovery -> HTTP 200 elapsed=93ms responseBytes=2 engineUrl= http://127.0.0.1:51053 engineId= mimocode
17:16:37 [log] [sess-diag] engineFetch GET /session/ses_ffe5f298357dfffeN82Wln2VmT -> HTTP 200 elapsed=93ms responseBytes=29556 engineUrl= http://127.0.0.1:51053 engineId= mimocode
17:16:37 [info] [content-review] app=mimo_pc_output_text source=conversation why=flush batch=d3812df4397c9474 api=/api/audit/check len=43 images=0 sha=1a1c8caec438 session=ses_ffe5f298357dfffeN82Wln2VmT elapsed=232ms verdict=pass reviewId=mimo-mimo_pc_output_text-84cf73c44df14d4f9c8c1830695ed44c detail=[serverVerdict=pass resultCode=1 subCode=9 aigc=- hints=0 detailsLen=0 resp=[passed=pass resultCode=1 reviewId=mimo-mimo_pc_output_text-84cf73c44df14d4f9c8c1830695ed44c offlineReason= offlineDetails=[0 chars] hint=[0 items] subCode=9 aigc=null]]
17:16:37 [info] [content-review] app=mimo_pc_output_text source=conversation why=flush batch=855bf337a28ff4d2 api=/api/audit/check len=60 images=0 sha=87c0ce64f23b session=ses_ffe5f298357dfffeN82Wln2VmT elapsed=168ms verdict=pass reviewId=mimo-mimo_pc_output_text-8ad537d1555044ca9e3a74f3d75156f0 detail=[serverVerdict=pass resultCode=1 subCode=9 aigc=- hints=0 detailsLen=0 resp=[passed=pass resultCode=1 reviewId=mimo-mimo_pc_output_text-8ad537d1555044ca9e3a74f3d75156f0 offlineReason= offlineDetails=[0 chars] hint=[0 items] subCode=9 aigc=null]]
17:16:37 [info] [content-review] app=mimo_pc_output_text source=conversation why=flush batch=fca53e2d13737cb4 api=/api/audit/check len=37 images=0 sha=fde3153f1e89 session=ses_ffe5f298357dfffeN82Wln2VmT elapsed=182ms verdict=pass reviewId=mimo-mimo_pc_output_text-9d57b7ef321a43029b26a19dc5992f84 detail=[serverVerdict=pass resultCode=1 subCode=9 aigc=- hints=0 detailsLen=0 resp=[passed=pass resultCode=1 reviewId=mimo-mimo_pc_output_text-9d57b7ef321a43029b26a19dc5992f84 offlineReason= offlineDetails=[0 chars] hint=[0 items] subCode=9 aigc=null]]
17:16:53 [log] [sess-diag] engineFetch GET /experimental/session?roots=true&limit=2000 -> HTTP 200 elapsed=65ms responseBytes=29599 engineUrl= http://127.0.0.1:51053 engineId= (default)
17:16:53 [log] [sess-diag] loadEngineSessions: 原始条数 = 1
17:16:53 [log] [sess-diag] loadEngineSessions: reconcile 后 convos = 1 order = 1
17:16:53 [log] [sess-diag] loadEngineSessions: 耗时(ms) fetch = 122 repoRoots = 2 build+reconcile = 1 set = 1 total = 125
17:17:05 [info] [config] loading from: https://cdn-exp-sg-recommend.pt.xiaomi.com/service/getClientBitMapExpConf/mimoDesktop(%E6%96%B0%E5%8A%A0%E5%9D%A1)
17:17:05 [info] [config] loaded tree for mimoDesktop(新加坡): children=2, upRuleIds=0
17:17:05 [info] [config] remote config loaded: 1 apps
17:17:05 [info] [config] loaded successfully: 1 apps
17:20:23 [log] [sess-diag] engineFetch GET /experimental/session?roots=true&limit=2000 -> HTTP 200 elapsed=44ms responseBytes=29599 engineUrl= http://127.0.0.1:51053 engineId= (default)
17:20:23 [log] [sess-diag] loadEngineSessions: 原始条数 = 1
17:20:23 [log] [sess-diag] loadEngineSessions: reconcile 后 convos = 1 order = 1
17:20:23 [log] [sess-diag] loadEngineSessions: 耗时(ms) fetch = 115 repoRoots = 28 build+reconcile = 1 set = 1 total = 144
17:20:53 [log] [sess-diag] engineFetch GET /experimental/session?roots=true&limit=2000 -> HTTP 200 elapsed=25ms responseBytes=29599 engineUrl= http://127.0.0.1:51053 engineId= (default)
17:20:53 [log] [sess-diag] loadEngineSessions: 原始条数 = 1
17:20:53 [log] [sess-diag] loadEngineSessions: reconcile 后 convos = 1 order = 1
17:20:53 [log] [sess-diag] loadEngineSessions: 耗时(ms) fetch = 30 repoRoots = 2 build+reconcile = 1 set = 1 total = 34
17:21:23 [log] [sess-diag] engineFetch GET /experimental/session?roots=true&limit=2000 -> HTTP 200 elapsed=22ms responseBytes=29599 engineUrl= http://127.0.0.1:51053 engineId= (default)
17:21:23 [log] [sess-diag] loadEngineSessions: 原始条数 = 1
17:21:23 [log] [sess-diag] loadEngineSessions: reconcile 后 convos = 1 order = 1
17:21:23 [log] [sess-diag] loadEngineSessions: 耗时(ms) fetch = 27 repoRoots = 35 build+reconcile = 1 set = 1 total = 64
17:21:25 [info] [intervention] {"stage":"query","at":1790328085573,"requestId":"dfcba3e487da180c","origin":"b5094fe8d78e452f","elapsedMs":206,"textChars":28,"queryChars":28,"truncated":false,"result":"miss","reviewId":"mimo-intv-mimo_pc_input_text-14ad20a58d764d5cbafd467067e53a51"}
17:21:25 [info] [content-review] app=mimo_pc_input_text source=input why=oneshot batch=acedea20b180cc93 api=/api/audit/check len=28 images=0 sha=db13fef493d5 session=ses_ffe5f298357dfffeN82Wln2VmT elapsed=181ms verdict=pass reviewId=mimo-mimo_pc_input_text-ecd5f40c2a274980b7d4cdb8b1948f3b detail=[serverVerdict=pass resultCode=1 subCode=9 aigc=- hints=0 detailsLen=0 resp=[passed=pass resultCode=1 reviewId=mimo-mimo_pc_input_text-ecd5f40c2a274980b7d4cdb8b1948f3b offlineReason= offlineDetails=[0 chars] hint=[0 items] subCode=9 aigc=null]]
17:21:25 [info] [intervention] {"stage":"prepared","at":1790328085754,"requestId":"dfcba3e487da180c","origin":"b5094fe8d78e452f","elapsedMs":387,"textChars":28,"result":"ready","reviewId":"mimo-intv-mimo_pc_input_text-14ad20a58d764d5cbafd467067e53a51"}
17:21:25 [info] [intervention] {"stage":"claim","at":1790328085769,"requestId":"dfcba3e487da180c","origin":"b5094fe8d78e452f","sessionId":"b5094fe8d78e452f","elapsedMs":402,"textChars":28,"reviewId":"mimo-intv-mimo_pc_input_text-14ad20a58d764d5cbafd467067e53a51"}
17:21:25 [info] [smart-router] {"origin":"ses_ffe5f298357dfffeN82Wln2VmT","model":"mimo-pro"}
17:21:25 [info] [harness] session origin=ses_ffe5f298357dfffeN82Wln2VmT sid=ses_ffe5f298357dfffeN82Wln2VmT source=user msgLen=28
17:21:25 [info] [turn-power-save] acquired sysId=4 mode=prevent-app-suspension first=run:ses_ffe5f298357dfffeN82Wln2VmT
17:21:25 [info] [intervention] {"stage":"dispatch","at":1790328085828,"requestId":"dfcba3e487da180c","origin":"b5094fe8d78e452f","runId":"80cc4d1352bbe6ab","sessionId":"b5094fe8d78e452f","elapsedMs":461,"textChars":28,"reviewId":"mimo-intv-mimo_pc_input_text-14ad20a58d764d5cbafd467067e53a51"}
17:21:25 [info] [intervention] {"stage":"user-bound","at":1790328085886,"requestId":"dfcba3e487da180c","origin":"b5094fe8d78e452f","runId":"80cc4d1352bbe6ab","sessionId":"b5094fe8d78e452f","userId":"a31abdeaf11278dc","elapsedMs":519,"textChars":28,"reviewId":"mimo-intv-mimo_pc_input_text-14ad20a58d764d5cbafd467067e53a51"}
17:21:26 [info] [intervention] {"stage":"model.start","at":1790328086003,"requestId":"dfcba3e487da180c","origin":"b5094fe8d78e452f","runId":"80cc4d1352bbe6ab","sessionId":"b5094fe8d78e452f","userId":"a31abdeaf11278dc","assistantId":"be658431cda317c1","ephemeral":false,"hasScope":true,"route":"upstream"}
17:21:26 [info] [intervention] {"stage":"fetch.start","at":1790328086014,"requestId":"dfcba3e487da180c","origin":"b5094fe8d78e452f","runId":"80cc4d1352bbe6ab","sessionId":"b5094fe8d78e452f","userId":"a31abdeaf11278dc","assistantId":"be658431cda317c1","ephemeral":false,"hasScope":true,"protocol":"chat-completions","route":"upstream"}
17:21:30 [info] [intervention] {"stage":"fetch.response","at":1790328090934,"requestId":"dfcba3e487da180c","origin":"b5094fe8d78e452f","runId":"80cc4d1352bbe6ab","sessionId":"b5094fe8d78e452f","userId":"a31abdeaf11278dc","assistantId":"be658431cda317c1","elapsedMs":4920,"status":200,"ephemeral":false,"hasScope":true,"protocol":"chat-completions","route":"upstream"}
17:21:33 [info] [content-review/turn-binding] note-no-slot key=ses_ffe5f298357dfffeN82Wln2VmT anchor=msg:msg_g001a0d7de9dae001k3251Lgzm
17:21:33 [info] [intervention] {"stage":"output","at":1790328093204,"runId":"80cc4d1352bbe6ab","sessionId":"b5094fe8d78e452f","assistantId":"be658431cda317c1","textChars":4,"reviewSkipped":false}
17:21:34 [info] [intervention] {"stage":"closed","at":1790328094746,"requestId":"dfcba3e487da180c","origin":"b5094fe8d78e452f","runId":"80cc4d1352bbe6ab","sessionId":"b5094fe8d78e452f","userId":"a31abdeaf11278dc","elapsedMs":9379,"textChars":28,"reviewId":"mimo-intv-mimo_pc_input_text-14ad20a58d764d5cbafd467067e53a51"}
17:21:34 [info] [turn-power-save] released sysId=4 last=run:ses_ffe5f298357dfffeN82Wln2VmT
17:21:34 [log] [sess-diag] engineFetch GET /session/ses_ffe5f298357dfffeN82Wln2VmT/task -> HTTP 200 elapsed=43ms responseBytes=2346 engineUrl= http://127.0.0.1:51053 engineId= mimocode
17:21:34 [log] [sess-diag] engineFetch GET /session/ses_ffe5f298357dfffeN82Wln2VmT/recovery -> HTTP 200 elapsed=57ms responseBytes=2 engineUrl= http://127.0.0.1:51053 engineId= mimocode
17:21:34 [log] [sess-diag] engineFetch GET /session/ses_ffe5f298357dfffeN82Wln2VmT -> HTTP 200 elapsed=67ms responseBytes=29556 engineUrl= http://127.0.0.1:51053 engineId= mimocode
17:21:34 [info] [content-review] app=mimo_pc_output_text source=conversation why=flush batch=1f75923512d5b381 api=/api/audit/check len=85 images=0 sha=363727b50b9e session=ses_ffe5f298357dfffeN82Wln2VmT elapsed=221ms verdict=pass reviewId=mimo-mimo_pc_output_text-a5eb32646bf945649ba1db467c9ba681 detail=[serverVerdict=pass resultCode=1 subCode=9 aigc=- hints=0 detailsLen=0 resp=[passed=pass resultCode=1 reviewId=mimo-mimo_pc_output_text-a5eb32646bf945649ba1db467c9ba681 offlineReason= offlineDetails=[0 chars] hint=[0 items] subCode=9 aigc=null]]
17:21:53 [log] [sess-diag] engineFetch GET /experimental/session?roots=true&limit=2000 -> HTTP 200 elapsed=27ms responseBytes=29599 engineUrl= http://127.0.0.1:51053 engineId= (default)
17:21:53 [log] [sess-diag] loadEngineSessions: 原始条数 = 1
17:21:53 [log] [sess-diag] loadEngineSessions: reconcile 后 convos = 1 order = 1
17:21:53 [log] [sess-diag] loadEngineSessions: 耗时(ms) fetch = 31 repoRoots = 1 build+reconcile = 1 set = 1 total = 35
17:22:23 [log] [sess-diag] engineFetch GET /experimental/session?roots=true&limit=2000 -> HTTP 200 elapsed=47ms responseBytes=29599 engineUrl= http://127.0.0.1:51053 engineId= (default)
17:22:23 [log] [sess-diag] loadEngineSessions: 原始条数 = 1
17:22:23 [log] [sess-diag] loadEngineSessions: reconcile 后 convos = 1 order = 1
17:22:23 [log] [sess-diag] loadEngineSessions: 耗时(ms) fetch = 116 repoRoots = 1 build+reconcile = 1 set = 1 total = 119
17:22:53 [log] [sess-diag] engineFetch GET /experimental/session?roots=true&limit=2000 -> HTTP 200 elapsed=43ms responseBytes=29599 engineUrl= http://127.0.0.1:51053 engineId= (default)
17:22:53 [log] [sess-diag] loadEngineSessions: 原始条数 = 1
17:22:53 [log] [sess-diag] loadEngineSessions: reconcile 后 convos = 1 order = 1
17:22:53 [log] [sess-diag] loadEngineSessions: 耗时(ms) fetch = 48 repoRoots = 2 build+reconcile = 1 set = 1 total = 52
17:23:23 [log] [sess-diag] engineFetch GET /experimental/session?roots=true&limit=2000 -> HTTP 200 elapsed=20ms responseBytes=29599 engineUrl= http://127.0.0.1:51053 engineId= (default)
17:23:23 [log] [sess-diag] loadEngineSessions: 原始条数 = 1
17:23:23 [log] [sess-diag] loadEngineSessions: reconcile 后 convos = 1 order = 1
17:23:23 [log] [sess-diag] loadEngineSessions: 耗时(ms) fetch = 23 repoRoots = 2 build+reconcile = 1 set = 1 total = 27
17:23:53 [log] [sess-diag] engineFetch GET /experimental/session?roots=true&limit=2000 -> HTTP 200 elapsed=24ms responseBytes=29599 engineUrl= http://127.0.0.1:51053 engineId= (default)
17:23:53 [log] [sess-diag] loadEngineSessions: 原始条数 = 1
17:23:53 [log] [sess-diag] loadEngineSessions: reconcile 后 convos = 1 order = 1
17:23:53 [log] [sess-diag] loadEngineSessions: 耗时(ms) fetch = 29 repoRoots = 3 build+reconcile = 1 set = 2 total = 34
17:24:23 [log] [sess-diag] engineFetch GET /experimental/session?roots=true&limit=2000 -> HTTP 200 elapsed=23ms responseBytes=29599 engineUrl= http://127.0.0.1:51053 engineId= (default)
17:24:23 [log] [sess-diag] loadEngineSessions: 原始条数 = 1
17:24:23 [log] [sess-diag] loadEngineSessions: reconcile 后 convos = 1 order = 1
17:24:23 [log] [sess-diag] loadEngineSessions: 耗时(ms) fetch = 27 repoRoots = 2 build+reconcile = 1 set = 1 total = 30
17:26:16 [info] [experiment] key=feature_gates id=101197 type=string value={\n    "domestic": { "show_mcp_entry": false, "show_custom_model_button": true, "loop_streak_recovery": true, "show_evolve_entry": true,"show_computeruse": false, "show_browseruse": false, "show_pay": … elapsed=1ms
17:26:16 [info] [feature-gates] refresh: ok (elapsed=83ms)
17:27:05 [info] [config] loading from: https://cdn-exp-sg-recommend.pt.xiaomi.com/service/getClientBitMapExpConf/mimoDesktop(%E6%96%B0%E5%8A%A0%E5%9D%A1)
17:27:05 [info] [config] loaded tree for mimoDesktop(新加坡): children=2, upRuleIds=0
17:27:05 [info] [config] remote config loaded: 1 apps
17:27:05 [info] [config] loaded successfully: 1 apps
17:36:16 [info] [experiment] key=feature_gates id=101197 type=string value={\n    "domestic": { "show_mcp_entry": false, "show_custom_model_button": true, "loop_streak_recovery": true, "show_evolve_entry": true,"show_computeruse": false, "show_browseruse": false, "show_pay": … elapsed=0ms
17:36:16 [info] [feature-gates] refresh: ok (elapsed=32ms)
17:37:05 [info] [config] loading from: https://cdn-exp-sg-recommend.pt.xiaomi.com/service/getClientBitMapExpConf/mimoDesktop(%E6%96%B0%E5%8A%A0%E5%9D%A1)
17:37:06 [info] [config] loaded tree for mimoDesktop(新加坡): children=2, upRuleIds=0
17:37:06 [info] [config] remote config loaded: 1 apps
17:37:06 [info] [config] loaded successfully: 1 apps
17:38:13 [info] [exit-app] quit via tray menu
17:38:13 [info] [exit-app] before-quit
17:38:13 [info] [window] window closed
17:38:13 [info] [exit-app] window-all-closed platform=win32 appQuitting=true willQuit=false
17:42:21 [info] [boot] MiMo Desktop version=26.923.232338 platform=win32 arch=arm64 os=Windows_NT/10.0.26200 sysver=10.0.26200 mem=7.7GB(free 2.0GB) edition=domestic packaged=true theme=system e2e=false authBypass=false logs=C:\Users\xiaomi\AppData\Roaming\Xiaomi MiMo\logs
17:42:22 [info] [terminal-env] snapshot source: win-registry
17:42:22 [info] [runtimes] injected env: MIMO_NODE,MIMO_PYTHON,MIMO_QPDF,MIMO_GITHUB_MCP_SERVER,MIMO_NODE_MODULES,MIMO_RIPGREP_PATH,MIMO_ELECTRON_NODE_HOST,PYTHONDONTWRITEBYTECODE
17:42:22 [log] [api-base] cached-region reader injected after settle -> ignored
17:42:22 [log] [api-base] system-country reader injected after settle -> ignored
17:42:22 [info] [user-auth] init ok requiresCnAccount=true cachedRegion=CN localeCountry=CN
17:42:22 [warn] [libreoffice-runtime] setup not-configured key=win32-arm64 (manifest 缺项或未发布;静默降级)
17:42:22 [info] [on-demand-assets] setup ready descriptors=soundfont(1f),query-classifier(4f) not-configured=none
17:42:22 [info] [engine] reloadConfigOnNextSession (plugin change)
17:42:22 [error] [plugins] registry corrupt/unreadable at startup seed; closing automation HostMcp gate
17:42:22 [info] [engine] reloadConfigOnNextSession (plugin change)
17:42:22 [info] [plugins] setup ok count=0
17:42:22 [info] [apm] region=CN source=cache
17:42:22 [log] [evolve-observatory] evolve observatory server listening on 127.0.0.1:53364
17:42:22 [log] [mimo][api] listening on 127.0.0.1:53365
17:42:22 [info] [boot] app ready in 1459.51904296875ms
17:42:22 [error] [plugins] registry corrupt/unreadable at readiness settle; keeping automation HostMcp gate closed
17:42:22 [info] [engine] reloadConfigOnNextSession (plugin change)
17:42:22 [info] [presentation-host] started socket=C:\Users\xiaomi\AppData\Roaming\Xiaomi MiMo\presentation-host\4f20a7ab00e6.sock
17:42:22 [info] [application] activated (main window created)
17:42:22 [info] [tray] enabled=true
17:42:22 [info] [updater] setup begin
17:42:22 [info] [updater] setup platform=win32 packaged=true version=26.923.232338 e2e=false
17:42:22 [info] [updater/win] transaction reconcile kind=none
17:42:22 [info] [updater/win] auto-updater path feed=https://mimocode-cdn.xiaomimimo.com/mimocode/mimodesktop/manifest.json
17:42:22 [info] [engine] prewarm startEngine
17:42:23 [info] [plugins] automation background startup settled {"elapsedMs":800}
17:42:27 [info] [db] prewarm ok in 4964ms
17:42:27 [info] [artifacts] reconciliation starting
17:42:27 [log] [xiaomi-auth] probeStatus start (hidden-window path)
17:42:28 [info] [engine] HostMcp runtime available=true
17:42:28 [info] [engine] reloadConfigOnNextSession (plugin change)
17:42:32 [log] [DeviceId] generated:
17:42:32 [warn] [query-classification] warmup-unavailable {"code":"inference-failed"}
17:42:34 [log] [mimo] engine in-process server ready http://127.0.0.1:49889
17:42:34 [info] [engine] prewarm ok
17:42:34 [info] [mimo] loop_streak_recovery=on · experimental crop enabled for next requests
17:42:34 [info] [libreoffice-runtime] prefetch skipped (not-configured)
17:42:34 [info] [on-demand-assets] prefetch start queue=[soundfont,query-classifier]
17:42:34 [info] [on-demand-assets] soundfont cache-hit (1 files);skip download
17:42:34 [info] [on-demand-assets] query-classifier cache-hit (4 files);skip download
17:42:34 [info] Checking for update
17:42:34 [log] [model-catalog] xiaomi login not confirmed -> skip fetch, keep cache
17:42:34 [log] [xiaomi-auth] probeStatus done kind=authenticated userId=602054437
17:42:35 [info] [experiment] initializing app=mimoDesktop(新加坡) env=ksmoscloudsrv service=<sdk-default>
17:42:35 [info] [config] loading from: https://cdn-exp-sg-recommend.pt.xiaomi.com/service/getClientBitMapExpConf/mimoDesktop(%E6%96%B0%E5%8A%A0%E5%9D%A1)
17:42:35 [info] [user-auth] initialize done xiaomi-logged-in=true
17:42:36 [info] Update for version 26.923.232338 is not available (latest version: 26.923.232338, downgrade is disallowed).
17:42:36 [info] [config] loaded tree for mimoDesktop(新加坡): children=2, upRuleIds=0
17:42:36 [info] [config] remote config loaded: 1 apps
17:42:36 [info] [config] loaded successfully: 1 apps
17:42:36 [info] [experiment] key=feature_gates id=101197 type=string value={\n    "domestic": { "show_mcp_entry": false, "show_custom_model_button": true, "loop_streak_recovery": true, "show_evolve_entry": true,"show_computeruse": false, "show_browseruse": false, "show_pay": … elapsed=1370ms
17:42:36 [info] [feature-gates] refresh: ok (elapsed=1390ms)
17:42:36 [error] (node:10580) [DEP0180] DeprecationWarning: fs.Stats constructor is deprecated.\n(Use `Xiaomi MiMo --trace-deprecation ...` to show where the warning was created)
17:42:37 [log] [sess-diag] engineFetch GET /experimental/session?roots=true&limit=2000 -> HTTP 200 elapsed=2827ms responseBytes=29599 engineUrl= http://127.0.0.1:49889 engineId= (default)
17:42:37 [log] [sess-diag] loadEngineSessions: 原始条数 = 1
17:42:37 [log] [sess-diag] loadEngineSessions: reconcile 后 convos = 1 order = 1
17:42:37 [log] [sess-diag] loadEngineSessions: 耗时(ms) fetch = 2872 repoRoots = 34 build+reconcile = 3 set = 1 total = 2911
17:42:37 [info] [artifacts] reconciliation started
17:42:43 [log] [sess-diag] engineFetch GET /experimental/session?roots=true&limit=2000 -> HTTP 200 elapsed=19ms responseBytes=29599 engineUrl= http://127.0.0.1:49889 engineId= (default)
17:42:43 [log] [sess-diag] loadEngineSessions: 原始条数 = 1
17:42:43 [log] [sess-diag] loadEngineSessions: reconcile 后 convos = 1 order = 1
17:42:43 [log] [sess-diag] loadEngineSessions: 耗时(ms) fetch = 22 repoRoots = 1 build+reconcile = 1 set = 1 total = 25
17:42:50 [log] [sess-diag] engineFetch GET /experimental/session?roots=true&limit=2000 -> HTTP 200 elapsed=30ms responseBytes=29599 engineUrl= http://127.0.0.1:49889 engineId= (default)
17:42:50 [log] [sess-diag] loadEngineSessions: 原始条数 = 1
17:42:50 [log] [sess-diag] loadEngineSessions: reconcile 后 convos = 1 order = 1
17:42:50 [log] [sess-diag] loadEngineSessions: 耗时(ms) fetch = 35 repoRoots = 1 build+reconcile = 1 set = 0 total = 37
17:42:51 [log] [sess-diag] engineFetch GET /experimental/session?roots=true&limit=2000 -> HTTP 200 elapsed=120ms responseBytes=29599 engineUrl= http://127.0.0.1:49889 engineId= (default)
17:42:51 [log] [sess-diag] loadEngineSessions: 原始条数 = 1
17:42:51 [log] [sess-diag] loadEngineSessions: reconcile 后 convos = 1 order = 1
17:42:51 [log] [sess-diag] loadEngineSessions: 耗时(ms) fetch = 124 repoRoots = 1 build+reconcile = 1 set = 0 total = 127
17:43:04 [log] [sess-diag] engineFetch GET /experimental/session?roots=true&limit=2000 -> HTTP 200 elapsed=26ms responseBytes=29599 engineUrl= http://127.0.0.1:49889 engineId= (default)
17:43:04 [log] [sess-diag] loadEngineSessions: 原始条数 = 1
17:43:04 [log] [sess-diag] loadEngineSessions: reconcile 后 convos = 1 order = 1
17:43:04 [log] [sess-diag] loadEngineSessions: 耗时(ms) fetch = 28 repoRoots = 1 build+reconcile = 1 set = 0 total = 30
17:43:34 [log] [sess-diag] engineFetch GET /experimental/session?roots=true&limit=2000 -> HTTP 200 elapsed=35ms responseBytes=29599 engineUrl= http://127.0.0.1:49889 engineId= (default)
17:43:34 [log] [sess-diag] loadEngineSessions: 原始条数 = 1
17:43:34 [log] [sess-diag] loadEngineSessions: reconcile 后 convos = 1 order = 1
17:43:34 [log] [sess-diag] loadEngineSessions: 耗时(ms) fetch = 40 repoRoots = 2 build+reconcile = 1 set = 1 total = 44
17:44:04 [log] [sess-diag] engineFetch GET /experimental/session?roots=true&limit=2000 -> HTTP 200 elapsed=32ms responseBytes=29599 engineUrl= http://127.0.0.1:49889 engineId= (default)
17:44:04 [log] [sess-diag] loadEngineSessions: 原始条数 = 1
17:44:04 [log] [sess-diag] loadEngineSessions: reconcile 后 convos = 1 order = 1
17:44:04 [log] [sess-diag] loadEngineSessions: 耗时(ms) fetch = 36 repoRoots = 3 build+reconcile = 1 set = 1 total = 41
17:44:34 [log] [sess-diag] engineFetch GET /experimental/session?roots=true&limit=2000 -> HTTP 200 elapsed=10ms responseBytes=29599 engineUrl= http://127.0.0.1:49889 engineId= (default)
17:44:34 [log] [sess-diag] loadEngineSessions: 原始条数 = 1
17:44:34 [log] [sess-diag] loadEngineSessions: reconcile 后 convos = 1 order = 1
17:44:34 [log] [sess-diag] loadEngineSessions: 耗时(ms) fetch = 13 repoRoots = 1 build+reconcile = 1 set = 0 total = 15
17:45:04 [log] [sess-diag] engineFetch GET /experimental/session?roots=true&limit=2000 -> HTTP 200 elapsed=30ms responseBytes=29599 engineUrl= http://127.0.0.1:49889 engineId= (default)
17:45:04 [log] [sess-diag] loadEngineSessions: 原始条数 = 1
17:45:04 [log] [sess-diag] loadEngineSessions: reconcile 后 convos = 1 order = 1
17:45:04 [log] [sess-diag] loadEngineSessions: 耗时(ms) fetch = 35 repoRoots = 3 build+reconcile = 1 set = 1 total = 39
17:45:34 [log] [sess-diag] engineFetch GET /experimental/session?roots=true&limit=2000 -> HTTP 200 elapsed=26ms responseBytes=29599 engineUrl= http://127.0.0.1:49889 engineId= (default)
17:45:34 [log] [sess-diag] loadEngineSessions: 原始条数 = 1
17:45:34 [log] [sess-diag] loadEngineSessions: reconcile 后 convos = 1 order = 1
17:45:34 [log] [sess-diag] loadEngineSessions: 耗时(ms) fetch = 31 repoRoots = 2 build+reconcile = 1 set = 1 total = 35
18:26:45 [info] [experiment] key=feature_gates id=101197 type=string value={\n    "domestic": { "show_mcp_entry": false, "show_custom_model_button": true, "loop_streak_recovery": true, "show_evolve_entry": true,"show_computeruse": false, "show_browseruse": false, "show_pay": … elapsed=0ms
18:26:45 [info] [feature-gates] refresh: ok (elapsed=11ms)
18:26:45 [info] [config] loading from: https://cdn-exp-sg-recommend.pt.xiaomi.com/service/getClientBitMapExpConf/mimoDesktop(%E6%96%B0%E5%8A%A0%E5%9D%A1)
18:26:45 [error] [config] reload failed: getaddrinfo ENOTFOUND cdn-exp-sg-recommend.pt.xiaomi.com
21:48:45 [info] [experiment] key=feature_gates id=101197 type=string value={\n    "domestic": { "show_mcp_entry": false, "show_custom_model_button": true, "loop_streak_recovery": true, "show_evolve_entry": true,"show_computeruse": false, "show_browseruse": false, "show_pay": … elapsed=0ms
21:48:45 [info] [feature-gates] refresh: ok (elapsed=21ms)
21:48:45 [info] [config] loading from: https://cdn-exp-sg-recommend.pt.xiaomi.com/service/getClientBitMapExpConf/mimoDesktop(%E6%96%B0%E5%8A%A0%E5%9D%A1)
21:48:45 [log] [model-catalog] fetch inconclusive=network (net::ERR_NETWORK_CHANGED) -> keep cache
21:48:46 [info] [config] loaded tree for mimoDesktop(新加坡): children=2, upRuleIds=0
21:48:46 [info] [config] remote config loaded: 1 apps
21:48:46 [info] [config] loaded successfully: 1 apps
21:48:46 [info] Checking for update
21:48:48 [info] Update for version 26.923.232338 is not available (latest version: 26.923.232338, downgrade is disallowed).
21:58:45 [info] [experiment] key=feature_gates id=101197 type=string value={\n    "domestic": { "show_mcp_entry": false, "show_custom_model_button": true, "loop_streak_recovery": true, "show_evolve_entry": true,"show_computeruse": false, "show_browseruse": false, "show_pay": … elapsed=1ms
21:58:45 [info] [feature-gates] refresh: ok (elapsed=34ms)
21:58:45 [info] [config] loading from: https://cdn-exp-sg-recommend.pt.xiaomi.com/service/getClientBitMapExpConf/mimoDesktop(%E6%96%B0%E5%8A%A0%E5%9D%A1)
21:58:45 [info] [config] loaded tree for mimoDesktop(新加坡): children=2, upRuleIds=0
21:58:45 [info] [config] remote config loaded: 1 apps
21:58:45 [info] [config] loaded successfully: 1 apps
22:00:15 [log] [sess-diag] engineFetch GET /experimental/session?roots=true&limit=2000 -> HTTP 200 elapsed=50ms responseBytes=29599 engineUrl= http://127.0.0.1:49889 engineId= (default)
22:00:15 [log] [sess-diag] loadEngineSessions: 原始条数 = 1
22:00:15 [log] [sess-diag] loadEngineSessions: reconcile 后 convos = 1 order = 1
22:00:15 [log] [sess-diag] loadEngineSessions: 耗时(ms) fetch = 85 repoRoots = 12 build+reconcile = 1 set = 1 total = 98
22:11:39 [info] [experiment] key=feature_gates id=101197 type=string value={\n    "domestic": { "show_mcp_entry": false, "show_custom_model_button": true, "loop_streak_recovery": true, "show_evolve_entry": true,"show_computeruse": false, "show_browseruse": false, "show_pay": … elapsed=0ms
22:11:39 [info] [feature-gates] refresh: ok (elapsed=13ms)
22:11:39 [info] [config] loading from: https://cdn-exp-sg-recommend.pt.xiaomi.com/service/getClientBitMapExpConf/mimoDesktop(%E6%96%B0%E5%8A%A0%E5%9D%A1)
22:11:40 [info] [config] loaded tree for mimoDesktop(新加坡): children=2, upRuleIds=0
22:11:40 [info] [config] remote config loaded: 1 apps
22:11:40 [info] [config] loaded successfully: 1 apps
22:15:52 [log] [sess-diag] engineFetch GET /experimental/session?roots=true&limit=2000 -> HTTP 200 elapsed=49ms responseBytes=29599 engineUrl= http://127.0.0.1:49889 engineId= (default)
22:15:52 [log] [sess-diag] loadEngineSessions: 原始条数 = 1
22:15:52 [log] [sess-diag] loadEngineSessions: reconcile 后 convos = 1 order = 1
22:15:52 [log] [sess-diag] loadEngineSessions: 耗时(ms) fetch = 94 repoRoots = 13 build+reconcile = 1 set = 0 total = 108
22:16:00 [log] [sess-diag] engineFetch GET /experimental/session?roots=true&limit=2000 -> HTTP 200 elapsed=310ms responseBytes=29599 engineUrl= http://127.0.0.1:49889 engineId= (default)
22:16:00 [log] [sess-diag] loadEngineSessions: 原始条数 = 1
22:16:00 [log] [sess-diag] loadEngineSessions: reconcile 后 convos = 1 order = 1
22:16:00 [log] [sess-diag] loadEngineSessions: 耗时(ms) fetch = 315 repoRoots = 85 build+reconcile = 3 set = 1 total = 404
22:21:39 [info] [experiment] key=feature_gates id=101197 type=string value={\n    "domestic": { "show_mcp_entry": false, "show_custom_model_button": true, "loop_streak_recovery": true, "show_evolve_entry": true,"show_computeruse": false, "show_browseruse": false, "show_pay": … elapsed=0ms
22:21:39 [info] [feature-gates] refresh: ok (elapsed=28ms)
22:21:39 [info] [config] loading from: https://cdn-exp-sg-recommend.pt.xiaomi.com/service/getClientBitMapExpConf/mimoDesktop(%E6%96%B0%E5%8A%A0%E5%9D%A1)
22:21:40 [info] [config] loaded tree for mimoDesktop(新加坡): children=2, upRuleIds=0
22:21:40 [info] [config] remote config loaded: 1 apps
22:21:40 [info] [config] loaded successfully: 1 apps
22:31:39 [info] [experiment] key=feature_gates id=101197 type=string value={\n    "domestic": { "show_mcp_entry": false, "show_custom_model_button": true, "loop_streak_recovery": true, "show_evolve_entry": true,"show_computeruse": false, "show_browseruse": false, "show_pay": … elapsed=0ms
22:31:39 [info] [feature-gates] refresh: ok (elapsed=12ms)
22:31:39 [info] [config] loading from: https://cdn-exp-sg-recommend.pt.xiaomi.com/service/getClientBitMapExpConf/mimoDesktop(%E6%96%B0%E5%8A%A0%E5%9D%A1)
22:31:40 [info] [config] loaded tree for mimoDesktop(新加坡): children=2, upRuleIds=0
22:31:40 [info] [config] remote config loaded: 1 apps
22:31:40 [info] [config] loaded successfully: 1 apps
22:32:28 [log] [sess-diag] engineFetch GET /experimental/session?roots=true&limit=2000 -> HTTP 200 elapsed=92ms responseBytes=36992 engineUrl= http://127.0.0.1:49889 engineId= (default)
22:32:28 [info] [hidden-bounds] bounds drifted after show, re-applied {"current":{"x":-7,"y":-7,"width":1722,"height":1058},"target":{"x":0,"y":0,"width":1707,"height":1043}}
22:32:28 [log] [sess-diag] loadEngineSessions: 原始条数 = 18
22:32:29 [log] [sess-diag] loadEngineSessions: reconcile 后 convos = 18 order = 18
22:32:29 [log] [sess-diag] loadEngineSessions: 耗时(ms) fetch = 156 repoRoots = 423 build+reconcile = 5 set = 1 total = 584
22:32:34 [log] [sess-diag] engineFetch GET /experimental/session?roots=true&limit=2000 -> HTTP 200 elapsed=21ms responseBytes=36992 engineUrl= http://127.0.0.1:49889 engineId= (default)
22:32:34 [log] [sess-diag] loadEngineSessions: 原始条数 = 18
22:32:34 [log] [sess-diag] loadEngineSessions: reconcile 后 convos = 18 order = 18
22:32:34 [log] [sess-diag] loadEngineSessions: 耗时(ms) fetch = 24 repoRoots = 2 build+reconcile = 5 set = 1 total = 31
22:33:04 [log] [sess-diag] engineFetch GET /experimental/session?roots=true&limit=2000 -> HTTP 200 elapsed=22ms responseBytes=36992 engineUrl= http://127.0.0.1:49889 engineId= (default)
22:33:04 [log] [sess-diag] loadEngineSessions: 原始条数 = 18
22:33:04 [log] [sess-diag] loadEngineSessions: reconcile 后 convos = 18 order = 18
22:33:04 [log] [sess-diag] loadEngineSessions: 耗时(ms) fetch = 25 repoRoots = 2 build+reconcile = 5 set = 1 total = 34
22:33:34 [log] [sess-diag] engineFetch GET /experimental/session?roots=true&limit=2000 -> HTTP 200 elapsed=20ms responseBytes=36992 engineUrl= http://127.0.0.1:49889 engineId= (default)
22:33:34 [log] [sess-diag] loadEngineSessions: 原始条数 = 18
22:33:34 [log] [sess-diag] loadEngineSessions: reconcile 后 convos = 18 order = 18
22:33:34 [log] [sess-diag] loadEngineSessions: 耗时(ms) fetch = 22 repoRoots = 1 build+reconcile = 2 set = 1 total = 26
22:34:02 [log] [sess-diag] engineFetch GET /session/ses_ffe5f3312d0fbffe7w4dZ2rCoN/recovery -> HTTP 200 elapsed=167ms responseBytes=2 engineUrl= http://127.0.0.1:49889 engineId= (default)
22:34:02 [log] [sess-diag] engineFetch GET /session/ses_ffe5f3312d0fbffe7w4dZ2rCoN/message -> HTTP 200 elapsed=155ms responseBytes=536676 engineUrl= http://127.0.0.1:49889 engineId= (default)
22:34:02 [log] [sess-diag] engineFetch GET /session/ses_ffe5f3312d0fbffe7w4dZ2rCoN/actors -> HTTP 200 elapsed=189ms responseBytes=2 engineUrl= http://127.0.0.1:49889 engineId= (default)
22:34:04 [log] [sess-diag] engineFetch GET /experimental/session?roots=true&limit=2000 -> HTTP 200 elapsed=12ms responseBytes=36992 engineUrl= http://127.0.0.1:49889 engineId= (default)
22:34:04 [log] [sess-diag] loadEngineSessions: 原始条数 = 18
22:34:04 [log] [sess-diag] loadEngineSessions: reconcile 后 convos = 18 order = 18
22:34:04 [log] [sess-diag] loadEngineSessions: 耗时(ms) fetch = 18 repoRoots = 2 build+reconcile = 3 set = 1 total = 23
22:34:04 [log] [sess-diag] [white-screen-up] {"id":"ses_ffe5f3312d0fbffe7w4dZ2rCoN","upDelta":1168,"prevTop":1770,"top":602,"clientHeight":883,"prevScrollHeight":6489,"scrollHeight":6475,"following":false,"lastPinSource":"content-ro","stack":"Error: white-screen-up-scroll\n    at Fn (app://-/renderer/assets/ThreadView-D9cl-a57.js:1:5217)\n    at HTMLDivElement.A (app://-/renderer/assets/ThreadView-D9cl-a57.js:1:24046)"}
22:34:06 [log] [sess-diag] engineFetch GET /session/ses_ffe5f4792318effevrmamwtOts/recovery -> HTTP 200 elapsed=43ms responseBytes=2 engineUrl= http://127.0.0.1:49889 engineId= (default)
22:34:06 [log] [sess-diag] engineFetch GET /session/ses_ffe5f4792318effevrmamwtOts/message -> HTTP 200 elapsed=29ms responseBytes=865682 engineUrl= http://127.0.0.1:49889 engineId= (default)
22:34:06 [log] [sess-diag] engineFetch GET /session/ses_ffe5f4792318effevrmamwtOts/actors -> HTTP 200 elapsed=14ms responseBytes=2 engineUrl= http://127.0.0.1:49889 engineId= (default)
22:34:15 [log] [sess-diag] engineFetch GET /experimental/session?roots=true&limit=2000 -> HTTP 200 elapsed=60ms responseBytes=36992 engineUrl= http://127.0.0.1:49889 engineId= (default)
22:34:15 [log] [sess-diag] loadEngineSessions: 原始条数 = 18
22:34:15 [log] [sess-diag] loadEngineSessions: reconcile 后 convos = 18 order = 18
22:34:15 [log] [sess-diag] loadEngineSessions: 耗时(ms) fetch = 62 repoRoots = 1 build+reconcile = 3 set = 1 total = 67
22:34:15 [info] [hidden-bounds] bounds drifted after show, re-applied {"current":{"x":-7,"y":-7,"width":1722,"height":1058},"target":{"x":0,"y":0,"width":1707,"height":1043}}
22:34:16 [log] [sess-diag] engineFetch GET /session/ses_ffe5f298357dfffeN82Wln2VmT/recovery -> HTTP 200 elapsed=140ms responseBytes=2 engineUrl= http://127.0.0.1:49889 engineId= (default)
22:34:16 [log] [sess-diag] engineFetch GET /session/ses_ffe5f298357dfffeN82Wln2VmT/message -> HTTP 200 elapsed=114ms responseBytes=2060390 engineUrl= http://127.0.0.1:49889 engineId= (default)
22:34:17 [log] [sess-diag] engineFetch GET /session/ses_ffe5f298357dfffeN82Wln2VmT/actors -> HTTP 200 elapsed=103ms responseBytes=579 engineUrl= http://127.0.0.1:49889 engineId= (default)
22:34:24 [log] [sess-diag] engineFetch GET /experimental/session?roots=true&limit=2000 -> HTTP 200 elapsed=367ms responseBytes=36992 engineUrl= http://127.0.0.1:49889 engineId= (default)
22:34:24 [log] [sess-diag] loadEngineSessions: 原始条数 = 18
22:34:25 [log] [sess-diag] loadEngineSessions: reconcile 后 convos = 18 order = 18
22:34:25 [log] [sess-diag] loadEngineSessions: 耗时(ms) fetch = 465 repoRoots = 31 build+reconcile = 82 set = 2 total = 580
22:35:11 [info] [exit-app] quit via tray menu
22:35:11 [info] [exit-app] before-quit
22:35:11 [info] [window] window closed
22:35:11 [info] [exit-app] window-all-closed platform=win32 appQuitting=true willQuit=false
22:35:46 [info] [boot] MiMo Desktop version=26.923.232338 platform=win32 arch=arm64 os=Windows_NT/10.0.26200 sysver=10.0.26200 mem=7.7GB(free 1.6GB) edition=domestic packaged=true theme=system e2e=false authBypass=false logs=C:\Users\xiaomi\AppData\Roaming\Xiaomi MiMo\logs
22:35:46 [info] [terminal-env] snapshot source: win-registry
22:35:46 [info] [runtimes] injected env: MIMO_NODE,MIMO_PYTHON,MIMO_QPDF,MIMO_GITHUB_MCP_SERVER,MIMO_NODE_MODULES,MIMO_RIPGREP_PATH,MIMO_ELECTRON_NODE_HOST,PYTHONDONTWRITEBYTECODE
22:35:46 [log] [api-base] cached-region reader injected after settle -> ignored
22:35:46 [log] [api-base] system-country reader injected after settle -> ignored
22:35:46 [info] [user-auth] init ok requiresCnAccount=true cachedRegion=CN localeCountry=CN
22:35:46 [warn] [libreoffice-runtime] setup not-configured key=win32-arm64 (manifest 缺项或未发布;静默降级)
22:35:46 [info] [on-demand-assets] setup ready descriptors=soundfont(1f),query-classifier(4f) not-configured=none
22:35:46 [info] [engine] reloadConfigOnNextSession (plugin change)
22:35:46 [error] [plugins] registry corrupt/unreadable at startup seed; closing automation HostMcp gate
22:35:46 [info] [engine] reloadConfigOnNextSession (plugin change)
22:35:46 [info] [plugins] setup ok count=0
22:35:46 [info] [apm] region=CN source=cache
22:35:47 [log] [evolve-observatory] evolve observatory server listening on 127.0.0.1:59523
22:35:47 [log] [mimo][api] listening on 127.0.0.1:59524
22:35:47 [info] [boot] app ready in 942.48095703125ms
22:35:47 [error] [plugins] registry corrupt/unreadable at readiness settle; keeping automation HostMcp gate closed
22:35:47 [info] [engine] reloadConfigOnNextSession (plugin change)
22:35:47 [info] [presentation-host] started socket=C:\Users\xiaomi\AppData\Roaming\Xiaomi MiMo\presentation-host\9069e2d16459.sock
22:35:47 [info] [application] activated (main window created)
22:35:47 [info] [tray] enabled=true
22:35:47 [info] [updater] setup begin
22:35:47 [info] [updater] setup platform=win32 packaged=true version=26.923.232338 e2e=false
22:35:47 [info] [updater/win] transaction reconcile kind=none
22:35:47 [info] [updater/win] auto-updater path feed=https://mimocode-cdn.xiaomimimo.com/mimocode/mimodesktop/manifest.json
22:35:47 [info] [engine] prewarm startEngine
22:35:47 [info] [plugins] automation background startup settled {"elapsedMs":805}
22:35:49 [info] [db] prewarm ok in 2121ms
22:35:49 [info] [artifacts] reconciliation starting
22:35:49 [log] [xiaomi-auth] probeStatus start (hidden-window path)
22:35:49 [info] [engine] HostMcp runtime available=true
22:35:49 [info] [engine] reloadConfigOnNextSession (plugin change)
22:35:50 [warn] [query-classification] warmup-unavailable {"code":"inference-failed"}
22:35:52 [log] [DeviceId] generated:
22:35:54 [info] [libreoffice-runtime] prefetch skipped (not-configured)
22:35:54 [info] [on-demand-assets] prefetch start queue=[soundfont,query-classifier]
22:35:54 [info] [on-demand-assets] soundfont cache-hit (1 files);skip download
22:35:54 [info] [on-demand-assets] query-classifier cache-hit (4 files);skip download
22:35:54 [log] [mimo] engine in-process server ready http://127.0.0.1:65058
22:35:54 [info] [engine] prewarm ok
22:35:54 [info] [mimo] loop_streak_recovery=on · experimental crop enabled for next requests
22:35:54 [log] [model-catalog] xiaomi login not confirmed -> skip fetch, keep cache
22:35:54 [info] Checking for update
22:35:55 [log] [xiaomi-auth] probeStatus done kind=authenticated userId=602054437
22:35:56 [info] [experiment] initializing app=mimoDesktop(新加坡) env=ksmoscloudsrv service=<sdk-default>
22:35:56 [info] [config] loading from: https://cdn-exp-sg-recommend.pt.xiaomi.com/service/getClientBitMapExpConf/mimoDesktop(%E6%96%B0%E5%8A%A0%E5%9D%A1)
22:35:56 [info] [user-auth] initialize done xiaomi-logged-in=true
22:35:57 [info] Update for version 26.923.232338 is not available (latest version: 26.923.232338, downgrade is disallowed).
22:35:57 [info] [config] loaded tree for mimoDesktop(新加坡): children=2, upRuleIds=0
22:35:57 [info] [config] remote config loaded: 1 apps
22:35:57 [info] [config] loaded successfully: 1 apps
22:35:57 [info] [experiment] key=feature_gates id=101197 type=string value={\n    "domestic": { "show_mcp_entry": false, "show_custom_model_button": true, "loop_streak_recovery": true, "show_evolve_entry": true,"show_computeruse": false, "show_browseruse": false, "show_pay": … elapsed=1166ms
22:35:57 [info] [feature-gates] refresh: ok (elapsed=1177ms)
22:35:57 [error] (node:3520) [DEP0180] DeprecationWarning: fs.Stats constructor is deprecated.\n(Use `Xiaomi MiMo --trace-deprecation ...` to show where the warning was created)
22:35:58 [log] [sess-diag] engineFetch GET /experimental/session?roots=true&limit=2000 -> HTTP 200 elapsed=3223ms responseBytes=36992 engineUrl= http://127.0.0.1:65058 engineId= (default)
22:35:58 [log] [sess-diag] loadEngineSessions: 原始条数 = 18
22:35:58 [log] [sess-diag] loadEngineSessions: reconcile 后 convos = 18 order = 18
22:35:58 [log] [sess-diag] loadEngineSessions: 耗时(ms) fetch = 3260 repoRoots = 21 build+reconcile = 6 set = 1 total = 3288
22:35:59 [log] [sess-diag] engineFetch GET /session/ses_ffe5f298357dfffeN82Wln2VmT/recovery -> HTTP 200 elapsed=179ms responseBytes=2 engineUrl= http://127.0.0.1:65058 engineId= (default)
22:35:59 [log] [sess-diag] engineFetch GET /session/ses_ffe5f298357dfffeN82Wln2VmT/message -> HTTP 200 elapsed=138ms responseBytes=2060390 engineUrl= http://127.0.0.1:65058 engineId= (default)
22:36:00 [log] [sess-diag] engineFetch GET /session/ses_ffe5f298357dfffeN82Wln2VmT/actors -> HTTP 200 elapsed=345ms responseBytes=579 engineUrl= http://127.0.0.1:65058 engineId= (default)
22:36:08 [info] [artifacts] reconciliation started
22:36:19 [info] [exit-app] quit via tray menu
22:36:19 [info] [exit-app] before-quit
22:36:19 [info] [window] window closed
22:36:19 [info] [exit-app] window-all-closed platform=win32 appQuitting=true willQuit=false
22:44:22 [info] [boot] MiMo Desktop version=26.923.232338 platform=win32 arch=arm64 os=Windows_NT/10.0.26200 sysver=10.0.26200 mem=7.7GB(free 2.0GB) edition=domestic packaged=true theme=system e2e=false authBypass=false logs=C:\Users\xiaomi\AppData\Roaming\Xiaomi MiMo\logs
22:44:22 [info] [terminal-env] snapshot source: win-registry
22:44:22 [info] [runtimes] injected env: MIMO_NODE,MIMO_PYTHON,MIMO_QPDF,MIMO_GITHUB_MCP_SERVER,MIMO_NODE_MODULES,MIMO_RIPGREP_PATH,MIMO_ELECTRON_NODE_HOST,PYTHONDONTWRITEBYTECODE
22:44:22 [log] [api-base] cached-region reader injected after settle -> ignored
22:44:22 [log] [api-base] system-country reader injected after settle -> ignored
22:44:22 [info] [user-auth] init ok requiresCnAccount=true cachedRegion=CN localeCountry=CN
22:44:22 [warn] [libreoffice-runtime] setup not-configured key=win32-arm64 (manifest 缺项或未发布;静默降级)
22:44:22 [info] [on-demand-assets] setup ready descriptors=soundfont(1f),query-classifier(4f) not-configured=none
22:44:22 [info] [engine] reloadConfigOnNextSession (plugin change)
22:44:22 [error] [plugins] registry corrupt/unreadable at startup seed; closing automation HostMcp gate
22:44:22 [info] [engine] reloadConfigOnNextSession (plugin change)
22:44:22 [info] [plugins] setup ok count=0
22:44:22 [info] [apm] region=CN source=cache
22:44:22 [log] [evolve-observatory] evolve observatory server listening on 127.0.0.1:53879
22:44:22 [log] [mimo][api] listening on 127.0.0.1:53880
22:44:22 [info] [boot] app ready in 968.680908203125ms
22:44:22 [error] [plugins] registry corrupt/unreadable at readiness settle; keeping automation HostMcp gate closed
22:44:22 [info] [engine] reloadConfigOnNextSession (plugin change)
22:44:22 [info] [presentation-host] started socket=C:\Users\xiaomi\AppData\Roaming\Xiaomi MiMo\presentation-host\7d2e60fb8e8c.sock
22:44:22 [info] [application] activated (main window created)
22:44:22 [info] [tray] enabled=true
22:44:22 [info] [updater] setup begin
22:44:22 [info] [updater] setup platform=win32 packaged=true version=26.923.232338 e2e=false
22:44:22 [info] [updater/win] transaction reconcile kind=none
22:44:22 [info] [updater/win] auto-updater path feed=https://mimocode-cdn.xiaomimimo.com/mimocode/mimodesktop/manifest.json
22:44:22 [info] [engine] prewarm startEngine
22:44:23 [info] [plugins] automation background startup settled {"elapsedMs":954}
22:44:25 [info] [db] prewarm ok in 2643ms
22:44:25 [info] [artifacts] reconciliation starting
22:44:25 [log] [xiaomi-auth] probeStatus start (hidden-window path)
22:44:25 [info] [engine] HostMcp runtime available=true
22:44:25 [info] [engine] reloadConfigOnNextSession (plugin change)
22:44:28 [log] [DeviceId] generated:
22:44:28 [warn] [query-classification] warmup-unavailable {"code":"inference-failed"}
22:44:30 [info] [libreoffice-runtime] prefetch skipped (not-configured)
22:44:30 [info] [on-demand-assets] prefetch start queue=[soundfont,query-classifier]
22:44:30 [info] [on-demand-assets] soundfont cache-hit (1 files);skip download
22:44:30 [info] [on-demand-assets] query-classifier cache-hit (4 files);skip download
22:44:30 [log] [mimo] engine in-process server ready http://127.0.0.1:50924
22:44:30 [info] [engine] prewarm ok
22:44:30 [info] [mimo] loop_streak_recovery=on · experimental crop enabled for next requests
22:44:30 [log] [model-catalog] xiaomi login not confirmed -> skip fetch, keep cache
22:44:30 [info] Checking for update
22:44:31 [info] Update for version 26.923.232338 is not available (latest version: 26.923.232338, downgrade is disallowed).
22:44:31 [log] [xiaomi-auth] probeStatus done kind=authenticated userId=602054437
22:44:31 [info] [experiment] initializing app=mimoDesktop(新加坡) env=ksmoscloudsrv service=<sdk-default>
22:44:31 [info] [config] loading from: https://cdn-exp-sg-recommend.pt.xiaomi.com/service/getClientBitMapExpConf/mimoDesktop(%E6%96%B0%E5%8A%A0%E5%9D%A1)
22:44:31 [info] [user-auth] initialize done xiaomi-logged-in=true
22:44:31 [info] [config] loaded tree for mimoDesktop(新加坡): children=2, upRuleIds=0
22:44:31 [info] [config] remote config loaded: 1 apps
22:44:31 [info] [config] loaded successfully: 1 apps
22:44:31 [info] [experiment] key=feature_gates id=101197 type=string value={\n    "domestic": { "show_mcp_entry": false, "show_custom_model_button": true, "loop_streak_recovery": true, "show_evolve_entry": true,"show_computeruse": false, "show_browseruse": false, "show_pay": … elapsed=84ms
22:44:31 [info] [feature-gates] refresh: ok (elapsed=94ms)
22:44:32 [error] (node:2160) [DEP0180] DeprecationWarning: fs.Stats constructor is deprecated.\n(Use `Xiaomi MiMo --trace-deprecation ...` to show where the warning was created)
22:44:33 [log] [sess-diag] engineFetch GET /experimental/session?roots=true&limit=2000 -> HTTP 200 elapsed=2978ms responseBytes=38752 engineUrl= http://127.0.0.1:50924 engineId= (default)
22:44:33 [log] [sess-diag] loadEngineSessions: 原始条数 = 18
22:44:37 [info] [boot] MiMo Desktop version=26.923.232338 platform=win32 arch=x64 os=Windows_NT/10.0.26200 sysver=10.0.26200 mem=7.7GB(free 2.0GB) edition=domestic packaged=true theme=system e2e=false authBypass=false logs=C:\Users\xiaomi\AppData\Roaming\Xiaomi MiMo\logs
22:44:38 [info] [terminal-env] snapshot source: win-registry
22:44:38 [info] [runtimes] injected env: MIMO_NODE,MIMO_NPM,MIMO_PYTHON,MIMO_QPDF,MIMO_GITHUB_MCP_SERVER,MIMO_NODE_MODULES,MIMO_RIPGREP_PATH,MIMO_ELECTRON_NODE_HOST,PYTHONDONTWRITEBYTECODE
22:44:38 [log] [api-base] cached-region reader injected after settle -> ignored
22:44:38 [log] [api-base] system-country reader injected after settle -> ignored
22:44:38 [info] [user-auth] init ok requiresCnAccount=true cachedRegion=CN localeCountry=CN
22:44:38 [info] [libreoffice-runtime] setup ready key=win32-x64 version=25.8.7 archive=160665171 bytes
22:44:38 [info] [on-demand-assets] setup ready descriptors=soundfont(1f),query-classifier(4f) not-configured=none
22:44:38 [info] [engine] reloadConfigOnNextSession (plugin change)
22:44:38 [error] [plugins] registry corrupt/unreadable at startup seed; closing automation HostMcp gate
22:44:38 [info] [engine] reloadConfigOnNextSession (plugin change)
22:44:38 [info] [plugins] setup ok count=0
22:44:38 [info] [apm] region=CN source=cache
22:44:38 [log] [evolve-observatory] evolve observatory server listening on 127.0.0.1:62627
22:44:38 [log] [mimo][api] listening on 127.0.0.1:62628
22:44:38 [info] [boot] app ready in 2878.2080078125ms
22:44:38 [error] [plugins] registry corrupt/unreadable at readiness settle; keeping automation HostMcp gate closed
22:44:38 [info] [engine] reloadConfigOnNextSession (plugin change)
22:44:38 [info] [presentation-host] started socket=C:\Users\xiaomi\AppData\Roaming\Xiaomi MiMo\presentation-host\c31b7fb68977.sock
22:44:39 [info] [application] activated (main window created)
22:44:39 [info] [tray] enabled=true
22:44:39 [info] [updater] setup begin
22:44:39 [info] [updater] setup platform=win32 packaged=true version=26.923.232338 e2e=false
22:44:39 [info] [updater/win] transaction reconcile kind=none
22:44:39 [info] [updater/win] auto-updater path feed=https://mimocode-cdn.xiaomimimo.com/mimocode/mimodesktop/manifest.json
22:44:39 [info] [engine] prewarm startEngine
22:44:39 [info] [plugins] automation background startup settled {"elapsedMs":1600}
22:44:43 [info] [db] prewarm ok in 4839ms
22:44:43 [info] [artifacts] reconciliation starting
22:44:44 [log] [xiaomi-auth] probeStatus start (hidden-window path)
22:44:45 [info] [engine] HostMcp runtime available=true
22:44:45 [info] [engine] reloadConfigOnNextSession (plugin change)
22:44:53 [info] [boot] MiMo Desktop version=26.923.232338 platform=win32 arch=x64 os=Windows_NT/10.0.26200 sysver=10.0.26200 mem=7.7GB(free 2.0GB) edition=domestic packaged=true theme=system e2e=false authBypass=false logs=C:\Users\xiaomi\AppData\Roaming\Xiaomi MiMo\logs
22:44:53 [info] [terminal-env] snapshot source: win-registry
22:44:53 [info] [runtimes] injected env: MIMO_NODE,MIMO_NPM,MIMO_PYTHON,MIMO_QPDF,MIMO_GITHUB_MCP_SERVER,MIMO_NODE_MODULES,MIMO_RIPGREP_PATH,MIMO_ELECTRON_NODE_HOST,PYTHONDONTWRITEBYTECODE
22:44:53 [log] [api-base] cached-region reader injected after settle -> ignored
22:44:53 [log] [api-base] system-country reader injected after settle -> ignored
22:44:53 [info] [user-auth] init ok requiresCnAccount=true cachedRegion=CN localeCountry=CN
22:44:53 [info] [libreoffice-runtime] setup ready key=win32-x64 version=25.8.7 archive=160665171 bytes
22:44:53 [info] [on-demand-assets] setup ready descriptors=soundfont(1f),query-classifier(4f) not-configured=none
22:44:53 [info] [engine] reloadConfigOnNextSession (plugin change)
22:44:53 [error] [plugins] registry corrupt/unreadable at startup seed; closing automation HostMcp gate
22:44:53 [info] [engine] reloadConfigOnNextSession (plugin change)
22:44:53 [info] [plugins] setup ok count=0
22:44:53 [info] [apm] region=CN source=cache
22:44:54 [log] [evolve-observatory] evolve observatory server listening on 127.0.0.1:62629
22:44:54 [log] [mimo][api] listening on 127.0.0.1:62630
22:44:54 [info] [boot] app ready in 2276.945068359375ms
22:44:54 [error] [plugins] registry corrupt/unreadable at readiness settle; keeping automation HostMcp gate closed
22:44:54 [info] [engine] reloadConfigOnNextSession (plugin change)
22:44:54 [info] [presentation-host] started socket=C:\Users\xiaomi\AppData\Roaming\Xiaomi MiMo\presentation-host\07b0b38c0f1c.sock
22:44:54 [info] [application] activated (main window created)
22:44:54 [info] [tray] enabled=true
22:44:54 [info] [updater] setup begin
22:44:54 [info] [updater] setup platform=win32 packaged=true version=26.923.232338 e2e=false
22:44:54 [info] [updater/win] transaction reconcile kind=none
22:44:54 [info] [updater/win] auto-updater path feed=https://mimocode-cdn.xiaomimimo.com/mimocode/mimodesktop/manifest.json
22:44:54 [info] [engine] prewarm startEngine
22:44:55 [info] [plugins] automation background startup settled {"elapsedMs":1286}
22:44:58 [info] [db] prewarm ok in 4341ms
22:44:58 [info] [artifacts] reconciliation starting
22:44:58 [log] [xiaomi-auth] probeStatus start (hidden-window path)
22:45:03 [log] [DeviceId] generated:
22:45:04 [info] [engine] HostMcp runtime available=true
22:45:04 [info] [engine] reloadConfigOnNextSession (plugin change)
22:45:05 [warn] [query-classification] warmup-unavailable {"code":"worker-timeout"}
22:45:07 [info] [boot] MiMo Desktop version=26.923.232338 platform=win32 arch=arm64 os=Windows_NT/10.0.26200 sysver=10.0.26200 mem=7.7GB(free 2.2GB) edition=domestic packaged=true theme=system e2e=false authBypass=false logs=C:\Users\xiaomi\AppData\Roaming\Xiaomi MiMo\logs
22:45:07 [info] [terminal-env] snapshot source: win-registry
22:45:07 [info] [runtimes] injected env: MIMO_NODE,MIMO_PYTHON,MIMO_QPDF,MIMO_GITHUB_MCP_SERVER,MIMO_NODE_MODULES,MIMO_RIPGREP_PATH,MIMO_ELECTRON_NODE_HOST,PYTHONDONTWRITEBYTECODE
22:45:07 [log] [api-base] cached-region reader injected after settle -> ignored
22:45:07 [log] [api-base] system-country reader injected after settle -> ignored
22:45:07 [info] [user-auth] init ok requiresCnAccount=true cachedRegion=CN localeCountry=CN
22:45:07 [warn] [libreoffice-runtime] setup not-configured key=win32-arm64 (manifest 缺项或未发布;静默降级)
22:45:07 [info] [on-demand-assets] setup ready descriptors=soundfont(1f),query-classifier(4f) not-configured=none
22:45:07 [info] [engine] reloadConfigOnNextSession (plugin change)
22:45:07 [error] [plugins] registry corrupt/unreadable at startup seed; closing automation HostMcp gate
22:45:07 [info] [engine] reloadConfigOnNextSession (plugin change)
22:45:07 [info] [plugins] setup ok count=0
22:45:07 [info] [apm] region=CN source=cache
22:45:07 [log] [evolve-observatory] evolve observatory server listening on 127.0.0.1:62632
22:45:07 [log] [mimo][api] listening on 127.0.0.1:62633
22:45:07 [info] [boot] app ready in 920.39404296875ms
22:45:07 [error] [plugins] registry corrupt/unreadable at readiness settle; keeping automation HostMcp gate closed
22:45:07 [info] [engine] reloadConfigOnNextSession (plugin change)
22:45:07 [info] [presentation-host] started socket=C:\Users\xiaomi\AppData\Roaming\Xiaomi MiMo\presentation-host\2246330026b2.sock
22:45:07 [info] [application] activated (main window created)
22:45:07 [info] [tray] enabled=true
22:45:07 [info] [updater] setup begin
22:45:07 [info] [updater] setup platform=win32 packaged=true version=26.923.232338 e2e=false
22:45:07 [info] [updater/win] transaction reconcile kind=none
22:45:07 [info] [updater/win] auto-updater path feed=https://mimocode-cdn.xiaomimimo.com/mimocode/mimodesktop/manifest.json
22:45:07 [info] [engine] prewarm startEngine
22:45:08 [info] [plugins] automation background startup settled {"elapsedMs":656}
22:45:09 [info] [db] prewarm ok in 1945ms
22:45:09 [info] [artifacts] reconciliation starting
22:45:09 [log] [xiaomi-auth] probeStatus start (hidden-window path)
22:45:12 [log] [DeviceId] generated:
22:45:12 [warn] [query-classification] warmup-unavailable {"code":"inference-failed"}
22:45:12 [info] [engine] HostMcp runtime available=true
22:45:12 [info] [engine] reloadConfigOnNextSession (plugin change)
22:45:15 [info] [libreoffice-runtime] prefetch skipped (not-configured)
22:45:15 [info] [on-demand-assets] prefetch start queue=[soundfont,query-classifier]
22:45:15 [info] [on-demand-assets] soundfont cache-hit (1 files);skip download
22:45:15 [info] [on-demand-assets] query-classifier cache-hit (4 files);skip download
22:45:15 [log] [mimo] engine in-process server ready http://127.0.0.1:50913
22:45:15 [info] [engine] prewarm ok
22:45:15 [info] [mimo] loop_streak_recovery=on · experimental crop enabled for next requests
22:45:15 [log] [model-catalog] xiaomi login not confirmed -> skip fetch, keep cache
22:45:15 [info] Checking for update
22:45:15 [log] [xiaomi-auth] probeStatus done kind=authenticated userId=602054437
22:45:16 [info] [experiment] initializing app=mimoDesktop(新加坡) env=ksmoscloudsrv service=<sdk-default>
22:45:16 [info] [config] loading from: https://cdn-exp-sg-recommend.pt.xiaomi.com/service/getClientBitMapExpConf/mimoDesktop(%E6%96%B0%E5%8A%A0%E5%9D%A1)
22:45:16 [info] [user-auth] initialize done xiaomi-logged-in=true
22:45:17 [info] [config] loaded tree for mimoDesktop(新加坡): children=2, upRuleIds=0
22:45:17 [info] [config] remote config loaded: 1 apps
22:45:17 [info] [config] loaded successfully: 1 apps
22:45:17 [info] [experiment] key=feature_gates id=101197 type=string value={\n    "domestic": { "show_mcp_entry": false, "show_custom_model_button": true, "loop_streak_recovery": true, "show_evolve_entry": true,"show_computeruse": false, "show_browseruse": false, "show_pay": … elapsed=909ms
22:45:17 [info] [feature-gates] refresh: ok (elapsed=918ms)
22:45:17 [info] Update for version 26.923.232338 is not available (latest version: 26.923.232338, downgrade is disallowed).
22:45:17 [error] (node:18808) [DEP0180] DeprecationWarning: fs.Stats constructor is deprecated.\n(Use `Xiaomi MiMo --trace-deprecation ...` to show where the warning was created)
22:45:17 [log] [sess-diag] engineFetch GET /experimental/session?roots=true&limit=2000 -> HTTP 200 elapsed=2805ms responseBytes=38752 engineUrl= http://127.0.0.1:50913 engineId= (default)
22:45:17 [log] [sess-diag] loadEngineSessions: 原始条数 = 18
22:45:18 [log] [sess-diag] loadEngineSessions: reconcile 后 convos = 18 order = 18
22:45:18 [log] [sess-diag] loadEngineSessions: 耗时(ms) fetch = 2850 repoRoots = 54 build+reconcile = 667 set = 7 total = 3578
22:45:18 [info] [artifacts] reconciliation started
22:45:21 [info] [boot] MiMo Desktop version=26.923.232338 platform=win32 arch=arm64 os=Windows_NT/10.0.26200 sysver=10.0.26200 mem=7.7GB(free 2.2GB) edition=domestic packaged=true theme=system e2e=false authBypass=false logs=C:\Users\xiaomi\AppData\Roaming\Xiaomi MiMo\logs
22:45:21 [info] [terminal-env] snapshot source: win-registry
22:45:21 [info] [runtimes] injected env: MIMO_NODE,MIMO_PYTHON,MIMO_QPDF,MIMO_GITHUB_MCP_SERVER,MIMO_NODE_MODULES,MIMO_RIPGREP_PATH,MIMO_ELECTRON_NODE_HOST,PYTHONDONTWRITEBYTECODE
22:45:21 [log] [api-base] cached-region reader injected after settle -> ignored
22:45:21 [log] [api-base] system-country reader injected after settle -> ignored
22:45:21 [info] [user-auth] init ok requiresCnAccount=true cachedRegion=CN localeCountry=CN
22:45:21 [warn] [libreoffice-runtime] setup not-configured key=win32-arm64 (manifest 缺项或未发布;静默降级)
22:45:21 [info] [on-demand-assets] setup ready descriptors=soundfont(1f),query-classifier(4f) not-configured=none
22:45:21 [info] [engine] reloadConfigOnNextSession (plugin change)
22:45:21 [error] [plugins] registry corrupt/unreadable at startup seed; closing automation HostMcp gate
22:45:21 [info] [engine] reloadConfigOnNextSession (plugin change)
22:45:21 [info] [plugins] setup ok count=0
22:45:21 [info] [apm] region=CN source=cache
22:45:21 [log] [evolve-observatory] evolve observatory server listening on 127.0.0.1:51457
22:45:21 [log] [mimo][api] listening on 127.0.0.1:51458
22:45:21 [info] [boot] app ready in 1001.673095703125ms
22:45:21 [error] [plugins] registry corrupt/unreadable at readiness settle; keeping automation HostMcp gate closed
22:45:21 [info] [engine] reloadConfigOnNextSession (plugin change)
22:45:21 [info] [presentation-host] started socket=C:\Users\xiaomi\AppData\Roaming\Xiaomi MiMo\presentation-host\11f7f0045911.sock
22:45:21 [info] [application] activated (main window created)
22:45:21 [info] [tray] enabled=true
22:45:21 [info] [updater] setup begin
22:45:21 [info] [updater] setup platform=win32 packaged=true version=26.923.232338 e2e=false
22:45:21 [info] [updater/win] transaction reconcile kind=none
22:45:21 [info] [updater/win] auto-updater path feed=https://mimocode-cdn.xiaomimimo.com/mimocode/mimodesktop/manifest.json
22:45:21 [info] [engine] prewarm startEngine
22:45:22 [info] [plugins] automation background startup settled {"elapsedMs":745}
22:45:23 [info] [db] prewarm ok in 1924ms
22:45:23 [info] [artifacts] reconciliation starting
22:45:23 [log] [xiaomi-auth] probeStatus start (hidden-window path)
22:45:25 [log] [DeviceId] generated:
22:45:25 [info] [engine] HostMcp runtime available=true
22:45:25 [info] [engine] reloadConfigOnNextSession (plugin change)
22:45:25 [warn] [query-classification] warmup-unavailable {"code":"inference-failed"}
22:45:27 [info] [libreoffice-runtime] prefetch skipped (not-configured)
22:45:27 [info] [on-demand-assets] prefetch start queue=[soundfont,query-classifier]
22:45:27 [info] [on-demand-assets] soundfont cache-hit (1 files);skip download
22:45:27 [info] [on-demand-assets] query-classifier cache-hit (4 files);skip download
22:45:27 [log] [mimo] engine in-process server ready http://127.0.0.1:60971
22:45:27 [info] [engine] prewarm ok
22:45:28 [info] [mimo] loop_streak_recovery=on · experimental crop enabled for next requests
22:45:28 [log] [model-catalog] xiaomi login not confirmed -> skip fetch, keep cache
22:45:28 [info] [artifacts] reconciliation started
22:45:28 [info] Checking for update
22:45:28 [log] [xiaomi-auth] probeStatus done kind=authenticated userId=602054437
22:45:29 [info] [experiment] initializing app=mimoDesktop(新加坡) env=ksmoscloudsrv service=<sdk-default>
22:45:29 [info] [config] loading from: https://cdn-exp-sg-recommend.pt.xiaomi.com/service/getClientBitMapExpConf/mimoDesktop(%E6%96%B0%E5%8A%A0%E5%9D%A1)
22:45:29 [info] [user-auth] initialize done xiaomi-logged-in=true
22:45:30 [info] [config] loaded tree for mimoDesktop(新加坡): children=2, upRuleIds=0
22:45:30 [info] [config] remote config loaded: 1 apps
22:45:30 [info] [config] loaded successfully: 1 apps
22:45:30 [info] [experiment] key=feature_gates id=101197 type=string value={\n    "domestic": { "show_mcp_entry": false, "show_custom_model_button": true, "loop_streak_recovery": true, "show_evolve_entry": true,"show_computeruse": false, "show_browseruse": false, "show_pay": … elapsed=871ms
22:45:30 [info] [feature-gates] refresh: ok (elapsed=894ms)
22:45:30 [info] Update for version 26.923.232338 is not available (latest version: 26.923.232338, downgrade is disallowed).
22:45:30 [error] (node:16988) [DEP0180] DeprecationWarning: fs.Stats constructor is deprecated.\n(Use `Xiaomi MiMo --trace-deprecation ...` to show where the warning was created)
22:45:30 [log] [sess-diag] engineFetch GET /experimental/session?roots=true&limit=2000 -> HTTP 200 elapsed=2973ms responseBytes=38752 engineUrl= http://127.0.0.1:60971 engineId= (default)
22:45:30 [log] [sess-diag] loadEngineSessions: 原始条数 = 18
22:45:30 [log] [sess-diag] loadEngineSessions: reconcile 后 convos = 18 order = 18
22:45:30 [log] [sess-diag] loadEngineSessions: 耗时(ms) fetch = 2998 repoRoots = 16 build+reconcile = 6 set = 1 total = 3022
22:45:35 [info] [boot] MiMo Desktop version=26.923.232338 platform=win32 arch=x64 os=Windows_NT/10.0.26200 sysver=10.0.26200 mem=7.7GB(free 2.1GB) edition=domestic packaged=true theme=system e2e=false authBypass=false logs=C:\Users\xiaomi\AppData\Roaming\Xiaomi MiMo\logs
22:45:35 [info] [terminal-env] snapshot source: win-registry
22:45:35 [info] [runtimes] injected env: MIMO_NODE,MIMO_NPM,MIMO_PYTHON,MIMO_QPDF,MIMO_GITHUB_MCP_SERVER,MIMO_NODE_MODULES,MIMO_RIPGREP_PATH,MIMO_ELECTRON_NODE_HOST,PYTHONDONTWRITEBYTECODE
22:45:35 [log] [api-base] cached-region reader injected after settle -> ignored
22:45:35 [log] [api-base] system-country reader injected after settle -> ignored
22:45:35 [info] [user-auth] init ok requiresCnAccount=true cachedRegion=CN localeCountry=CN
22:45:35 [info] [libreoffice-runtime] setup ready key=win32-x64 version=25.8.7 archive=160665171 bytes
22:45:35 [info] [on-demand-assets] setup ready descriptors=soundfont(1f),query-classifier(4f) not-configured=none
22:45:35 [info] [engine] reloadConfigOnNextSession (plugin change)
22:45:35 [error] [plugins] registry corrupt/unreadable at startup seed; closing automation HostMcp gate
22:45:35 [info] [engine] reloadConfigOnNextSession (plugin change)
22:45:35 [info] [plugins] setup ok count=0
22:45:35 [info] [apm] region=CN source=cache
22:45:36 [log] [evolve-observatory] evolve observatory server listening on 127.0.0.1:51432
22:45:36 [log] [mimo][api] listening on 127.0.0.1:51433
22:45:36 [info] [boot] app ready in 2121.91796875ms
22:45:36 [error] [plugins] registry corrupt/unreadable at readiness settle; keeping automation HostMcp gate closed
22:45:36 [info] [engine] reloadConfigOnNextSession (plugin change)
22:45:36 [info] [presentation-host] started socket=C:\Users\xiaomi\AppData\Roaming\Xiaomi MiMo\presentation-host\1156d442c71a.sock
22:45:36 [info] [application] activated (main window created)
22:45:36 [info] [tray] enabled=true
22:45:36 [info] [updater] setup begin
22:45:36 [info] [updater] setup platform=win32 packaged=true version=26.923.232338 e2e=false
22:45:36 [info] [updater/win] transaction reconcile kind=none
22:45:36 [info] [updater/win] auto-updater path feed=https://mimocode-cdn.xiaomimimo.com/mimocode/mimodesktop/manifest.json
22:45:36 [info] [engine] prewarm startEngine
22:45:37 [info] [plugins] automation background startup settled {"elapsedMs":1256}
22:45:40 [info] [db] prewarm ok in 4246ms
22:45:40 [info] [artifacts] reconciliation starting
22:45:40 [log] [xiaomi-auth] probeStatus start (hidden-window path)
22:45:41 [info] [engine] HostMcp runtime available=true
22:45:41 [info] [engine] reloadConfigOnNextSession (plugin change)
22:46:03 [info] [boot] MiMo Desktop version=26.923.232338 platform=win32 arch=x64 os=Windows_NT/10.0.26200 sysver=10.0.26200 mem=7.7GB(free 2.2GB) edition=domestic packaged=true theme=system e2e=false authBypass=false logs=C:\Users\xiaomi\AppData\Roaming\Xiaomi MiMo\logs
22:46:03 [info] [terminal-env] snapshot source: win-registry
22:46:03 [info] [runtimes] injected env: MIMO_NODE,MIMO_NPM,MIMO_PYTHON,MIMO_QPDF,MIMO_GITHUB_MCP_SERVER,MIMO_NODE_MODULES,MIMO_RIPGREP_PATH,MIMO_ELECTRON_NODE_HOST,PYTHONDONTWRITEBYTECODE
22:46:03 [log] [api-base] cached-region reader injected after settle -> ignored
22:46:03 [log] [api-base] system-country reader injected after settle -> ignored
22:46:03 [info] [user-auth] init ok requiresCnAccount=true cachedRegion=CN localeCountry=CN
22:46:03 [info] [libreoffice-runtime] setup ready key=win32-x64 version=25.8.7 archive=160665171 bytes
22:46:03 [info] [on-demand-assets] setup ready descriptors=soundfont(1f),query-classifier(4f) not-configured=none
22:46:04 [info] [engine] reloadConfigOnNextSession (plugin change)
22:46:04 [error] [plugins] registry corrupt/unreadable at startup seed; closing automation HostMcp gate
22:46:04 [info] [engine] reloadConfigOnNextSession (plugin change)
22:46:04 [info] [plugins] setup ok count=0
22:46:04 [info] [apm] region=CN source=cache
22:46:04 [log] [evolve-observatory] evolve observatory server listening on 127.0.0.1:52476
22:46:04 [log] [mimo][api] listening on 127.0.0.1:52477
22:46:04 [info] [boot] app ready in 2156.8359375ms
22:46:04 [error] [plugins] registry corrupt/unreadable at readiness settle; keeping automation HostMcp gate closed
22:46:04 [info] [engine] reloadConfigOnNextSession (plugin change)
22:46:04 [info] [presentation-host] started socket=C:\Users\xiaomi\AppData\Roaming\Xiaomi MiMo\presentation-host\7be0b018a7a1.sock
22:46:04 [info] [application] activated (main window created)
22:46:04 [info] [tray] enabled=true
22:46:04 [info] [updater] setup begin
22:46:04 [info] [updater] setup platform=win32 packaged=true version=26.923.232338 e2e=false
22:46:04 [info] [updater/win] transaction reconcile kind=none
22:46:04 [info] [updater/win] auto-updater path feed=https://mimocode-cdn.xiaomimimo.com/mimocode/mimodesktop/manifest.json
22:46:04 [info] [engine] prewarm startEngine
22:46:05 [info] [plugins] automation background startup settled {"elapsedMs":1145}
22:46:08 [info] [db] prewarm ok in 4052ms
22:46:08 [info] [artifacts] reconciliation starting
22:46:08 [log] [xiaomi-auth] probeStatus start (hidden-window path)
22:46:09 [info] [engine] HostMcp runtime available=true
22:46:09 [info] [engine] reloadConfigOnNextSession (plugin change)
22:46:15 [log] [DeviceId] generated:
22:46:15 [info] [query-classification] ready
22:46:21 [log] [xiaomi-auth] probeStatus done kind=indeterminate
22:46:21 [info] [user-auth] initialize done xiaomi-logged-in=false
22:46:21 [error] [xiaomi-auth] hidden session preparation failed Error: ERR_FAILED (-2) loading 'https://mimo-server-cn.xiaomimimo.com/api/user/xiaomi/me'\n    at rejectAndCleanup (node:electron/js2c/browser_init:2:89772)\n    at finishListener (node:electron/js2c/browser_init:2:89934)\n    at WebContents.stopLoadingListener (node:electron/js2c/browser_init:2:90321)\n    at WebContents.emit (node:events:521:24)
22:46:21 [info] Checking for update
22:46:21 [log] [mimo] engine in-process server ready http://127.0.0.1:60452
22:46:21 [info] [engine] prewarm ok
22:46:21 [info] [mimo] loop_streak_recovery=on · experimental crop enabled for next requests
22:46:21 [info] Update for version 26.923.232338 is not available (latest version: 26.923.232338, downgrade is disallowed).
22:46:21 [info] [libreoffice-runtime] prefetch start key=win32-x64 version=25.8.7
22:46:22 [info] [on-demand-assets] prefetch start queue=[soundfont,query-classifier]
22:46:22 [info] [on-demand-assets] soundfont cache-hit (1 files);skip download
22:46:22 [info] [on-demand-assets] query-classifier cache-hit (4 files);skip download
22:46:22 [info] [libreoffice-runtime] cache-hit exact (version=25.8.7);skip download
22:46:22 [info] [artifacts] reconciliation started
22:46:22 [log] [xiaomi-auth] probeStatus start (hidden-window path)
22:46:22 [log] [model-catalog] xiaomi login not confirmed -> skip fetch, keep cache
22:46:25 [error] (node:12024) [DEP0180] DeprecationWarning: fs.Stats constructor is deprecated.\n(Use `Xiaomi MiMo --trace-deprecation ...` to show where the warning was created)
22:46:25 [log] [xiaomi-auth] probeStatus done kind=authenticated userId=602054437
22:46:28 [info] [experiment] initializing app=mimoDesktop(新加坡) env=ksmoscloudsrv service=<sdk-default>
22:46:28 [info] [config] loading from: https://cdn-exp-sg-recommend.pt.xiaomi.com/service/getClientBitMapExpConf/mimoDesktop(%E6%96%B0%E5%8A%A0%E5%9D%A1)
22:46:31 [log] [sess-diag] engineFetch GET /experimental/session?roots=true&limit=2000 -> HTTP 200 elapsed=3799ms responseBytes=38752 engineUrl= http://127.0.0.1:60452 engineId= (default)
22:46:31 [log] [sess-diag] loadEngineSessions: 原始条数 = 18
22:46:31 [info] [config] loaded tree for mimoDesktop(新加坡): children=2, upRuleIds=0
22:46:31 [info] [config] remote config loaded: 1 apps
22:46:31 [info] [config] loaded successfully: 1 apps
22:46:31 [info] [experiment] key=feature_gates id=101197 type=string value={\n    "domestic": { "show_mcp_entry": false, "show_custom_model_button": true, "loop_streak_recovery": true, "show_evolve_entry": true,"show_computeruse": false, "show_browseruse": false, "show_pay": … elapsed=2955ms
22:46:31 [info] [feature-gates] refresh: ok (elapsed=2969ms)
22:46:31 [log] [sess-diag] loadEngineSessions: reconcile 后 convos = 18 order = 18
22:46:31 [log] [sess-diag] loadEngineSessions: 耗时(ms) fetch = 6586 repoRoots = 2716 build+reconcile = 38 set = 6 total = 9346
22:46:52 [log] [sess-diag] engineFetch GET /experimental/session?roots=true&limit=2000 -> HTTP 200 elapsed=109ms responseBytes=38752 engineUrl= http://127.0.0.1:60452 engineId= (default)
22:46:52 [log] [sess-diag] loadEngineSessions: 原始条数 = 18
22:46:52 [log] [sess-diag] loadEngineSessions: reconcile 后 convos = 18 order = 18
22:46:52 [log] [sess-diag] loadEngineSessions: 耗时(ms) fetch = 119 repoRoots = 3 build+reconcile = 25 set = 6 total = 153
22:47:22 [log] [sess-diag] engineFetch GET /experimental/session?roots=true&limit=2000 -> HTTP 200 elapsed=107ms responseBytes=38752 engineUrl= http://127.0.0.1:60452 engineId= (default)
22:47:22 [log] [sess-diag] loadEngineSessions: 原始条数 = 18
22:47:22 [log] [sess-diag] loadEngineSessions: reconcile 后 convos = 18 order = 18
22:47:22 [log] [sess-diag] loadEngineSessions: 耗时(ms) fetch = 118 repoRoots = 3 build+reconcile = 15 set = 3 total = 140
22:47:52 [log] [sess-diag] engineFetch GET /experimental/session?roots=true&limit=2000 -> HTTP 200 elapsed=71ms responseBytes=38752 engineUrl= http://127.0.0.1:60452 engineId= (default)
22:47:52 [log] [sess-diag] loadEngineSessions: 原始条数 = 18
22:47:52 [log] [sess-diag] loadEngineSessions: reconcile 后 convos = 18 order = 18
22:47:52 [log] [sess-diag] loadEngineSessions: 耗时(ms) fetch = 85 repoRoots = 164 build+reconcile = 21 set = 3 total = 273
22:47:52 [log] [sess-diag] engineFetch GET /session/ses_ffe5f298357dfffeN82Wln2VmT/recovery -> HTTP 200 elapsed=293ms responseBytes=2 engineUrl= http://127.0.0.1:60452 engineId= (default)
22:47:52 [log] [sess-diag] engineFetch GET /session/ses_ffe5f298357dfffeN82Wln2VmT/message -> HTTP 200 elapsed=206ms responseBytes=2060390 engineUrl= http://127.0.0.1:60452 engineId= (default)
22:47:55 [log] [sess-diag] engineFetch GET /session/ses_ffe5f298357dfffeN82Wln2VmT/actors -> HTTP 200 elapsed=690ms responseBytes=579 engineUrl= http://127.0.0.1:60452 engineId= (default)
22:48:20 [log] [sess-diag] engineFetch GET /experimental/session?roots=true&limit=2000 -> HTTP 200 elapsed=105ms responseBytes=38752 engineUrl= http://127.0.0.1:60452 engineId= (default)
22:48:20 [log] [sess-diag] loadEngineSessions: 原始条数 = 18
22:48:20 [log] [sess-diag] loadEngineSessions: reconcile 后 convos = 18 order = 18
22:48:20 [log] [sess-diag] loadEngineSessions: 耗时(ms) fetch = 130 repoRoots = 5 build+reconcile = 46 set = 4 total = 184
22:48:22 [log] [sess-diag] engineFetch GET /experimental/session?roots=true&limit=2000 -> HTTP 200 elapsed=27ms responseBytes=38752 engineUrl= http://127.0.0.1:60452 engineId= (default)
22:48:22 [log] [sess-diag] loadEngineSessions: 原始条数 = 18
22:48:22 [log] [sess-diag] loadEngineSessions: reconcile 后 convos = 18 order = 18
22:48:22 [log] [sess-diag] loadEngineSessions: 耗时(ms) fetch = 33 repoRoots = 4 build+reconcile = 8 set = 2 total = 46
22:48:52 [log] [sess-diag] engineFetch GET /experimental/session?roots=true&limit=2000 -> HTTP 200 elapsed=64ms responseBytes=38752 engineUrl= http://127.0.0.1:60452 engineId= (default)
22:48:52 [log] [sess-diag] loadEngineSessions: 原始条数 = 18
22:48:52 [log] [sess-diag] loadEngineSessions: reconcile 后 convos = 18 order = 18
22:48:52 [log] [sess-diag] loadEngineSessions: 耗时(ms) fetch = 71 repoRoots = 3 build+reconcile = 10 set = 3 total = 87
22:49:22 [log] [sess-diag] engineFetch GET /experimental/session?roots=true&limit=2000 -> HTTP 200 elapsed=38ms responseBytes=38752 engineUrl= http://127.0.0.1:60452 engineId= (default)
22:49:22 [log] [sess-diag] loadEngineSessions: 原始条数 = 18
22:49:22 [log] [sess-diag] loadEngineSessions: reconcile 后 convos = 18 order = 18
22:49:22 [log] [sess-diag] loadEngineSessions: 耗时(ms) fetch = 44 repoRoots = 10 build+reconcile = 12 set = 2 total = 67
22:49:52 [log] [sess-diag] engineFetch GET /experimental/session?roots=true&limit=2000 -> HTTP 200 elapsed=59ms responseBytes=38752 engineUrl= http://127.0.0.1:60452 engineId= (default)
22:49:52 [log] [sess-diag] loadEngineSessions: 原始条数 = 18
22:49:52 [log] [sess-diag] loadEngineSessions: reconcile 后 convos = 18 order = 18
22:49:52 [log] [sess-diag] loadEngineSessions: 耗时(ms) fetch = 68 repoRoots = 4 build+reconcile = 15 set = 4 total = 90
22:50:22 [log] [sess-diag] engineFetch GET /experimental/session?roots=true&limit=2000 -> HTTP 200 elapsed=51ms responseBytes=38752 engineUrl= http://127.0.0.1:60452 engineId= (default)
22:50:22 [log] [sess-diag] loadEngineSessions: 原始条数 = 18
22:50:22 [log] [sess-diag] loadEngineSessions: reconcile 后 convos = 18 order = 18
22:50:22 [log] [sess-diag] loadEngineSessions: 耗时(ms) fetch = 57 repoRoots = 65 build+reconcile = 10 set = 2 total = 135
22:50:27 [log] [sess-diag] engineFetch GET /experimental/session?roots=true&limit=2000 -> HTTP 200 elapsed=96ms responseBytes=38752 engineUrl= http://127.0.0.1:60452 engineId= (default)
22:50:27 [log] [sess-diag] loadEngineSessions: 原始条数 = 18
22:50:27 [log] [sess-diag] loadEngineSessions: reconcile 后 convos = 18 order = 18
22:50:27 [log] [sess-diag] loadEngineSessions: 耗时(ms) fetch = 101 repoRoots = 5 build+reconcile = 10 set = 2 total = 118
22:50:55 [log] [sess-diag] engineFetch GET /experimental/session?roots=true&limit=2000 -> HTTP 200 elapsed=70ms responseBytes=38752 engineUrl= http://127.0.0.1:60452 engineId= (default)
22:50:55 [log] [sess-diag] loadEngineSessions: 原始条数 = 18
22:50:55 [log] [sess-diag] loadEngineSessions: reconcile 后 convos = 18 order = 18
22:50:55 [log] [sess-diag] loadEngineSessions: 耗时(ms) fetch = 85 repoRoots = 3 build+reconcile = 16 set = 2 total = 106
22:50:59 [log] [sess-diag] engineFetch GET /experimental/session?roots=true&limit=2000 -> HTTP 200 elapsed=79ms responseBytes=38752 engineUrl= http://127.0.0.1:60452 engineId= (default)
22:50:59 [log] [sess-diag] loadEngineSessions: 原始条数 = 18
22:50:59 [log] [sess-diag] loadEngineSessions: reconcile 后 convos = 18 order = 18
22:50:59 [log] [sess-diag] loadEngineSessions: 耗时(ms) fetch = 83 repoRoots = 5 build+reconcile = 10 set = 1 total = 100
22:51:42 [log] [sess-diag] engineFetch GET /experimental/session?roots=true&limit=2000 -> HTTP 200 elapsed=102ms responseBytes=38752 engineUrl= http://127.0.0.1:60452 engineId= (default)
22:51:42 [log] [sess-diag] loadEngineSessions: 原始条数 = 18
22:51:42 [log] [sess-diag] loadEngineSessions: reconcile 后 convos = 18 order = 18
22:51:42 [log] [sess-diag] loadEngineSessions: 耗时(ms) fetch = 286 repoRoots = 12 build+reconcile = 10 set = 3 total = 312
22:51:52 [log] [sess-diag] engineFetch GET /experimental/session?roots=true&limit=2000 -> HTTP 200 elapsed=42ms responseBytes=38752 engineUrl= http://127.0.0.1:60452 engineId= (default)
22:51:52 [log] [sess-diag] loadEngineSessions: 原始条数 = 18
22:51:52 [log] [sess-diag] loadEngineSessions: reconcile 后 convos = 18 order = 18
22:51:52 [log] [sess-diag] loadEngineSessions: 耗时(ms) fetch = 51 repoRoots = 3 build+reconcile = 9 set = 2 total = 66
22:52:19 [log] [sess-diag] engineFetch GET /experimental/session?roots=true&limit=2000 -> HTTP 200 elapsed=64ms responseBytes=38752 engineUrl= http://127.0.0.1:60452 engineId= (default)
22:52:19 [log] [sess-diag] loadEngineSessions: 原始条数 = 18
22:52:19 [log] [sess-diag] loadEngineSessions: reconcile 后 convos = 18 order = 18
22:52:19 [log] [sess-diag] loadEngineSessions: 耗时(ms) fetch = 69 repoRoots = 3 build+reconcile = 10 set = 3 total = 84
22:52:45 [log] [sess-diag] engineFetch GET /experimental/session?roots=true&limit=2000 -> HTTP 200 elapsed=88ms responseBytes=38752 engineUrl= http://127.0.0.1:60452 engineId= (default)
22:52:45 [log] [sess-diag] loadEngineSessions: 原始条数 = 18
22:52:45 [log] [sess-diag] loadEngineSessions: reconcile 后 convos = 18 order = 18
22:52:45 [log] [sess-diag] loadEngineSessions: 耗时(ms) fetch = 95 repoRoots = 3 build+reconcile = 13 set = 8 total = 118
22:52:52 [log] [sess-diag] engineFetch GET /experimental/session?roots=true&limit=2000 -> HTTP 200 elapsed=43ms responseBytes=38752 engineUrl= http://127.0.0.1:60452 engineId= (default)
22:52:52 [log] [sess-diag] loadEngineSessions: 原始条数 = 18
22:52:52 [log] [sess-diag] loadEngineSessions: reconcile 后 convos = 18 order = 18
22:52:52 [log] [sess-diag] loadEngineSessions: 耗时(ms) fetch = 49 repoRoots = 7 build+reconcile = 8 set = 1 total = 65
22:53:08 [log] [sess-diag] engineFetch GET /experimental/session?roots=true&limit=2000 -> HTTP 200 elapsed=81ms responseBytes=38752 engineUrl= http://127.0.0.1:60452 engineId= (default)
22:53:08 [log] [sess-diag] loadEngineSessions: 原始条数 = 18
22:53:08 [log] [sess-diag] loadEngineSessions: reconcile 后 convos = 18 order = 18
22:53:08 [log] [sess-diag] loadEngineSessions: 耗时(ms) fetch = 86 repoRoots = 4 build+reconcile = 10 set = 2 total = 102
22:53:11 [info] [intervention] {"stage":"query","at":1790347991654,"requestId":"b2b226056388f6ed","origin":"b5094fe8d78e452f","elapsedMs":154,"textChars":61,"queryChars":61,"truncated":false,"result":"miss","reviewId":"mimo-intv-mimo_pc_input_text-634fd9920d5140d291d23bd1bbbe0d71"}
22:53:11 [info] [content-review] app=mimo_pc_input_text source=input why=oneshot batch=6c2494a5ce29ad40 api=/api/audit/check len=61 images=0 sha=cf45c1b2a693 session=ses_ffe5f298357dfffeN82Wln2VmT elapsed=191ms verdict=pass reviewId=mimo-mimo_pc_input_text-f9e3dc07c6ce4ffcada1bc4fe5bee46f detail=[serverVerdict=pass resultCode=1 subCode=9 aigc=- hints=0 detailsLen=0 resp=[passed=pass resultCode=1 reviewId=mimo-mimo_pc_input_text-f9e3dc07c6ce4ffcada1bc4fe5bee46f offlineReason= offlineDetails=[0 chars] hint=[0 items] subCode=9 aigc=null]]
22:53:12 [warn] [content-review] app=mimo_pc_input_image source=input_image why=oneshot batch=1fcc2b063b9181d6 api=/api/audit/check len=0 images=2 sha=11d738a3686a session=ses_ffe5f298357dfffeN82Wln2VmT file=[mimo-paste-1790347967432-meahol.png] media=[n=2 out=138KB tx=312ms] elapsed=1328ms verdict=unavailable reviewId=- reason=[review timeout (1000ms)]
22:53:12 [info] [intervention] {"stage":"prepared","at":1790347992997,"requestId":"b2b226056388f6ed","origin":"b5094fe8d78e452f","elapsedMs":1498,"textChars":61,"result":"ready","reviewId":"mimo-intv-mimo_pc_input_text-634fd9920d5140d291d23bd1bbbe0d71"}
22:53:13 [info] [intervention] {"stage":"claim","at":1790347993047,"requestId":"b2b226056388f6ed","origin":"b5094fe8d78e452f","sessionId":"b5094fe8d78e452f","elapsedMs":1548,"textChars":61,"reviewId":"mimo-intv-mimo_pc_input_text-634fd9920d5140d291d23bd1bbbe0d71"}
22:53:13 [info] [smart-router] {"origin":"ses_ffe5f298357dfffeN82Wln2VmT","model":"mimo-pro"}
22:53:13 [info] [harness] session origin=ses_ffe5f298357dfffeN82Wln2VmT sid=ses_ffe5f298357dfffeN82Wln2VmT source=user msgLen=61
22:53:13 [info] [turn-power-save] acquired sysId=0 mode=prevent-app-suspension first=run:ses_ffe5f298357dfffeN82Wln2VmT
22:53:14 [info] [intervention] {"stage":"dispatch","at":1790347994005,"requestId":"b2b226056388f6ed","origin":"b5094fe8d78e452f","runId":"e5433cdeb6596f6d","sessionId":"b5094fe8d78e452f","elapsedMs":2505,"textChars":61,"reviewId":"mimo-intv-mimo_pc_input_text-634fd9920d5140d291d23bd1bbbe0d71"}
22:53:14 [info] [intervention] {"stage":"user-bound","at":1790347994430,"requestId":"b2b226056388f6ed","origin":"b5094fe8d78e452f","runId":"e5433cdeb6596f6d","sessionId":"b5094fe8d78e452f","userId":"e47639c15a6220b9","elapsedMs":2931,"textChars":61,"reviewId":"mimo-intv-mimo_pc_input_text-634fd9920d5140d291d23bd1bbbe0d71"}
22:53:15 [info] [intervention] {"stage":"model.start","at":1790347995734,"requestId":"b2b226056388f6ed","origin":"b5094fe8d78e452f","runId":"e5433cdeb6596f6d","sessionId":"b5094fe8d78e452f","userId":"e47639c15a6220b9","assistantId":"68314040eddd9964","ephemeral":false,"hasScope":true,"route":"upstream"}
22:53:15 [info] [intervention] {"stage":"fetch.start","at":1790347995784,"requestId":"b2b226056388f6ed","origin":"b5094fe8d78e452f","runId":"e5433cdeb6596f6d","sessionId":"b5094fe8d78e452f","userId":"e47639c15a6220b9","assistantId":"68314040eddd9964","ephemeral":false,"hasScope":true,"protocol":"chat-completions","route":"upstream"}
22:53:22 [log] [sess-diag] engineFetch GET /experimental/session?roots=true&limit=2000 -> HTTP 200 elapsed=45ms responseBytes=38752 engineUrl= http://127.0.0.1:60452 engineId= (default)
22:53:22 [log] [sess-diag] loadEngineSessions: 原始条数 = 18
22:53:22 [log] [sess-diag] loadEngineSessions: reconcile 后 convos = 18 order = 18
22:53:22 [log] [sess-diag] loadEngineSessions: 耗时(ms) fetch = 54 repoRoots = 8 build+reconcile = 11 set = 3 total = 75
22:53:41 [info] [intervention] {"stage":"fetch.response","at":1790348021819,"requestId":"b2b226056388f6ed","origin":"b5094fe8d78e452f","runId":"e5433cdeb6596f6d","sessionId":"b5094fe8d78e452f","userId":"e47639c15a6220b9","assistantId":"68314040eddd9964","elapsedMs":26035,"status":200,"ephemeral":false,"hasScope":true,"protocol":"chat-completions","route":"upstream"}
22:53:52 [log] [sess-diag] engineFetch GET /experimental/session?roots=true&limit=2000 -> HTTP 200 elapsed=79ms responseBytes=38752 engineUrl= http://127.0.0.1:60452 engineId= (default)
22:53:52 [log] [sess-diag] loadEngineSessions: 原始条数 = 18
22:53:52 [log] [sess-diag] loadEngineSessions: reconcile 后 convos = 18 order = 18
22:53:52 [log] [sess-diag] loadEngineSessions: 耗时(ms) fetch = 86 repoRoots = 10 build+reconcile = 13 set = 3 total = 112
22:54:04 [log] [sess-diag] engineFetch GET /experimental/session?roots=true&limit=2000 -> HTTP 200 elapsed=104ms responseBytes=38752 engineUrl= http://127.0.0.1:60452 engineId= (default)
22:54:04 [log] [sess-diag] loadEngineSessions: 原始条数 = 18
22:54:04 [log] [sess-diag] loadEngineSessions: reconcile 后 convos = 18 order = 18
22:54:04 [log] [sess-diag] loadEngineSessions: 耗时(ms) fetch = 144 repoRoots = 15 build+reconcile = 26 set = 4 total = 189
22:54:22 [log] [sess-diag] engineFetch GET /experimental/session?roots=true&limit=2000 -> HTTP 200 elapsed=37ms responseBytes=38752 engineUrl= http://127.0.0.1:60452 engineId= (default)
22:54:22 [log] [sess-diag] loadEngineSessions: 原始条数 = 18
22:54:22 [log] [sess-diag] loadEngineSessions: reconcile 后 convos = 18 order = 18
22:54:22 [log] [sess-diag] loadEngineSessions: 耗时(ms) fetch = 41 repoRoots = 3 build+reconcile = 9 set = 2 total = 54
22:54:32 [log] [sess-diag] engineFetch GET /experimental/session?roots=true&limit=2000 -> HTTP 200 elapsed=177ms responseBytes=38752 engineUrl= http://127.0.0.1:60452 engineId= (default)
22:54:32 [log] [sess-diag] loadEngineSessions: 原始条数 = 18
22:54:32 [log] [sess-diag] loadEngineSessions: reconcile 后 convos = 18 order = 18
22:54:32 [log] [sess-diag] loadEngineSessions: 耗时(ms) fetch = 236 repoRoots = 24 build+reconcile = 30 set = 4 total = 294
22:54:52 [log] [sess-diag] engineFetch GET /experimental/session?roots=true&limit=2000 -> HTTP 200 elapsed=32ms responseBytes=38752 engineUrl= http://127.0.0.1:60452 engineId= (default)
22:54:52 [log] [sess-diag] loadEngineSessions: 原始条数 = 18
22:54:52 [log] [sess-diag] loadEngineSessions: reconcile 后 convos = 18 order = 18
22:54:52 [log] [sess-diag] loadEngineSessions: 耗时(ms) fetch = 47 repoRoots = 3 build+reconcile = 9 set = 2 total = 61
22:55:04 [info] [content-review/turn-binding] note-no-slot key=ses_ffe5f298357dfffeN82Wln2VmT anchor=msg:msg_g001a0d90e682a0016EmKu7Lu3
22:55:04 [info] [intervention] {"stage":"output","at":1790348104142,"runId":"e5433cdeb6596f6d","sessionId":"b5094fe8d78e452f","assistantId":"68314040eddd9964","textChars":7,"reviewSkipped":false}
22:55:14 [log] [perm-autopass] allow permission=bash
22:55:22 [log] [sess-diag] engineFetch GET /experimental/session?roots=true&limit=2000 -> HTTP 200 elapsed=75ms responseBytes=38752 engineUrl= http://127.0.0.1:60452 engineId= (default)
22:55:22 [log] [sess-diag] loadEngineSessions: 原始条数 = 18
22:55:22 [log] [sess-diag] loadEngineSessions: reconcile 后 convos = 18 order = 18
22:55:22 [log] [sess-diag] loadEngineSessions: 耗时(ms) fetch = 94 repoRoots = 10 build+reconcile = 10 set = 3 total = 116
22:55:23 [info] [intervention] {"stage":"model.start","at":1790348123035,"requestId":"b2b226056388f6ed","origin":"b5094fe8d78e452f","runId":"e5433cdeb6596f6d","sessionId":"b5094fe8d78e452f","userId":"e47639c15a6220b9","assistantId":"96905fe401daa510","ephemeral":false,"hasScope":true,"route":"upstream"}
22:55:23 [info] [intervention] {"stage":"fetch.start","at":1790348123081,"requestId":"b2b226056388f6ed","origin":"b5094fe8d78e452f","runId":"e5433cdeb6596f6d","sessionId":"b5094fe8d78e452f","userId":"e47639c15a6220b9","assistantId":"96905fe401daa510","ephemeral":false,"hasScope":true,"protocol":"chat-completions","route":"upstream"}
22:55:30 [info] [intervention] {"stage":"fetch.response","at":1790348130037,"requestId":"b2b226056388f6ed","origin":"b5094fe8d78e452f","runId":"e5433cdeb6596f6d","sessionId":"b5094fe8d78e452f","userId":"e47639c15a6220b9","assistantId":"96905fe401daa510","elapsedMs":6956,"status":200,"ephemeral":false,"hasScope":true,"protocol":"chat-completions","route":"upstream"}
22:55:52 [log] [sess-diag] engineFetch GET /experimental/session?roots=true&limit=2000 -> HTTP 200 elapsed=48ms responseBytes=38752 engineUrl= http://127.0.0.1:60452 engineId= (default)
22:55:52 [log] [sess-diag] loadEngineSessions: 原始条数 = 18
22:55:52 [log] [sess-diag] loadEngineSessions: reconcile 后 convos = 18 order = 18
22:55:52 [log] [sess-diag] loadEngineSessions: 耗时(ms) fetch = 54 repoRoots = 55 build+reconcile = 12 set = 3 total = 124
22:55:52 [info] [intervention] {"stage":"output","at":1790348152937,"runId":"e5433cdeb6596f6d","sessionId":"b5094fe8d78e452f","assistantId":"96905fe401daa510","textChars":1,"reviewSkipped":false}
22:56:00 [log] [perm-autopass] allow permission=bash
22:56:04 [info] [experiment] key=feature_gates id=101197 type=string value={\n    "domestic": { "show_mcp_entry": false, "show_custom_model_button": true, "loop_streak_recovery": true, "show_evolve_entry": true,"show_computeruse": false, "show_browseruse": false, "show_pay": … elapsed=3ms
22:56:04 [info] [feature-gates] refresh: ok (elapsed=46ms)
22:56:07 [info] [intervention] {"stage":"model.start","at":1790348167598,"requestId":"b2b226056388f6ed","origin":"b5094fe8d78e452f","runId":"e5433cdeb6596f6d","sessionId":"b5094fe8d78e452f","userId":"e47639c15a6220b9","assistantId":"6dd4694e72e9cbb4","ephemeral":false,"hasScope":true,"route":"upstream"}
22:56:07 [info] [intervention] {"stage":"fetch.start","at":1790348167628,"requestId":"b2b226056388f6ed","origin":"b5094fe8d78e452f","runId":"e5433cdeb6596f6d","sessionId":"b5094fe8d78e452f","userId":"e47639c15a6220b9","assistantId":"6dd4694e72e9cbb4","ephemeral":false,"hasScope":true,"protocol":"chat-completions","route":"upstream"}
22:56:13 [info] [intervention] {"stage":"fetch.response","at":1790348173426,"requestId":"b2b226056388f6ed","origin":"b5094fe8d78e452f","runId":"e5433cdeb6596f6d","sessionId":"b5094fe8d78e452f","userId":"e47639c15a6220b9","assistantId":"6dd4694e72e9cbb4","elapsedMs":5798,"status":200,"ephemeral":false,"hasScope":true,"protocol":"chat-completions","route":"upstream"}
22:56:15 [log] [perm-autopass] allow permission=bash
22:56:21 [info] [intervention] {"stage":"model.start","at":1790348181656,"requestId":"b2b226056388f6ed","origin":"b5094fe8d78e452f","runId":"e5433cdeb6596f6d","sessionId":"b5094fe8d78e452f","userId":"e47639c15a6220b9","assistantId":"a80f202a947a8921","ephemeral":false,"hasScope":true,"route":"upstream"}
22:56:21 [info] [intervention] {"stage":"fetch.start","at":1790348181686,"requestId":"b2b226056388f6ed","origin":"b5094fe8d78e452f","runId":"e5433cdeb6596f6d","sessionId":"b5094fe8d78e452f","userId":"e47639c15a6220b9","assistantId":"a80f202a947a8921","ephemeral":false,"hasScope":true,"protocol":"chat-completions","route":"upstream"}
22:56:22 [log] [sess-diag] engineFetch GET /experimental/session?roots=true&limit=2000 -> HTTP 200 elapsed=50ms responseBytes=38752 engineUrl= http://127.0.0.1:60452 engineId= (default)
22:56:22 [log] [sess-diag] loadEngineSessions: 原始条数 = 18
22:56:22 [log] [sess-diag] loadEngineSessions: reconcile 后 convos = 18 order = 18
22:56:22 [log] [sess-diag] loadEngineSessions: 耗时(ms) fetch = 58 repoRoots = 7 build+reconcile = 7 set = 5 total = 78
22:56:25 [info] [intervention] {"stage":"fetch.response","at":1790348185200,"requestId":"b2b226056388f6ed","origin":"b5094fe8d78e452f","runId":"e5433cdeb6596f6d","sessionId":"b5094fe8d78e452f","userId":"e47639c15a6220b9","assistantId":"a80f202a947a8921","elapsedMs":3514,"status":200,"ephemeral":false,"hasScope":true,"protocol":"chat-completions","route":"upstream"}
22:56:31 [info] [config] loading from: https://cdn-exp-sg-recommend.pt.xiaomi.com/service/getClientBitMapExpConf/mimoDesktop(%E6%96%B0%E5%8A%A0%E5%9D%A1)
22:56:31 [info] [config] loaded tree for mimoDesktop(新加坡): children=2, upRuleIds=0
22:56:31 [info] [config] remote config loaded: 1 apps
22:56:31 [info] [config] loaded successfully: 1 apps
22:56:34 [info] [intervention] {"stage":"output","at":1790348194026,"runId":"e5433cdeb6596f6d","sessionId":"b5094fe8d78e452f","assistantId":"a80f202a947a8921","textChars":4,"reviewSkipped":false}
22:56:52 [log] [sess-diag] engineFetch GET /experimental/session?roots=true&limit=2000 -> HTTP 200 elapsed=83ms responseBytes=38752 engineUrl= http://127.0.0.1:60452 engineId= (default)
22:56:52 [log] [sess-diag] loadEngineSessions: 原始条数 = 18
22:56:52 [log] [sess-diag] loadEngineSessions: reconcile 后 convos = 18 order = 18
22:56:52 [log] [sess-diag] loadEngineSessions: 耗时(ms) fetch = 216 repoRoots = 9 build+reconcile = 8 set = 3 total = 237
22:57:22 [log] [sess-diag] engineFetch GET /experimental/session?roots=true&limit=2000 -> HTTP 200 elapsed=31ms responseBytes=38752 engineUrl= http://127.0.0.1:60452 engineId= (default)
22:57:22 [log] [sess-diag] loadEngineSessions: 原始条数 = 18
22:57:22 [log] [sess-diag] loadEngineSessions: reconcile 后 convos = 18 order = 18
22:57:22 [log] [sess-diag] loadEngineSessions: 耗时(ms) fetch = 37 repoRoots = 10 build+reconcile = 11 set = 3 total = 61
22:57:27 [log] [perm-autopass] allow permission=external_directory
22:57:27 [log] [sess-diag] engineFetch GET /experimental/session?roots=true&limit=2000 -> HTTP 200 elapsed=500ms responseBytes=38752 engineUrl= http://127.0.0.1:60452 engineId= (default)
22:57:27 [log] [sess-diag] loadEngineSessions: 原始条数 = 18
22:57:28 [info] [intervention] {"stage":"model.start","at":1790348248707,"requestId":"b2b226056388f6ed","origin":"b5094fe8d78e452f","runId":"e5433cdeb6596f6d","sessionId":"b5094fe8d78e452f","userId":"e47639c15a6220b9","assistantId":"9ba1a4280cbc180e","ephemeral":false,"hasScope":true,"route":"upstream"}
22:57:28 [info] [intervention] {"stage":"fetch.start","at":1790348248754,"requestId":"b2b226056388f6ed","origin":"b5094fe8d78e452f","runId":"e5433cdeb6596f6d","sessionId":"b5094fe8d78e452f","userId":"e47639c15a6220b9","assistantId":"9ba1a4280cbc180e","ephemeral":false,"hasScope":true,"protocol":"chat-completions","route":"upstream"}
22:57:28 [log] [sess-diag] loadEngineSessions: reconcile 后 convos = 18 order = 18
22:57:28 [log] [sess-diag] loadEngineSessions: 耗时(ms) fetch = 539 repoRoots = 44 build+reconcile = 29 set = 5 total = 617
22:57:38 [info] [intervention] {"stage":"fetch.response","at":1790348258668,"requestId":"b2b226056388f6ed","origin":"b5094fe8d78e452f","runId":"e5433cdeb6596f6d","sessionId":"b5094fe8d78e452f","userId":"e47639c15a6220b9","assistantId":"9ba1a4280cbc180e","elapsedMs":9914,"status":200,"ephemeral":false,"hasScope":true,"protocol":"chat-completions","route":"upstream"}
22:57:38 [log] [sess-diag] engineFetch GET /experimental/session?roots=true&limit=2000 -> HTTP 200 elapsed=149ms responseBytes=38752 engineUrl= http://127.0.0.1:60452 engineId= (default)
22:57:38 [log] [sess-diag] loadEngineSessions: 原始条数 = 18
22:57:38 [log] [sess-diag] loadEngineSessions: reconcile 后 convos = 18 order = 18
22:57:38 [log] [sess-diag] loadEngineSessions: 耗时(ms) fetch = 174 repoRoots = 11 build+reconcile = 19 set = 6 total = 210
22:57:39 [info] [intervention] {"stage":"output","at":1790348259090,"runId":"e5433cdeb6596f6d","sessionId":"b5094fe8d78e452f","assistantId":"9ba1a4280cbc180e","textChars":2,"reviewSkipped":false}
22:57:44 [log] [perm-autopass] allow permission=bash
22:57:50 [info] [intervention] {"stage":"model.start","at":1790348270743,"requestId":"b2b226056388f6ed","origin":"b5094fe8d78e452f","runId":"e5433cdeb6596f6d","sessionId":"b5094fe8d78e452f","userId":"e47639c15a6220b9","assistantId":"f0e22bbf6bfe15a7","ephemeral":false,"hasScope":true,"route":"upstream"}
22:57:50 [info] [intervention] {"stage":"fetch.start","at":1790348270770,"requestId":"b2b226056388f6ed","origin":"b5094fe8d78e452f","runId":"e5433cdeb6596f6d","sessionId":"b5094fe8d78e452f","userId":"e47639c15a6220b9","assistantId":"f0e22bbf6bfe15a7","ephemeral":false,"hasScope":true,"protocol":"chat-completions","route":"upstream"}
22:57:52 [log] [sess-diag] engineFetch GET /experimental/session?roots=true&limit=2000 -> HTTP 200 elapsed=44ms responseBytes=38752 engineUrl= http://127.0.0.1:60452 engineId= (default)
22:57:52 [log] [sess-diag] loadEngineSessions: 原始条数 = 18
22:57:52 [log] [sess-diag] loadEngineSessions: reconcile 后 convos = 18 order = 18
22:57:52 [log] [sess-diag] loadEngineSessions: 耗时(ms) fetch = 49 repoRoots = 8 build+reconcile = 7 set = 2 total = 66
22:57:54 [info] [intervention] {"stage":"fetch.response","at":1790348274843,"requestId":"b2b226056388f6ed","origin":"b5094fe8d78e452f","runId":"e5433cdeb6596f6d","sessionId":"b5094fe8d78e452f","userId":"e47639c15a6220b9","assistantId":"f0e22bbf6bfe15a7","elapsedMs":4073,"status":200,"ephemeral":false,"hasScope":true,"protocol":"chat-completions","route":"upstream"}
22:57:55 [info] [intervention] {"stage":"output","at":1790348275006,"runId":"e5433cdeb6596f6d","sessionId":"b5094fe8d78e452f","assistantId":"f0e22bbf6bfe15a7","textChars":4,"reviewSkipped":false}
22:57:58 [log] [perm-autopass] allow permission=bash
22:58:03 [info] [intervention] {"stage":"model.start","at":1790348283532,"requestId":"b2b226056388f6ed","origin":"b5094fe8d78e452f","runId":"e5433cdeb6596f6d","sessionId":"b5094fe8d78e452f","userId":"e47639c15a6220b9","assistantId":"b1801cfa7366b75c","ephemeral":false,"hasScope":true,"route":"upstream"}
22:58:03 [info] [intervention] {"stage":"fetch.start","at":1790348283557,"requestId":"b2b226056388f6ed","origin":"b5094fe8d78e452f","runId":"e5433cdeb6596f6d","sessionId":"b5094fe8d78e452f","userId":"e47639c15a6220b9","assistantId":"b1801cfa7366b75c","ephemeral":false,"hasScope":true,"protocol":"chat-completions","route":"upstream"}
22:58:05 [info] [intervention] {"stage":"fetch.response","at":1790348285778,"requestId":"b2b226056388f6ed","origin":"b5094fe8d78e452f","runId":"e5433cdeb6596f6d","sessionId":"b5094fe8d78e452f","userId":"e47639c15a6220b9","assistantId":"b1801cfa7366b75c","elapsedMs":2221,"status":200,"ephemeral":false,"hasScope":true,"protocol":"chat-completions","route":"upstream"}
22:58:05 [info] [intervention] {"stage":"output","at":1790348285920,"runId":"e5433cdeb6596f6d","sessionId":"b5094fe8d78e452f","assistantId":"b1801cfa7366b75c","textChars":1,"reviewSkipped":false}
22:58:08 [info] [content-review] app=mimo_pc_output_text source=conversation why=limit batch=62b79d71e1f818c1 api=/api/audit/check len=362 images=0 sha=781b663c9160 session=ses_ffe5f298357dfffeN82Wln2VmT elapsed=193ms verdict=pass reviewId=mimo-mimo_pc_output_text-41e883169925488494dc7a8be6845a6d detail=[serverVerdict=pass resultCode=1 subCode=9 aigc=- hints=0 detailsLen=0 resp=[passed=pass resultCode=1 reviewId=mimo-mimo_pc_output_text-41e883169925488494dc7a8be6845a6d offlineReason= offlineDetails=[0 chars] hint=[0 items] subCode=9 aigc=null]]
22:58:10 [info] [intervention] {"stage":"closed","at":1790348290053,"requestId":"b2b226056388f6ed","origin":"b5094fe8d78e452f","runId":"e5433cdeb6596f6d","sessionId":"b5094fe8d78e452f","userId":"e47639c15a6220b9","elapsedMs":298554,"textChars":61,"reviewId":"mimo-intv-mimo_pc_input_text-634fd9920d5140d291d23bd1bbbe0d71"}
22:58:10 [info] [turn-power-save] released sysId=0 last=run:ses_ffe5f298357dfffeN82Wln2VmT
22:58:10 [info] [content-review] app=mimo_pc_output_text source=conversation why=flush batch=6bb6453464a6f3fb api=/api/audit/check len=158 images=0 sha=c8a41c590a6d session=ses_ffe5f298357dfffeN82Wln2VmT elapsed=274ms verdict=pass reviewId=mimo-mimo_pc_output_text-2180165a84ac4008aa3737a13ef9256f detail=[serverVerdict=pass resultCode=1 subCode=9 aigc=- hints=0 detailsLen=0 resp=[passed=pass resultCode=1 reviewId=mimo-mimo_pc_output_text-2180165a84ac4008aa3737a13ef9256f offlineReason= offlineDetails=[0 chars] hint=[0 items] subCode=9 aigc=null]]
22:58:10 [info] [content-review] app=mimo_pc_output_text source=conversation why=flush batch=416379da3703e135 api=/api/audit/check len=97 images=0 sha=4b05ac7a9ae4 session=ses_ffe5f298357dfffeN82Wln2VmT elapsed=144ms verdict=pass reviewId=mimo-mimo_pc_output_text-3cdfceab4ddd40a2a02b6965f7bdb15d detail=[serverVerdict=pass resultCode=1 subCode=9 aigc=- hints=0 detailsLen=0 resp=[passed=pass resultCode=1 reviewId=mimo-mimo_pc_output_text-3cdfceab4ddd40a2a02b6965f7bdb15d offlineReason= offlineDetails=[0 chars] hint=[0 items] subCode=9 aigc=null]]
22:58:10 [info] [content-review] app=mimo_pc_output_text source=conversation why=flush batch=495c500b5439aedb api=/api/audit/check len=82 images=0 sha=a822b765679f session=ses_ffe5f298357dfffeN82Wln2VmT elapsed=122ms verdict=pass reviewId=mimo-mimo_pc_output_text-824fa9b11ba343429daf0b12d20ceab8 detail=[serverVerdict=pass resultCode=1 subCode=9 aigc=- hints=0 detailsLen=0 resp=[passed=pass resultCode=1 reviewId=mimo-mimo_pc_output_text-824fa9b11ba343429daf0b12d20ceab8 offlineReason= offlineDetails=[0 chars] hint=[0 items] subCode=9 aigc=null]]
22:58:10 [info] [content-review] app=mimo_pc_output_text source=conversation why=flush batch=403e70bdabfb4674 api=/api/audit/check len=17 images=0 sha=0dc5ce33d1c2 session=ses_ffe5f298357dfffeN82Wln2VmT elapsed=183ms verdict=pass reviewId=mimo-mimo_pc_output_text-34d64388bc9e490e946e1c958477f731 detail=[serverVerdict=pass resultCode=1 subCode=9 aigc=- hints=0 detailsLen=0 resp=[passed=pass resultCode=1 reviewId=mimo-mimo_pc_output_text-34d64388bc9e490e946e1c958477f731 offlineReason= offlineDetails=[0 chars] hint=[0 items] subCode=9 aigc=null]]
22:58:10 [info] [content-review] app=mimo_pc_output_text source=conversation why=flush batch=a238ff0c0d76581d api=/api/audit/check len=10 images=0 sha=0f2f566a6530 session=ses_ffe5f298357dfffeN82Wln2VmT elapsed=159ms verdict=pass reviewId=mimo-mimo_pc_output_text-390c7badfc084380b23f29c6455236cf detail=[serverVerdict=pass resultCode=1 subCode=9 aigc=- hints=0 detailsLen=0 resp=[passed=pass resultCode=1 reviewId=mimo-mimo_pc_output_text-390c7badfc084380b23f29c6455236cf offlineReason= offlineDetails=[0 chars] hint=[0 items] subCode=9 aigc=null]]
22:58:11 [info] [content-review] app=mimo_pc_output_text source=conversation why=flush batch=62b79d71e1f818c1 api=/api/audit/check len=247 images=0 sha=95360c6eb2df session=ses_ffe5f298357dfffeN82Wln2VmT elapsed=235ms verdict=pass reviewId=mimo-mimo_pc_output_text-f36770ca27594ea1b9cbaf8bcd96e90f detail=[serverVerdict=pass resultCode=1 subCode=9 aigc=- hints=0 detailsLen=0 resp=[passed=pass resultCode=1 reviewId=mimo-mimo_pc_output_text-f36770ca27594ea1b9cbaf8bcd96e90f offlineReason= offlineDetails=[0 chars] hint=[0 items] subCode=9 aigc=null]]
22:58:11 [log] [sess-diag] engineFetch GET /session/ses_ffe5f298357dfffeN82Wln2VmT/task -> HTTP 200 elapsed=207ms responseBytes=2346 engineUrl= http://127.0.0.1:60452 engineId= mimocode
22:58:11 [log] [sess-diag] engineFetch GET /session/ses_ffe5f298357dfffeN82Wln2VmT/recovery -> HTTP 200 elapsed=235ms responseBytes=2 engineUrl= http://127.0.0.1:60452 engineId= mimocode
22:58:11 [log] [sess-diag] engineFetch GET /session/ses_ffe5f298357dfffeN82Wln2VmT -> HTTP 200 elapsed=262ms responseBytes=29556 engineUrl= http://127.0.0.1:60452 engineId= mimocode
22:58:22 [log] [sess-diag] engineFetch GET /experimental/session?roots=true&limit=2000 -> HTTP 200 elapsed=38ms responseBytes=38752 engineUrl= http://127.0.0.1:60452 engineId= (default)
22:58:22 [log] [sess-diag] loadEngineSessions: 原始条数 = 18
22:58:22 [log] [sess-diag] loadEngineSessions: reconcile 后 convos = 18 order = 18
22:58:22 [log] [sess-diag] loadEngineSessions: 耗时(ms) fetch = 48 repoRoots = 9 build+reconcile = 8 set = 4 total = 69
22:58:36 [info] [hidden-bounds] bounds drifted after show, re-applied {"current":{"x":-7,"y":-7,"width":1722,"height":1058},"target":{"x":0,"y":0,"width":1707,"height":1043}}
22:58:37 [log] [sess-diag] engineFetch GET /experimental/session?roots=true&limit=2000 -> HTTP 200 elapsed=163ms responseBytes=38752 engineUrl= http://127.0.0.1:60452 engineId= (default)
22:58:37 [log] [sess-diag] loadEngineSessions: 原始条数 = 18
22:58:37 [log] [sess-diag] loadEngineSessions: reconcile 后 convos = 18 order = 18
22:58:37 [log] [sess-diag] loadEngineSessions: 耗时(ms) fetch = 176 repoRoots = 5 build+reconcile = 23 set = 12 total = 216
22:58:38 [info] [exit-app] quit via tray menu
22:58:38 [info] [exit-app] before-quit
22:58:38 [info] [window] window closed
22:58:38 [info] [exit-app] window-all-closed platform=win32 appQuitting=true willQuit=false
23:02:49 [info] [boot] MiMo Desktop version=26.923.232338 platform=win32 arch=arm64 os=Windows_NT/10.0.26200 sysver=10.0.26200 mem=7.7GB(free 2.2GB) edition=domestic packaged=true theme=system e2e=false authBypass=false logs=C:\Users\xiaomi\AppData\Roaming\Xiaomi MiMo\logs
23:02:49 [info] [terminal-env] snapshot source: win-registry
23:02:49 [info] [runtimes] injected env: MIMO_NODE,MIMO_PYTHON,MIMO_QPDF,MIMO_GITHUB_MCP_SERVER,MIMO_NODE_MODULES,MIMO_RIPGREP_PATH,MIMO_ELECTRON_NODE_HOST,PYTHONDONTWRITEBYTECODE
23:02:49 [log] [api-base] cached-region reader injected after settle -> ignored
23:02:49 [log] [api-base] system-country reader injected after settle -> ignored
23:02:49 [info] [user-auth] init ok requiresCnAccount=true cachedRegion=CN localeCountry=CN
23:02:49 [warn] [libreoffice-runtime] setup not-configured key=win32-arm64 (manifest 缺项或未发布;静默降级)
23:02:49 [info] [on-demand-assets] setup ready descriptors=soundfont(1f),query-classifier(4f) not-configured=none
23:02:50 [info] [engine] reloadConfigOnNextSession (plugin change)
23:02:50 [error] [plugins] registry corrupt/unreadable at startup seed; closing automation HostMcp gate
23:02:50 [info] [engine] reloadConfigOnNextSession (plugin change)
23:02:50 [info] [plugins] setup ok count=0
23:02:50 [info] [apm] region=CN source=cache
23:02:50 [log] [evolve-observatory] evolve observatory server listening on 127.0.0.1:62522
23:02:50 [log] [mimo][api] listening on 127.0.0.1:62523
23:02:50 [info] [boot] app ready in 4784.610107421875ms
23:02:50 [error] [plugins] registry corrupt/unreadable at readiness settle; keeping automation HostMcp gate closed
23:02:50 [info] [engine] reloadConfigOnNextSession (plugin change)
23:02:50 [info] [presentation-host] started socket=C:\Users\xiaomi\AppData\Roaming\Xiaomi MiMo\presentation-host\4b8bf4a5c3ea.sock
23:02:50 [info] [application] activated (main window created)
23:02:50 [info] [tray] enabled=true
23:02:50 [info] [updater] setup begin
23:02:50 [info] [updater] setup platform=win32 packaged=true version=26.923.232338 e2e=false
23:02:50 [info] [updater/win] transaction reconcile kind=none
23:02:50 [info] [updater/win] auto-updater path feed=https://mimocode-cdn.xiaomimimo.com/mimocode/mimodesktop/manifest.json
23:02:50 [info] [engine] prewarm startEngine
23:02:51 [info] [plugins] automation background startup settled {"elapsedMs":1378}
23:02:53 [info] [db] prewarm ok in 2698ms
23:02:53 [info] [artifacts] reconciliation starting
23:02:53 [log] [xiaomi-auth] probeStatus start (hidden-window path)
23:02:53 [info] [engine] HostMcp runtime available=true
23:02:53 [info] [engine] reloadConfigOnNextSession (plugin change)
23:02:54 [warn] [query-classification] warmup-unavailable {"code":"inference-failed"}
23:02:57 [log] [DeviceId] generated:
23:03:01 [info] [boot] MiMo Desktop version=26.923.232338 platform=win32 arch=x64 os=Windows_NT/10.0.26200 sysver=10.0.26200 mem=7.7GB(free 2.2GB) edition=domestic packaged=true theme=system e2e=false authBypass=false logs=C:\Users\xiaomi\AppData\Roaming\Xiaomi MiMo\logs
23:03:01 [info] [terminal-env] snapshot source: win-registry
23:03:01 [info] [runtimes] injected env: MIMO_NODE,MIMO_NPM,MIMO_PYTHON,MIMO_QPDF,MIMO_GITHUB_MCP_SERVER,MIMO_NODE_MODULES,MIMO_RIPGREP_PATH,MIMO_ELECTRON_NODE_HOST,PYTHONDONTWRITEBYTECODE
23:03:01 [log] [api-base] cached-region reader injected after settle -> ignored
23:03:01 [log] [api-base] system-country reader injected after settle -> ignored
23:03:01 [info] [user-auth] init ok requiresCnAccount=true cachedRegion=CN localeCountry=CN
23:03:01 [info] [libreoffice-runtime] setup ready key=win32-x64 version=25.8.7 archive=160665171 bytes
23:03:01 [info] [on-demand-assets] setup ready descriptors=soundfont(1f),query-classifier(4f) not-configured=none
23:03:02 [info] [engine] reloadConfigOnNextSession (plugin change)
23:03:02 [error] [plugins] registry corrupt/unreadable at startup seed; closing automation HostMcp gate
23:03:02 [info] [engine] reloadConfigOnNextSession (plugin change)
23:03:02 [info] [plugins] setup ok count=0
23:03:02 [info] [apm] region=CN source=cache
23:03:02 [log] [evolve-observatory] evolve observatory server listening on 127.0.0.1:50867
23:03:02 [log] [mimo][api] listening on 127.0.0.1:50868
23:03:02 [info] [boot] app ready in 2794.319091796875ms
23:03:02 [error] [plugins] registry corrupt/unreadable at readiness settle; keeping automation HostMcp gate closed
23:03:02 [info] [engine] reloadConfigOnNextSession (plugin change)
23:03:02 [info] [presentation-host] started socket=C:\Users\xiaomi\AppData\Roaming\Xiaomi MiMo\presentation-host\467ab6b3c4a9.sock
23:03:02 [info] [application] activated (main window created)
23:03:02 [info] [tray] enabled=true
23:03:02 [info] [updater] setup begin
23:03:02 [info] [updater] setup platform=win32 packaged=true version=26.923.232338 e2e=false
23:03:02 [info] [updater/win] transaction reconcile kind=none
23:03:02 [info] [updater/win] auto-updater path feed=https://mimocode-cdn.xiaomimimo.com/mimocode/mimodesktop/manifest.json
23:03:03 [info] [engine] prewarm startEngine
23:03:03 [info] [plugins] automation background startup settled {"elapsedMs":1541}
23:03:07 [info] [db] prewarm ok in 4330ms
23:03:07 [info] [artifacts] reconciliation starting
23:03:07 [log] [xiaomi-auth] probeStatus start (hidden-window path)
23:03:08 [info] [engine] HostMcp runtime available=true
23:03:15 [info] [boot] MiMo Desktop version=26.923.232338 platform=win32 arch=x64 os=Windows_NT/10.0.26200 sysver=10.0.26200 mem=7.7GB(free 2.3GB) edition=domestic packaged=true theme=system e2e=false authBypass=false logs=C:\Users\xiaomi\AppData\Roaming\Xiaomi MiMo\logs
23:03:15 [info] [terminal-env] snapshot source: win-registry
23:03:15 [info] [runtimes] injected env: MIMO_NODE,MIMO_NPM,MIMO_PYTHON,MIMO_QPDF,MIMO_GITHUB_MCP_SERVER,MIMO_NODE_MODULES,MIMO_RIPGREP_PATH,MIMO_ELECTRON_NODE_HOST,PYTHONDONTWRITEBYTECODE
23:03:15 [log] [api-base] cached-region reader injected after settle -> ignored
23:03:15 [log] [api-base] system-country reader injected after settle -> ignored
23:03:15 [info] [user-auth] init ok requiresCnAccount=true cachedRegion=CN localeCountry=CN
23:03:15 [info] [libreoffice-runtime] setup ready key=win32-x64 version=25.8.7 archive=160665171 bytes
23:03:15 [info] [on-demand-assets] setup ready descriptors=soundfont(1f),query-classifier(4f) not-configured=none
23:03:15 [info] [engine] reloadConfigOnNextSession (plugin change)
23:03:15 [error] [plugins] registry corrupt/unreadable at startup seed; closing automation HostMcp gate
23:03:15 [info] [engine] reloadConfigOnNextSession (plugin change)
23:03:15 [info] [plugins] setup ok count=0
23:03:15 [info] [apm] region=CN source=cache
23:03:15 [log] [evolve-observatory] evolve observatory server listening on 127.0.0.1:55871
23:03:15 [log] [mimo][api] listening on 127.0.0.1:55872
23:03:15 [info] [boot] app ready in 2267.51806640625ms
23:03:15 [error] [plugins] registry corrupt/unreadable at readiness settle; keeping automation HostMcp gate closed
23:03:15 [info] [engine] reloadConfigOnNextSession (plugin change)
23:03:15 [info] [presentation-host] started socket=C:\Users\xiaomi\AppData\Roaming\Xiaomi MiMo\presentation-host\cef939d919a4.sock
23:03:15 [info] [application] activated (main window created)
23:03:15 [info] [tray] enabled=true
23:03:15 [info] [updater] setup begin
23:03:15 [info] [updater] setup platform=win32 packaged=true version=26.923.232338 e2e=false
23:03:15 [info] [updater/win] transaction reconcile kind=none
23:03:15 [info] [updater/win] auto-updater path feed=https://mimocode-cdn.xiaomimimo.com/mimocode/mimodesktop/manifest.json
23:03:15 [info] [engine] prewarm startEngine
23:03:16 [info] [plugins] automation background startup settled {"elapsedMs":1301}
23:03:19 [info] [db] prewarm ok in 4204ms
23:03:19 [info] [artifacts] reconciliation starting
23:03:20 [log] [xiaomi-auth] probeStatus start (hidden-window path)
23:03:21 [info] [engine] HostMcp runtime available=true
23:03:21 [info] [engine] reloadConfigOnNextSession (plugin change)
23:03:26 [info] [boot] MiMo Desktop version=26.923.232338 platform=win32 arch=arm64 os=Windows_NT/10.0.26200 sysver=10.0.26200 mem=7.7GB(free 2.4GB) edition=domestic packaged=true theme=system e2e=false authBypass=false logs=C:\Users\xiaomi\AppData\Roaming\Xiaomi MiMo\logs
23:03:26 [info] [terminal-env] snapshot source: win-registry
23:03:26 [info] [runtimes] injected env: MIMO_NODE,MIMO_PYTHON,MIMO_QPDF,MIMO_GITHUB_MCP_SERVER,MIMO_NODE_MODULES,MIMO_RIPGREP_PATH,MIMO_ELECTRON_NODE_HOST,PYTHONDONTWRITEBYTECODE
23:03:26 [log] [api-base] cached-region reader injected after settle -> ignored
23:03:26 [log] [api-base] system-country reader injected after settle -> ignored
23:03:26 [info] [user-auth] init ok requiresCnAccount=true cachedRegion=CN localeCountry=CN
23:03:26 [warn] [libreoffice-runtime] setup not-configured key=win32-arm64 (manifest 缺项或未发布;静默降级)
23:03:26 [info] [on-demand-assets] setup ready descriptors=soundfont(1f),query-classifier(4f) not-configured=none
23:03:26 [info] [engine] reloadConfigOnNextSession (plugin change)
23:03:26 [error] [plugins] registry corrupt/unreadable at startup seed; closing automation HostMcp gate
23:03:26 [info] [engine] reloadConfigOnNextSession (plugin change)
23:03:26 [info] [plugins] setup ok count=0
23:03:26 [info] [apm] region=CN source=cache
23:03:26 [log] [evolve-observatory] evolve observatory server listening on 127.0.0.1:50288
23:03:26 [log] [mimo][api] listening on 127.0.0.1:50289
23:03:27 [info] [boot] app ready in 902.02490234375ms
23:03:27 [error] [plugins] registry corrupt/unreadable at readiness settle; keeping automation HostMcp gate closed
23:03:27 [info] [engine] reloadConfigOnNextSession (plugin change)
23:03:27 [info] [presentation-host] started socket=C:\Users\xiaomi\AppData\Roaming\Xiaomi MiMo\presentation-host\dc5c31b2450d.sock
23:03:27 [info] [application] activated (main window created)
23:03:27 [info] [tray] enabled=true
23:03:27 [info] [updater] setup begin
23:03:27 [info] [updater] setup platform=win32 packaged=true version=26.923.232338 e2e=false
23:03:27 [info] [updater/win] transaction reconcile kind=none
23:03:27 [info] [updater/win] auto-updater path feed=https://mimocode-cdn.xiaomimimo.com/mimocode/mimodesktop/manifest.json
23:03:27 [info] [engine] prewarm startEngine
23:03:27 [info] [plugins] automation background startup settled {"elapsedMs":748}
23:03:28 [info] [db] prewarm ok in 1891ms
23:03:28 [info] [artifacts] reconciliation starting
23:03:28 [log] [xiaomi-auth] probeStatus start (hidden-window path)
23:03:29 [info] [engine] HostMcp runtime available=true
23:03:29 [info] [engine] reloadConfigOnNextSession (plugin change)
23:03:32 [log] [DeviceId] generated:
23:03:32 [warn] [query-classification] warmup-unavailable {"code":"inference-failed"}
23:03:34 [info] [libreoffice-runtime] prefetch skipped (not-configured)
23:03:34 [info] [on-demand-assets] prefetch start queue=[soundfont,query-classifier]
23:03:34 [info] [on-demand-assets] soundfont cache-hit (1 files);skip download
23:03:34 [info] [on-demand-assets] query-classifier cache-hit (4 files);skip download
23:03:34 [log] [mimo] engine in-process server ready http://127.0.0.1:51464
23:03:34 [info] [engine] prewarm ok
23:03:34 [info] [mimo] loop_streak_recovery=on · experimental crop enabled for next requests
23:03:34 [log] [model-catalog] xiaomi login not confirmed -> skip fetch, keep cache
23:03:34 [info] Checking for update
23:03:35 [log] [xiaomi-auth] probeStatus done kind=authenticated userId=602054437
23:03:35 [info] [experiment] initializing app=mimoDesktop(新加坡) env=ksmoscloudsrv service=<sdk-default>
23:03:35 [info] [config] loading from: https://cdn-exp-sg-recommend.pt.xiaomi.com/service/getClientBitMapExpConf/mimoDesktop(%E6%96%B0%E5%8A%A0%E5%9D%A1)
23:03:35 [info] [user-auth] initialize done xiaomi-logged-in=true
23:03:35 [info] Update for version 26.923.232338 is not available (latest version: 26.923.232338, downgrade is disallowed).
23:03:36 [error] (node:9144) [DEP0180] DeprecationWarning: fs.Stats constructor is deprecated.\n(Use `Xiaomi MiMo --trace-deprecation ...` to show where the warning was created)
23:03:37 [info] [config] loaded tree for mimoDesktop(新加坡): children=2, upRuleIds=0
23:03:37 [info] [config] remote config loaded: 1 apps
23:03:37 [info] [config] loaded successfully: 1 apps
23:03:37 [info] [experiment] key=feature_gates id=101197 type=string value={\n    "domestic": { "show_mcp_entry": false, "show_custom_model_button": true, "loop_streak_recovery": true, "show_evolve_entry": true,"show_computeruse": false, "show_browseruse": false, "show_pay": … elapsed=1276ms
23:03:37 [info] [feature-gates] refresh: ok (elapsed=1291ms)
23:03:37 [log] [sess-diag] engineFetch GET /experimental/session?roots=true&limit=2000 -> HTTP 200 elapsed=2918ms responseBytes=38752 engineUrl= http://127.0.0.1:51464 engineId= (default)
23:03:37 [info] [artifacts] reconciliation started
23:03:38 [log] [sess-diag] loadEngineSessions: 原始条数 = 18
23:03:38 [log] [sess-diag] loadEngineSessions: reconcile 后 convos = 18 order = 18
23:03:38 [log] [sess-diag] loadEngineSessions: 耗时(ms) fetch = 4122 repoRoots = 124 build+reconcile = 37 set = 15 total = 4298
23:03:40 [info] [boot] MiMo Desktop version=26.923.232338 platform=win32 arch=arm64 os=Windows_NT/10.0.26200 sysver=10.0.26200 mem=7.7GB(free 2.5GB) edition=domestic packaged=true theme=system e2e=false authBypass=false logs=C:\Users\xiaomi\AppData\Roaming\Xiaomi MiMo\logs
23:03:40 [info] [terminal-env] snapshot source: win-registry
23:03:40 [info] [runtimes] injected env: MIMO_NODE,MIMO_PYTHON,MIMO_QPDF,MIMO_GITHUB_MCP_SERVER,MIMO_NODE_MODULES,MIMO_RIPGREP_PATH,MIMO_ELECTRON_NODE_HOST,PYTHONDONTWRITEBYTECODE
23:03:40 [log] [api-base] cached-region reader injected after settle -> ignored
23:03:40 [log] [api-base] system-country reader injected after settle -> ignored
23:03:40 [info] [user-auth] init ok requiresCnAccount=true cachedRegion=CN localeCountry=CN
23:03:40 [warn] [libreoffice-runtime] setup not-configured key=win32-arm64 (manifest 缺项或未发布;静默降级)
23:03:40 [info] [on-demand-assets] setup ready descriptors=soundfont(1f),query-classifier(4f) not-configured=none
23:03:40 [info] [engine] reloadConfigOnNextSession (plugin change)
23:03:40 [error] [plugins] registry corrupt/unreadable at startup seed; closing automation HostMcp gate
23:03:40 [info] [engine] reloadConfigOnNextSession (plugin change)
23:03:40 [info] [plugins] setup ok count=0
23:03:40 [info] [apm] region=CN source=cache
23:03:41 [log] [evolve-observatory] evolve observatory server listening on 127.0.0.1:56857
23:03:41 [log] [mimo][api] listening on 127.0.0.1:56858
23:03:41 [info] [boot] app ready in 833.552001953125ms
23:03:41 [error] [plugins] registry corrupt/unreadable at readiness settle; keeping automation HostMcp gate closed
23:03:41 [info] [engine] reloadConfigOnNextSession (plugin change)
23:03:41 [info] [presentation-host] started socket=C:\Users\xiaomi\AppData\Roaming\Xiaomi MiMo\presentation-host\2f46fb913502.sock
23:03:41 [info] [application] activated (main window created)
23:03:41 [info] [tray] enabled=true
23:03:41 [info] [updater] setup begin
23:03:41 [info] [updater] setup platform=win32 packaged=true version=26.923.232338 e2e=false
23:03:41 [info] [updater/win] transaction reconcile kind=none
23:03:41 [info] [updater/win] auto-updater path feed=https://mimocode-cdn.xiaomimimo.com/mimocode/mimodesktop/manifest.json
23:03:41 [info] [engine] prewarm startEngine
23:03:41 [info] [plugins] automation background startup settled {"elapsedMs":741}
23:03:43 [info] [db] prewarm ok in 1920ms
23:03:43 [info] [artifacts] reconciliation starting
23:03:43 [log] [xiaomi-auth] probeStatus start (hidden-window path)
23:03:44 [log] [DeviceId] generated:
23:03:45 [info] [engine] HostMcp runtime available=true
23:03:45 [info] [engine] reloadConfigOnNextSession (plugin change)
23:03:45 [warn] [query-classification] warmup-unavailable {"code":"inference-failed"}
23:03:47 [log] [mimo] engine in-process server ready http://127.0.0.1:62392
23:03:47 [info] [engine] prewarm ok
23:03:47 [info] [mimo] loop_streak_recovery=on · experimental crop enabled for next requests
23:03:47 [info] [libreoffice-runtime] prefetch skipped (not-configured)
23:03:47 [info] [on-demand-assets] prefetch start queue=[soundfont,query-classifier]
23:03:47 [info] [on-demand-assets] soundfont cache-hit (1 files);skip download
23:03:47 [info] [on-demand-assets] query-classifier cache-hit (4 files);skip download
23:03:47 [info] [artifacts] reconciliation started
23:03:47 [log] [model-catalog] xiaomi login not confirmed -> skip fetch, keep cache
23:03:48 [info] Checking for update
23:03:48 [log] [xiaomi-auth] probeStatus done kind=authenticated userId=602054437
23:03:48 [info] [experiment] initializing app=mimoDesktop(新加坡) env=ksmoscloudsrv service=<sdk-default>
23:03:48 [info] [config] loading from: https://cdn-exp-sg-recommend.pt.xiaomi.com/service/getClientBitMapExpConf/mimoDesktop(%E6%96%B0%E5%8A%A0%E5%9D%A1)
23:03:48 [info] [user-auth] initialize done xiaomi-logged-in=true
23:03:49 [info] [config] loaded tree for mimoDesktop(新加坡): children=2, upRuleIds=0
23:03:49 [info] [config] remote config loaded: 1 apps
23:03:49 [info] [config] loaded successfully: 1 apps
23:03:49 [info] [experiment] key=feature_gates id=101197 type=string value={\n    "domestic": { "show_mcp_entry": false, "show_custom_model_button": true, "loop_streak_recovery": true, "show_evolve_entry": true,"show_computeruse": false, "show_browseruse": false, "show_pay": … elapsed=69ms
23:03:49 [info] [feature-gates] refresh: ok (elapsed=78ms)
23:03:49 [error] (node:4772) [DEP0180] DeprecationWarning: fs.Stats constructor is deprecated.\n(Use `Xiaomi MiMo --trace-deprecation ...` to show where the warning was created)
23:03:50 [info] Update for version 26.923.232338 is not available (latest version: 26.923.232338, downgrade is disallowed).
23:03:50 [log] [sess-diag] engineFetch GET /experimental/session?roots=true&limit=2000 -> HTTP 200 elapsed=2520ms responseBytes=38752 engineUrl= http://127.0.0.1:62392 engineId= (default)
23:03:50 [log] [sess-diag] loadEngineSessions: 原始条数 = 18
23:03:50 [log] [sess-diag] loadEngineSessions: reconcile 后 convos = 18 order = 18
23:03:50 [log] [sess-diag] loadEngineSessions: 耗时(ms) fetch = 2549 repoRoots = 20 build+reconcile = 6 set = 1 total = 2576
23:03:56 [info] [boot] MiMo Desktop version=26.923.232338 platform=win32 arch=x64 os=Windows_NT/10.0.26200 sysver=10.0.26200 mem=7.7GB(free 2.4GB) edition=domestic packaged=true theme=system e2e=false authBypass=false logs=C:\Users\xiaomi\AppData\Roaming\Xiaomi MiMo\logs
23:03:56 [info] [terminal-env] snapshot source: win-registry
23:03:56 [info] [runtimes] injected env: MIMO_NODE,MIMO_NPM,MIMO_PYTHON,MIMO_QPDF,MIMO_GITHUB_MCP_SERVER,MIMO_NODE_MODULES,MIMO_RIPGREP_PATH,MIMO_ELECTRON_NODE_HOST,PYTHONDONTWRITEBYTECODE
23:03:56 [log] [api-base] cached-region reader injected after settle -> ignored
23:03:56 [log] [api-base] system-country reader injected after settle -> ignored
23:03:56 [info] [user-auth] init ok requiresCnAccount=true cachedRegion=CN localeCountry=CN
23:03:56 [info] [libreoffice-runtime] setup ready key=win32-x64 version=25.8.7 archive=160665171 bytes
23:03:56 [info] [on-demand-assets] setup ready descriptors=soundfont(1f),query-classifier(4f) not-configured=none
23:03:57 [info] [engine] reloadConfigOnNextSession (plugin change)
23:03:57 [error] [plugins] registry corrupt/unreadable at startup seed; closing automation HostMcp gate
23:03:57 [info] [engine] reloadConfigOnNextSession (plugin change)
23:03:57 [info] [plugins] setup ok count=0
23:03:57 [info] [apm] region=CN source=cache
23:03:57 [log] [evolve-observatory] evolve observatory server listening on 127.0.0.1:52265
23:03:57 [log] [mimo][api] listening on 127.0.0.1:52266
23:03:57 [info] [boot] app ready in 2045.4541015625ms
23:03:57 [error] [plugins] registry corrupt/unreadable at readiness settle; keeping automation HostMcp gate closed
23:03:57 [info] [engine] reloadConfigOnNextSession (plugin change)
23:03:57 [info] [presentation-host] started socket=C:\Users\xiaomi\AppData\Roaming\Xiaomi MiMo\presentation-host\80769dcd54bb.sock
23:03:57 [info] [application] activated (main window created)
23:03:57 [info] [tray] enabled=true
23:03:57 [info] [updater] setup begin
23:03:57 [info] [updater] setup platform=win32 packaged=true version=26.923.232338 e2e=false
23:03:57 [info] [updater/win] transaction reconcile kind=none
23:03:57 [info] [updater/win] auto-updater path feed=https://mimocode-cdn.xiaomimimo.com/mimocode/mimodesktop/manifest.json
23:03:57 [info] [engine] prewarm startEngine
23:03:58 [info] [plugins] automation background startup settled {"elapsedMs":1175}
23:04:01 [info] [db] prewarm ok in 3795ms
23:04:01 [info] [artifacts] reconciliation starting
23:04:01 [log] [xiaomi-auth] probeStatus start (hidden-window path)
23:04:47 [info] [boot] MiMo Desktop version=26.923.232338 platform=win32 arch=arm64 os=Windows_NT/10.0.26200 sysver=10.0.26200 mem=7.7GB(free 2.5GB) edition=domestic packaged=true theme=system e2e=false authBypass=false logs=C:\Users\xiaomi\AppData\Roaming\Xiaomi MiMo\logs
23:04:47 [info] [terminal-env] snapshot source: win-registry
23:04:47 [info] [runtimes] injected env: MIMO_NODE,MIMO_PYTHON,MIMO_QPDF,MIMO_GITHUB_MCP_SERVER,MIMO_NODE_MODULES,MIMO_RIPGREP_PATH,MIMO_ELECTRON_NODE_HOST,PYTHONDONTWRITEBYTECODE
23:04:47 [log] [api-base] cached-region reader injected after settle -> ignored
23:04:47 [log] [api-base] system-country reader injected after settle -> ignored
23:04:47 [info] [user-auth] init ok requiresCnAccount=true cachedRegion=CN localeCountry=CN
23:04:47 [warn] [libreoffice-runtime] setup not-configured key=win32-arm64 (manifest 缺项或未发布;静默降级)
23:04:47 [info] [on-demand-assets] setup ready descriptors=soundfont(1f),query-classifier(4f) not-configured=none
23:04:47 [info] [engine] reloadConfigOnNextSession (plugin change)
23:04:47 [error] [plugins] registry corrupt/unreadable at startup seed; closing automation HostMcp gate
23:04:47 [info] [engine] reloadConfigOnNextSession (plugin change)
23:04:47 [info] [plugins] setup ok count=0
23:04:47 [info] [apm] region=CN source=cache
23:04:47 [log] [evolve-observatory] evolve observatory server listening on 127.0.0.1:62404
23:04:47 [log] [mimo][api] listening on 127.0.0.1:62405
23:04:47 [info] [boot] app ready in 880.383056640625ms
23:04:47 [error] [plugins] registry corrupt/unreadable at readiness settle; keeping automation HostMcp gate closed
23:04:47 [info] [engine] reloadConfigOnNextSession (plugin change)
23:04:47 [info] [presentation-host] started socket=C:\Users\xiaomi\AppData\Roaming\Xiaomi MiMo\presentation-host\e4009c6532d9.sock
23:04:47 [info] [application] activated (main window created)
23:04:47 [info] [tray] enabled=true
23:04:47 [info] [updater] setup begin
23:04:47 [info] [updater] setup platform=win32 packaged=true version=26.923.232338 e2e=false
23:04:47 [info] [updater/win] transaction reconcile kind=none
23:04:47 [info] [updater/win] auto-updater path feed=https://mimocode-cdn.xiaomimimo.com/mimocode/mimodesktop/manifest.json
23:04:47 [info] [engine] prewarm startEngine
23:04:48 [info] [plugins] automation background startup settled {"elapsedMs":715}
23:04:49 [info] [db] prewarm ok in 1900ms
23:04:49 [info] [artifacts] reconciliation starting
23:04:49 [log] [xiaomi-auth] probeStatus start (hidden-window path)
23:04:52 [log] [DeviceId] generated:
23:04:52 [info] [engine] HostMcp runtime available=true
23:04:52 [info] [engine] reloadConfigOnNextSession (plugin change)
23:04:53 [warn] [query-classification] warmup-unavailable {"code":"inference-failed"}
23:04:55 [log] [mimo] engine in-process server ready http://127.0.0.1:62648
23:04:55 [info] [engine] prewarm ok
23:04:55 [info] [mimo] loop_streak_recovery=on · experimental crop enabled for next requests
23:04:55 [info] [libreoffice-runtime] prefetch skipped (not-configured)
23:04:55 [info] [on-demand-assets] prefetch start queue=[soundfont,query-classifier]
23:04:55 [info] [on-demand-assets] soundfont cache-hit (1 files);skip download
23:04:55 [info] [on-demand-assets] query-classifier cache-hit (4 files);skip download
23:04:55 [info] Checking for update
23:04:55 [info] [artifacts] reconciliation started
23:04:55 [log] [model-catalog] xiaomi login not confirmed -> skip fetch, keep cache
23:04:56 [log] [xiaomi-auth] probeStatus done kind=authenticated userId=602054437
23:04:57 [info] [experiment] initializing app=mimoDesktop(新加坡) env=ksmoscloudsrv service=<sdk-default>
23:04:57 [info] [config] loading from: https://cdn-exp-sg-recommend.pt.xiaomi.com/service/getClientBitMapExpConf/mimoDesktop(%E6%96%B0%E5%8A%A0%E5%9D%A1)
23:04:57 [info] [user-auth] initialize done xiaomi-logged-in=true
23:04:57 [info] Update for version 26.923.232338 is not available (latest version: 26.923.232338, downgrade is disallowed).
23:04:57 [info] [config] loaded tree for mimoDesktop(新加坡): children=2, upRuleIds=0
23:04:57 [info] [config] remote config loaded: 1 apps
23:04:57 [info] [config] loaded successfully: 1 apps
23:04:57 [info] [experiment] key=feature_gates id=101197 type=string value={\n    "domestic": { "show_mcp_entry": false, "show_custom_model_button": true, "loop_streak_recovery": true, "show_evolve_entry": true,"show_computeruse": false, "show_browseruse": false, "show_pay": … elapsed=955ms
23:04:57 [info] [feature-gates] refresh: ok (elapsed=965ms)
23:04:58 [error] (node:5248) [DEP0180] DeprecationWarning: fs.Stats constructor is deprecated.\n(Use `Xiaomi MiMo --trace-deprecation ...` to show where the warning was created)
23:04:58 [log] [sess-diag] engineFetch GET /experimental/session?roots=true&limit=2000 -> HTTP 200 elapsed=2973ms responseBytes=38752 engineUrl= http://127.0.0.1:62648 engineId= (default)
23:04:58 [log] [sess-diag] loadEngineSessions: 原始条数 = 18
23:04:58 [log] [sess-diag] loadEngineSessions: reconcile 后 convos = 18 order = 18
23:04:58 [log] [sess-diag] loadEngineSessions: 耗时(ms) fetch = 3024 repoRoots = 12 build+reconcile = 6 set = 1 total = 3044
23:05:00 [log] [sess-diag] engineFetch GET /session/ses_ffe5f298357dfffeN82Wln2VmT/recovery -> HTTP 200 elapsed=110ms responseBytes=2 engineUrl= http://127.0.0.1:62648 engineId= (default)
23:05:00 [log] [sess-diag] engineFetch GET /session/ses_ffe5f298357dfffeN82Wln2VmT/message -> HTTP 200 elapsed=74ms responseBytes=2759226 engineUrl= http://127.0.0.1:62648 engineId= (default)
23:05:00 [log] [sess-diag] engineFetch GET /session/ses_ffe5f298357dfffeN82Wln2VmT/actors -> HTTP 200 elapsed=71ms responseBytes=579 engineUrl= http://127.0.0.1:62648 engineId= (default)
23:05:25 [log] [sess-diag] engineFetch GET /experimental/session?roots=true&limit=2000 -> HTTP 200 elapsed=12ms responseBytes=38752 engineUrl= http://127.0.0.1:62648 engineId= (default)
23:05:25 [log] [sess-diag] loadEngineSessions: 原始条数 = 18
23:05:25 [log] [sess-diag] loadEngineSessions: reconcile 后 convos = 18 order = 18
23:05:25 [log] [sess-diag] loadEngineSessions: 耗时(ms) fetch = 14 repoRoots = 1 build+reconcile = 2 set = 1 total = 18
23:05:49 [log] [sess-diag] engineFetch GET /experimental/session?roots=true&limit=2000 -> HTTP 200 elapsed=46ms responseBytes=38752 engineUrl= http://127.0.0.1:62648 engineId= (default)
23:05:49 [log] [sess-diag] loadEngineSessions: 原始条数 = 18
23:05:49 [log] [sess-diag] loadEngineSessions: reconcile 后 convos = 18 order = 18
23:05:49 [log] [sess-diag] loadEngineSessions: 耗时(ms) fetch = 48 repoRoots = 1 build+reconcile = 2 set = 1 total = 52
23:05:51 [log] [sess-diag] engineFetch GET /experimental/session?roots=true&limit=2000 -> HTTP 200 elapsed=94ms responseBytes=38752 engineUrl= http://127.0.0.1:62648 engineId= (default)
23:05:51 [log] [sess-diag] loadEngineSessions: 原始条数 = 18
23:05:51 [log] [sess-diag] loadEngineSessions: reconcile 后 convos = 18 order = 18
23:05:51 [log] [sess-diag] loadEngineSessions: 耗时(ms) fetch = 97 repoRoots = 2 build+reconcile = 2 set = 1 total = 101
23:05:55 [log] [sess-diag] engineFetch GET /experimental/session?roots=true&limit=2000 -> HTTP 200 elapsed=18ms responseBytes=38752 engineUrl= http://127.0.0.1:62648 engineId= (default)
23:05:55 [log] [sess-diag] loadEngineSessions: 原始条数 = 18
23:05:55 [log] [sess-diag] loadEngineSessions: reconcile 后 convos = 18 order = 18
23:05:55 [log] [sess-diag] loadEngineSessions: 耗时(ms) fetch = 23 repoRoots = 3 build+reconcile = 5 set = 1 total = 31
23:06:07 [info] [intervention] {"stage":"query","at":1790348767354,"requestId":"9df5501a290adcd4","origin":"b5094fe8d78e452f","elapsedMs":97,"textChars":44,"queryChars":44,"truncated":false,"result":"miss","reviewId":"mimo-intv-mimo_pc_input_text-5943dbb8cc4e412abf0acf57f79c312f"}
23:06:07 [info] [content-review] app=mimo_pc_input_image source=input_image why=oneshot batch=4e4de0efa741b0ce api=/api/audit/check len=0 images=1 sha=08ff8132b1f0 session=ses_ffe5f298357dfffeN82Wln2VmT file=[mimo-paste-1790348754100-wtxe8t.png] media=[n=1 out=51KB tx=124ms] elapsed=640ms verdict=pass reviewId=mimo-mimo_pc_input_image-da82425b7d984915bdfca47573b7ef32 detail=[serverVerdict=pass resultCode=1 subCode=9 aigc=- hints=0 detailsLen=0 resp=[passed=pass resultCode=1 reviewId=mimo-mimo_pc_input_image-da82425b7d984915bdfca47573b7ef32 offlineReason= offlineDetails=[0 chars] hint=[0 items] subCode=9 aigc=null]]
23:06:08 [info] [content-review] app=mimo_pc_input_text source=input why=oneshot batch=c2a1260740b39476 api=/api/audit/check len=44 images=0 sha=d7617021f8e3 session=ses_ffe5f298357dfffeN82Wln2VmT elapsed=757ms verdict=pass reviewId=mimo-mimo_pc_input_text-251a2f64c74446d0bfaa7405b0e33ffe detail=[serverVerdict=pass resultCode=1 subCode=9 aigc=- hints=0 detailsLen=0 resp=[passed=pass resultCode=1 reviewId=mimo-mimo_pc_input_text-251a2f64c74446d0bfaa7405b0e33ffe offlineReason= offlineDetails=[0 chars] hint=[0 items] subCode=9 aigc=null]]
23:06:08 [info] [intervention] {"stage":"prepared","at":1790348768112,"requestId":"9df5501a290adcd4","origin":"b5094fe8d78e452f","elapsedMs":855,"textChars":44,"result":"ready","reviewId":"mimo-intv-mimo_pc_input_text-5943dbb8cc4e412abf0acf57f79c312f"}
23:06:08 [info] [intervention] {"stage":"claim","at":1790348768153,"requestId":"9df5501a290adcd4","origin":"b5094fe8d78e452f","sessionId":"b5094fe8d78e452f","elapsedMs":896,"textChars":44,"reviewId":"mimo-intv-mimo_pc_input_text-5943dbb8cc4e412abf0acf57f79c312f"}
23:06:08 [info] [smart-router] {"origin":"ses_ffe5f298357dfffeN82Wln2VmT","model":"mimo-pro"}
23:06:08 [info] [harness] session origin=ses_ffe5f298357dfffeN82Wln2VmT sid=ses_ffe5f298357dfffeN82Wln2VmT source=user msgLen=44
23:06:08 [info] [turn-power-save] acquired sysId=0 mode=prevent-app-suspension first=run:ses_ffe5f298357dfffeN82Wln2VmT
23:06:08 [info] [intervention] {"stage":"dispatch","at":1790348768522,"requestId":"9df5501a290adcd4","origin":"b5094fe8d78e452f","runId":"c56585274c94fbbf","sessionId":"b5094fe8d78e452f","elapsedMs":1265,"textChars":44,"reviewId":"mimo-intv-mimo_pc_input_text-5943dbb8cc4e412abf0acf57f79c312f"}
23:06:08 [info] [intervention] {"stage":"user-bound","at":1790348768657,"requestId":"9df5501a290adcd4","origin":"b5094fe8d78e452f","runId":"c56585274c94fbbf","sessionId":"b5094fe8d78e452f","userId":"b65ef04c86990881","elapsedMs":1400,"textChars":44,"reviewId":"mimo-intv-mimo_pc_input_text-5943dbb8cc4e412abf0acf57f79c312f"}
23:06:09 [info] [intervention] {"stage":"model.start","at":1790348769092,"requestId":"9df5501a290adcd4","origin":"b5094fe8d78e452f","runId":"c56585274c94fbbf","sessionId":"b5094fe8d78e452f","userId":"b65ef04c86990881","assistantId":"56fbc39ee3e2d2ea","ephemeral":false,"hasScope":true,"route":"upstream"}
23:06:09 [info] [intervention] {"stage":"fetch.start","at":1790348769114,"requestId":"9df5501a290adcd4","origin":"b5094fe8d78e452f","runId":"c56585274c94fbbf","sessionId":"b5094fe8d78e452f","userId":"b65ef04c86990881","assistantId":"56fbc39ee3e2d2ea","ephemeral":false,"hasScope":true,"protocol":"chat-completions","route":"upstream"}
23:06:25 [log] [sess-diag] engineFetch GET /experimental/session?roots=true&limit=2000 -> HTTP 200 elapsed=23ms responseBytes=38752 engineUrl= http://127.0.0.1:62648 engineId= (default)
23:06:25 [log] [sess-diag] loadEngineSessions: 原始条数 = 18
23:06:25 [log] [sess-diag] loadEngineSessions: reconcile 后 convos = 18 order = 18
23:06:25 [log] [sess-diag] loadEngineSessions: 耗时(ms) fetch = 26 repoRoots = 2 build+reconcile = 6 set = 2 total = 35
23:06:35 [info] [intervention] {"stage":"fetch.response","at":1790348795099,"requestId":"9df5501a290adcd4","origin":"b5094fe8d78e452f","runId":"c56585274c94fbbf","sessionId":"b5094fe8d78e452f","userId":"b65ef04c86990881","assistantId":"56fbc39ee3e2d2ea","elapsedMs":25985,"status":200,"ephemeral":false,"hasScope":true,"protocol":"chat-completions","route":"upstream"}
23:06:55 [log] [sess-diag] engineFetch GET /experimental/session?roots=true&limit=2000 -> HTTP 200 elapsed=18ms responseBytes=38752 engineUrl= http://127.0.0.1:62648 engineId= (default)
23:06:55 [log] [sess-diag] loadEngineSessions: 原始条数 = 18
23:06:55 [log] [sess-diag] loadEngineSessions: reconcile 后 convos = 18 order = 18
23:06:55 [log] [sess-diag] loadEngineSessions: 耗时(ms) fetch = 26 repoRoots = 2 build+reconcile = 6 set = 1 total = 35
23:07:08 [info] [content-review/turn-binding] note-no-slot key=ses_ffe5f298357dfffeN82Wln2VmT anchor=msg:msg_g001a0d91a36a900170dm6FHhP
23:07:08 [info] [intervention] {"stage":"output","at":1790348828755,"runId":"c56585274c94fbbf","sessionId":"b5094fe8d78e452f","assistantId":"56fbc39ee3e2d2ea","textChars":6,"reviewSkipped":false}
23:07:14 [log] [perm-autopass] allow permission=bash
23:07:17 [info] [intervention] {"stage":"model.start","at":1790348837107,"requestId":"9df5501a290adcd4","origin":"b5094fe8d78e452f","runId":"c56585274c94fbbf","sessionId":"b5094fe8d78e452f","userId":"b65ef04c86990881","assistantId":"a4d55bd34b3b15d3","ephemeral":false,"hasScope":true,"route":"upstream"}
23:07:17 [info] [intervention] {"stage":"fetch.start","at":1790348837126,"requestId":"9df5501a290adcd4","origin":"b5094fe8d78e452f","runId":"c56585274c94fbbf","sessionId":"b5094fe8d78e452f","userId":"b65ef04c86990881","assistantId":"a4d55bd34b3b15d3","ephemeral":false,"hasScope":true,"protocol":"chat-completions","route":"upstream"}
23:07:25 [log] [sess-diag] engineFetch GET /experimental/session?roots=true&limit=2000 -> HTTP 200 elapsed=24ms responseBytes=38752 engineUrl= http://127.0.0.1:62648 engineId= (default)
23:07:25 [log] [sess-diag] loadEngineSessions: 原始条数 = 18
23:07:25 [log] [sess-diag] loadEngineSessions: reconcile 后 convos = 18 order = 18
23:07:25 [log] [sess-diag] loadEngineSessions: 耗时(ms) fetch = 27 repoRoots = 2 build+reconcile = 5 set = 2 total = 35
23:07:43 [info] [intervention] {"stage":"fetch.response","at":1790348863131,"requestId":"9df5501a290adcd4","origin":"b5094fe8d78e452f","runId":"c56585274c94fbbf","sessionId":"b5094fe8d78e452f","userId":"b65ef04c86990881","assistantId":"a4d55bd34b3b15d3","elapsedMs":26005,"status":200,"ephemeral":false,"hasScope":true,"protocol":"chat-completions","route":"upstream"}
23:09:01 [info] [intervention] {"stage":"output","at":1790348941618,"runId":"c56585274c94fbbf","sessionId":"b5094fe8d78e452f","assistantId":"a4d55bd34b3b15d3","textChars":3,"reviewSkipped":false}
23:09:02 [log] [sess-diag] engineFetch GET /experimental/session?roots=true&limit=2000 -> HTTP 200 elapsed=46ms responseBytes=38752 engineUrl= http://127.0.0.1:62648 engineId= (default)
23:09:02 [log] [sess-diag] loadEngineSessions: 原始条数 = 18
23:09:02 [log] [sess-diag] loadEngineSessions: reconcile 后 convos = 18 order = 18
23:09:02 [log] [sess-diag] loadEngineSessions: 耗时(ms) fetch = 55 repoRoots = 52 build+reconcile = 12 set = 3 total = 122
23:09:08 [log] [perm-autopass] allow permission=bash
23:09:10 [info] [intervention] {"stage":"model.start","at":1790348950244,"requestId":"9df5501a290adcd4","origin":"b5094fe8d78e452f","runId":"c56585274c94fbbf","sessionId":"b5094fe8d78e452f","userId":"b65ef04c86990881","assistantId":"fe473dab8fcfa142","ephemeral":false,"hasScope":true,"route":"upstream"}
23:09:10 [info] [intervention] {"stage":"fetch.start","at":1790348950263,"requestId":"9df5501a290adcd4","origin":"b5094fe8d78e452f","runId":"c56585274c94fbbf","sessionId":"b5094fe8d78e452f","userId":"b65ef04c86990881","assistantId":"fe473dab8fcfa142","ephemeral":false,"hasScope":true,"protocol":"chat-completions","route":"upstream"}
23:09:20 [info] [intervention] {"stage":"fetch.response","at":1790348960544,"requestId":"9df5501a290adcd4","origin":"b5094fe8d78e452f","runId":"c56585274c94fbbf","sessionId":"b5094fe8d78e452f","userId":"b65ef04c86990881","assistantId":"fe473dab8fcfa142","elapsedMs":10281,"status":200,"ephemeral":false,"hasScope":true,"protocol":"chat-completions","route":"upstream"}
23:09:25 [log] [sess-diag] engineFetch GET /experimental/session?roots=true&limit=2000 -> HTTP 200 elapsed=19ms responseBytes=38752 engineUrl= http://127.0.0.1:62648 engineId= (default)
23:09:25 [log] [sess-diag] loadEngineSessions: 原始条数 = 18
23:09:25 [log] [sess-diag] loadEngineSessions: reconcile 后 convos = 18 order = 18
23:09:25 [log] [sess-diag] loadEngineSessions: 耗时(ms) fetch = 23 repoRoots = 2 build+reconcile = 6 set = 1 total = 32
23:09:55 [log] [sess-diag] engineFetch GET /experimental/session?roots=true&limit=2000 -> HTTP 200 elapsed=19ms responseBytes=38752 engineUrl= http://127.0.0.1:62648 engineId= (default)
23:09:55 [log] [sess-diag] loadEngineSessions: 原始条数 = 18
23:09:55 [log] [sess-diag] loadEngineSessions: reconcile 后 convos = 18 order = 18
23:09:55 [log] [sess-diag] loadEngineSessions: 耗时(ms) fetch = 22 repoRoots = 2 build+reconcile = 4 set = 1 total = 29
23:09:57 [info] [intervention] {"stage":"output","at":1790348997486,"runId":"c56585274c94fbbf","sessionId":"b5094fe8d78e452f","assistantId":"fe473dab8fcfa142","textChars":6,"reviewSkipped":false}
23:10:06 [log] [perm-autopass] allow permission=bash
23:10:08 [info] [intervention] {"stage":"model.start","at":1790349008725,"requestId":"9df5501a290adcd4","origin":"b5094fe8d78e452f","runId":"c56585274c94fbbf","sessionId":"b5094fe8d78e452f","userId":"b65ef04c86990881","assistantId":"0d4e87a7ffbfcdb9","ephemeral":false,"hasScope":true,"route":"upstream"}
23:10:08 [info] [intervention] {"stage":"fetch.start","at":1790349008755,"requestId":"9df5501a290adcd4","origin":"b5094fe8d78e452f","runId":"c56585274c94fbbf","sessionId":"b5094fe8d78e452f","userId":"b65ef04c86990881","assistantId":"0d4e87a7ffbfcdb9","ephemeral":false,"hasScope":true,"protocol":"chat-completions","route":"upstream"}
23:10:17 [info] [intervention] {"stage":"fetch.response","at":1790349017019,"requestId":"9df5501a290adcd4","origin":"b5094fe8d78e452f","runId":"c56585274c94fbbf","sessionId":"b5094fe8d78e452f","userId":"b65ef04c86990881","assistantId":"0d4e87a7ffbfcdb9","elapsedMs":8264,"status":200,"ephemeral":false,"hasScope":true,"protocol":"chat-completions","route":"upstream"}
23:10:25 [log] [sess-diag] engineFetch GET /experimental/session?roots=true&limit=2000 -> HTTP 200 elapsed=41ms responseBytes=38752 engineUrl= http://127.0.0.1:62648 engineId= (default)
23:10:25 [log] [sess-diag] loadEngineSessions: 原始条数 = 18
23:10:25 [log] [sess-diag] loadEngineSessions: reconcile 后 convos = 18 order = 18
23:10:25 [log] [sess-diag] loadEngineSessions: 耗时(ms) fetch = 123 repoRoots = 1 build+reconcile = 2 set = 1 total = 127
23:10:26 [info] [intervention] {"stage":"output","at":1790349026758,"runId":"c56585274c94fbbf","sessionId":"b5094fe8d78e452f","assistantId":"0d4e87a7ffbfcdb9","textChars":1,"reviewSkipped":false}
23:10:32 [log] [perm-autopass] allow permission=bash
23:10:34 [info] [intervention] {"stage":"model.start","at":1790349034528,"requestId":"9df5501a290adcd4","origin":"b5094fe8d78e452f","runId":"c56585274c94fbbf","sessionId":"b5094fe8d78e452f","userId":"b65ef04c86990881","assistantId":"8de9b86f5133c076","ephemeral":false,"hasScope":true,"route":"upstream"}
23:10:34 [info] [intervention] {"stage":"fetch.start","at":1790349034555,"requestId":"9df5501a290adcd4","origin":"b5094fe8d78e452f","runId":"c56585274c94fbbf","sessionId":"b5094fe8d78e452f","userId":"b65ef04c86990881","assistantId":"8de9b86f5133c076","ephemeral":false,"hasScope":true,"protocol":"chat-completions","route":"upstream"}
23:10:38 [info] [intervention] {"stage":"fetch.response","at":1790349038533,"requestId":"9df5501a290adcd4","origin":"b5094fe8d78e452f","runId":"c56585274c94fbbf","sessionId":"b5094fe8d78e452f","userId":"b65ef04c86990881","assistantId":"8de9b86f5133c076","elapsedMs":3978,"status":200,"ephemeral":false,"hasScope":true,"protocol":"chat-completions","route":"upstream"}
23:10:53 [info] [intervention] {"stage":"output","at":1790349053419,"runId":"c56585274c94fbbf","sessionId":"b5094fe8d78e452f","assistantId":"8de9b86f5133c076","textChars":1,"reviewSkipped":false}
23:10:55 [log] [sess-diag] engineFetch GET /experimental/session?roots=true&limit=2000 -> HTTP 200 elapsed=12ms responseBytes=38752 engineUrl= http://127.0.0.1:62648 engineId= (default)
23:10:55 [log] [sess-diag] loadEngineSessions: 原始条数 = 18
23:10:55 [log] [sess-diag] loadEngineSessions: reconcile 后 convos = 18 order = 18
23:10:55 [log] [sess-diag] loadEngineSessions: 耗时(ms) fetch = 14 repoRoots = 1 build+reconcile = 2 set = 1 total = 18
23:10:57 [log] [perm-autopass] allow permission=bash
23:10:59 [info] [intervention] {"stage":"model.start","at":1790349059416,"requestId":"9df5501a290adcd4","origin":"b5094fe8d78e452f","runId":"c56585274c94fbbf","sessionId":"b5094fe8d78e452f","userId":"b65ef04c86990881","assistantId":"e8a4933f9804d11f","ephemeral":false,"hasScope":true,"route":"upstream"}
23:10:59 [info] [intervention] {"stage":"fetch.start","at":1790349059440,"requestId":"9df5501a290adcd4","origin":"b5094fe8d78e452f","runId":"c56585274c94fbbf","sessionId":"b5094fe8d78e452f","userId":"b65ef04c86990881","assistantId":"e8a4933f9804d11f","ephemeral":false,"hasScope":true,"protocol":"chat-completions","route":"upstream"}
23:11:10 [info] [intervention] {"stage":"fetch.response","at":1790349070430,"requestId":"9df5501a290adcd4","origin":"b5094fe8d78e452f","runId":"c56585274c94fbbf","sessionId":"b5094fe8d78e452f","userId":"b65ef04c86990881","assistantId":"e8a4933f9804d11f","elapsedMs":10990,"status":200,"ephemeral":false,"hasScope":true,"protocol":"chat-completions","route":"upstream"}
23:11:11 [log] [perm-autopass] allow permission=bash
23:11:13 [info] [intervention] {"stage":"model.start","at":1790349073783,"requestId":"9df5501a290adcd4","origin":"b5094fe8d78e452f","runId":"c56585274c94fbbf","sessionId":"b5094fe8d78e452f","userId":"b65ef04c86990881","assistantId":"2e4074b8c4b64e4f","ephemeral":false,"hasScope":true,"route":"upstream"}
23:11:13 [info] [intervention] {"stage":"fetch.start","at":1790349073805,"requestId":"9df5501a290adcd4","origin":"b5094fe8d78e452f","runId":"c56585274c94fbbf","sessionId":"b5094fe8d78e452f","userId":"b65ef04c86990881","assistantId":"2e4074b8c4b64e4f","ephemeral":false,"hasScope":true,"protocol":"chat-completions","route":"upstream"}
23:11:18 [info] [intervention] {"stage":"fetch.response","at":1790349078595,"requestId":"9df5501a290adcd4","origin":"b5094fe8d78e452f","runId":"c56585274c94fbbf","sessionId":"b5094fe8d78e452f","userId":"b65ef04c86990881","assistantId":"2e4074b8c4b64e4f","elapsedMs":4790,"status":200,"ephemeral":false,"hasScope":true,"protocol":"chat-completions","route":"upstream"}
23:11:23 [info] [intervention] {"stage":"model.start","at":1790349083661,"requestId":"9df5501a290adcd4","origin":"b5094fe8d78e452f","runId":"c56585274c94fbbf","sessionId":"b5094fe8d78e452f","userId":"b65ef04c86990881","assistantId":"97292ee50425e74d","ephemeral":false,"hasScope":true,"route":"upstream"}
23:11:23 [info] [intervention] {"stage":"fetch.start","at":1790349083681,"requestId":"9df5501a290adcd4","origin":"b5094fe8d78e452f","runId":"c56585274c94fbbf","sessionId":"b5094fe8d78e452f","userId":"b65ef04c86990881","assistantId":"97292ee50425e74d","ephemeral":false,"hasScope":true,"protocol":"chat-completions","route":"upstream"}
23:11:25 [log] [sess-diag] engineFetch GET /experimental/session?roots=true&limit=2000 -> HTTP 200 elapsed=23ms responseBytes=38752 engineUrl= http://127.0.0.1:62648 engineId= (default)
23:11:25 [log] [sess-diag] loadEngineSessions: 原始条数 = 18
23:11:25 [log] [sess-diag] loadEngineSessions: reconcile 后 convos = 18 order = 18
23:11:25 [log] [sess-diag] loadEngineSessions: 耗时(ms) fetch = 26 repoRoots = 2 build+reconcile = 5 set = 1 total = 34
23:11:31 [info] [intervention] {"stage":"fetch.response","at":1790349091100,"requestId":"9df5501a290adcd4","origin":"b5094fe8d78e452f","runId":"c56585274c94fbbf","sessionId":"b5094fe8d78e452f","userId":"b65ef04c86990881","assistantId":"97292ee50425e74d","elapsedMs":7419,"status":200,"ephemeral":false,"hasScope":true,"protocol":"chat-completions","route":"upstream"}
23:11:34 [info] [intervention] {"stage":"output","at":1790349094168,"runId":"c56585274c94fbbf","sessionId":"b5094fe8d78e452f","assistantId":"97292ee50425e74d","textChars":2,"reviewSkipped":false}
23:11:36 [log] [sess-diag] engineFetch GET /experimental/session?roots=true&limit=2000 -> HTTP 200 elapsed=77ms responseBytes=38752 engineUrl= http://127.0.0.1:62648 engineId= (default)
23:11:36 [log] [sess-diag] loadEngineSessions: 原始条数 = 18
23:11:36 [log] [sess-diag] loadEngineSessions: reconcile 后 convos = 18 order = 18
23:11:36 [log] [sess-diag] loadEngineSessions: 耗时(ms) fetch = 80 repoRoots = 1 build+reconcile = 5 set = 1 total = 86
23:11:37 [log] [perm-model-approve] skip permission=bash reason=unusable
23:11:38 [log] [sess-diag] engineFetch GET /experimental/session?roots=true&limit=2000 -> HTTP 200 elapsed=125ms responseBytes=38752 engineUrl= http://127.0.0.1:62648 engineId= (default)
23:11:38 [log] [sess-diag] loadEngineSessions: 原始条数 = 18
23:11:38 [log] [sess-diag] loadEngineSessions: reconcile 后 convos = 18 order = 18
23:11:38 [log] [sess-diag] loadEngineSessions: 耗时(ms) fetch = 215 repoRoots = 4 build+reconcile = 2 set = 1 total = 221
23:11:40 [info] [intervention] {"stage":"model.start","at":1790349100584,"requestId":"9df5501a290adcd4","origin":"b5094fe8d78e452f","runId":"c56585274c94fbbf","sessionId":"b5094fe8d78e452f","userId":"b65ef04c86990881","assistantId":"92f77d39e3a00db9","ephemeral":false,"hasScope":true,"route":"upstream"}
23:11:40 [info] [intervention] {"stage":"fetch.start","at":1790349100604,"requestId":"9df5501a290adcd4","origin":"b5094fe8d78e452f","runId":"c56585274c94fbbf","sessionId":"b5094fe8d78e452f","userId":"b65ef04c86990881","assistantId":"92f77d39e3a00db9","ephemeral":false,"hasScope":true,"protocol":"chat-completions","route":"upstream"}
23:11:48 [info] [intervention] {"stage":"fetch.response","at":1790349108647,"requestId":"9df5501a290adcd4","origin":"b5094fe8d78e452f","runId":"c56585274c94fbbf","sessionId":"b5094fe8d78e452f","userId":"b65ef04c86990881","assistantId":"92f77d39e3a00db9","elapsedMs":8043,"status":200,"ephemeral":false,"hasScope":true,"protocol":"chat-completions","route":"upstream"}
23:11:49 [info] [intervention] {"stage":"output","at":1790349109134,"runId":"c56585274c94fbbf","sessionId":"b5094fe8d78e452f","assistantId":"92f77d39e3a00db9","textChars":3,"reviewSkipped":false}
23:11:51 [info] [content-review] app=mimo_pc_output_text source=conversation why=limit batch=2f668b5a7d89b89f api=/api/audit/check len=382 images=0 sha=c6d7e23675eb session=ses_ffe5f298357dfffeN82Wln2VmT elapsed=192ms verdict=pass reviewId=mimo-mimo_pc_output_text-b85726ec57b342f0b4f940fd311ee80e detail=[serverVerdict=pass resultCode=1 subCode=9 aigc=- hints=0 detailsLen=0 resp=[passed=pass resultCode=1 reviewId=mimo-mimo_pc_output_text-b85726ec57b342f0b4f940fd311ee80e offlineReason= offlineDetails=[0 chars] hint=[0 items] subCode=9 aigc=null]]
23:11:53 [info] [intervention] {"stage":"closed","at":1790349113832,"requestId":"9df5501a290adcd4","origin":"b5094fe8d78e452f","runId":"c56585274c94fbbf","sessionId":"b5094fe8d78e452f","userId":"b65ef04c86990881","elapsedMs":346575,"textChars":44,"reviewId":"mimo-intv-mimo_pc_input_text-5943dbb8cc4e412abf0acf57f79c312f"}
23:11:53 [info] [turn-power-save] released sysId=0 last=run:ses_ffe5f298357dfffeN82Wln2VmT
23:11:53 [info] [content-review] app=mimo_pc_output_text source=conversation why=limit batch=2f668b5a7d89b89f api=/api/audit/check len=342 images=0 sha=cc484d39ebf5 session=ses_ffe5f298357dfffeN82Wln2VmT elapsed=284ms verdict=pass reviewId=mimo-mimo_pc_output_text-081dbb0d51524d76ba379f7d1fef759d detail=[serverVerdict=pass resultCode=1 subCode=9 aigc=- hints=0 detailsLen=0 resp=[passed=pass resultCode=1 reviewId=mimo-mimo_pc_output_text-081dbb0d51524d76ba379f7d1fef759d offlineReason= offlineDetails=[0 chars] hint=[0 items] subCode=9 aigc=null]]
23:11:53 [log] [sess-diag] engineFetch GET /session/ses_ffe5f298357dfffeN82Wln2VmT/task -> HTTP 200 elapsed=71ms responseBytes=2346 engineUrl= http://127.0.0.1:62648 engineId= mimocode
23:11:53 [log] [sess-diag] engineFetch GET /session/ses_ffe5f298357dfffeN82Wln2VmT/recovery -> HTTP 200 elapsed=113ms responseBytes=2 engineUrl= http://127.0.0.1:62648 engineId= mimocode
23:11:54 [log] [sess-diag] engineFetch GET /session/ses_ffe5f298357dfffeN82Wln2VmT -> HTTP 200 elapsed=122ms responseBytes=29556 engineUrl= http://127.0.0.1:62648 engineId= mimocode
23:11:54 [info] [content-review] app=mimo_pc_output_text source=conversation why=flush batch=369817730af3e9a1 api=/api/audit/check len=79 images=0 sha=6534894e33a7 session=ses_ffe5f298357dfffeN82Wln2VmT elapsed=156ms verdict=pass reviewId=mimo-mimo_pc_output_text-c20c70047eab4706bf5c606dc328e4cc detail=[serverVerdict=pass resultCode=1 subCode=9 aigc=- hints=0 detailsLen=0 resp=[passed=pass resultCode=1 reviewId=mimo-mimo_pc_output_text-c20c70047eab4706bf5c606dc328e4cc offlineReason= offlineDetails=[0 chars] hint=[0 items] subCode=9 aigc=null]]
23:11:54 [info] [content-review] app=mimo_pc_output_text source=conversation why=flush batch=0d4254f4ce5e1ad2 api=/api/audit/check len=140 images=0 sha=06699bff3a65 session=ses_ffe5f298357dfffeN82Wln2VmT elapsed=167ms verdict=pass reviewId=mimo-mimo_pc_output_text-0c155209145d41a08d25f761d87bdf05 detail=[serverVerdict=pass resultCode=1 subCode=9 aigc=- hints=0 detailsLen=0 resp=[passed=pass resultCode=1 reviewId=mimo-mimo_pc_output_text-0c155209145d41a08d25f761d87bdf05 offlineReason= offlineDetails=[0 chars] hint=[0 items] subCode=9 aigc=null]]
23:11:54 [info] [content-review] app=mimo_pc_output_text source=conversation why=flush batch=2a3424c039403ae1 api=/api/audit/check len=247 images=0 sha=86a2299c60a1 session=ses_ffe5f298357dfffeN82Wln2VmT elapsed=181ms verdict=pass reviewId=mimo-mimo_pc_output_text-5ed52b2b98b5434f8b61d5fbaa79b655 detail=[serverVerdict=pass resultCode=1 subCode=9 aigc=- hints=0 detailsLen=0 resp=[passed=pass resultCode=1 reviewId=mimo-mimo_pc_output_text-5ed52b2b98b5434f8b61d5fbaa79b655 offlineReason= offlineDetails=[0 chars] hint=[0 items] subCode=9 aigc=null]]
23:11:54 [info] [content-review] app=mimo_pc_output_text source=conversation why=flush batch=dfd3c7ec73c82f78 api=/api/audit/check len=163 images=0 sha=c97593d9936a session=ses_ffe5f298357dfffeN82Wln2VmT elapsed=192ms verdict=pass reviewId=mimo-mimo_pc_output_text-f892ebf1bace4ef4af7f111d99f1992f detail=[serverVerdict=pass resultCode=1 subCode=9 aigc=- hints=0 detailsLen=0 resp=[passed=pass resultCode=1 reviewId=mimo-mimo_pc_output_text-f892ebf1bace4ef4af7f111d99f1992f offlineReason= offlineDetails=[0 chars] hint=[0 items] subCode=9 aigc=null]]
23:11:54 [info] [content-review] app=mimo_pc_output_text source=conversation why=flush batch=6aab250ca0137806 api=/api/audit/check len=27 images=0 sha=840c6d8ed21f session=ses_ffe5f298357dfffeN82Wln2VmT elapsed=177ms verdict=pass reviewId=mimo-mimo_pc_output_text-3f7671a0d5814a2b84f95cf5efe74e95 detail=[serverVerdict=pass resultCode=1 subCode=9 aigc=- hints=0 detailsLen=0 resp=[passed=pass resultCode=1 reviewId=mimo-mimo_pc_output_text-3f7671a0d5814a2b84f95cf5efe74e95 offlineReason= offlineDetails=[0 chars] hint=[0 items] subCode=9 aigc=null]]
23:11:54 [info] [content-review] app=mimo_pc_output_text source=conversation why=flush batch=bf3fc4ea1326cc92 api=/api/audit/check len=7 images=0 sha=ed7702bd990e session=ses_ffe5f298357dfffeN82Wln2VmT elapsed=178ms verdict=pass reviewId=mimo-mimo_pc_output_text-0f7ca95a906b4be989e044dd647abb5c detail=[serverVerdict=pass resultCode=1 subCode=9 aigc=- hints=0 detailsLen=0 resp=[passed=pass resultCode=1 reviewId=mimo-mimo_pc_output_text-0f7ca95a906b4be989e044dd647abb5c offlineReason= offlineDetails=[0 chars] hint=[0 items] subCode=9 aigc=null]]
23:11:55 [log] [sess-diag] engineFetch GET /experimental/session?roots=true&limit=2000 -> HTTP 200 elapsed=18ms responseBytes=38752 engineUrl= http://127.0.0.1:62648 engineId= (default)
23:11:55 [log] [sess-diag] loadEngineSessions: 原始条数 = 18
23:11:55 [log] [sess-diag] loadEngineSessions: reconcile 后 convos = 18 order = 18
23:11:55 [log] [sess-diag] loadEngineSessions: 耗时(ms) fetch = 22 repoRoots = 2 build+reconcile = 4 set = 1 total = 28
23:11:55 [info] [content-review] app=mimo_pc_output_text source=conversation why=flush batch=2f668b5a7d89b89f api=/api/audit/check len=60 images=0 sha=d4969e657390 session=ses_ffe5f298357dfffeN82Wln2VmT elapsed=454ms verdict=pass reviewId=mimo-mimo_pc_output_text-c1592b6eb7cf4067a222249ae63f12a1 detail=[serverVerdict=pass resultCode=1 subCode=9 aigc=- hints=0 detailsLen=0 resp=[passed=pass resultCode=1 reviewId=mimo-mimo_pc_output_text-c1592b6eb7cf4067a222249ae63f12a1 offlineReason= offlineDetails=[0 chars] hint=[0 items] subCode=9 aigc=null]]
23:12:25 [log] [sess-diag] engineFetch GET /experimental/session?roots=true&limit=2000 -> HTTP 200 elapsed=48ms responseBytes=38752 engineUrl= http://127.0.0.1:62648 engineId= (default)
23:12:25 [log] [sess-diag] loadEngineSessions: 原始条数 = 18
23:12:25 [log] [sess-diag] loadEngineSessions: reconcile 后 convos = 18 order = 18
23:12:25 [log] [sess-diag] loadEngineSessions: 耗时(ms) fetch = 55 repoRoots = 3 build+reconcile = 5 set = 1 total = 63
23:14:47 [info] [experiment] key=feature_gates id=101197 type=string value={\n    "domestic": { "show_mcp_entry": false, "show_custom_model_button": true, "loop_streak_recovery": true, "show_evolve_entry": true,"show_computeruse": false, "show_browseruse": false, "show_pay": … elapsed=3ms
23:14:47 [info] [feature-gates] refresh: ok (elapsed=68ms)
23:14:57 [info] [config] loading from: https://cdn-exp-sg-recommend.pt.xiaomi.com/service/getClientBitMapExpConf/mimoDesktop(%E6%96%B0%E5%8A%A0%E5%9D%A1)
23:14:58 [info] [config] loaded tree for mimoDesktop(新加坡): children=2, upRuleIds=0
23:14:58 [info] [config] remote config loaded: 1 apps
23:14:58 [info] [config] loaded successfully: 1 apps
23:16:08 [log] [sess-diag] engineFetch GET /experimental/session?roots=true&limit=2000 -> HTTP 200 elapsed=79ms responseBytes=38752 engineUrl= http://127.0.0.1:62648 engineId= (default)
23:16:08 [log] [sess-diag] loadEngineSessions: 原始条数 = 18
23:16:08 [log] [sess-diag] loadEngineSessions: reconcile 后 convos = 18 order = 18
23:16:08 [log] [sess-diag] loadEngineSessions: 耗时(ms) fetch = 191 repoRoots = 50 build+reconcile = 2 set = 1 total = 243
23:16:48 [log] [sess-diag] engineFetch GET /experimental/session?roots=true&limit=2000 -> HTTP 200 elapsed=63ms responseBytes=38752 engineUrl= http://127.0.0.1:62648 engineId= (default)
23:16:48 [log] [sess-diag] loadEngineSessions: 原始条数 = 18
23:16:48 [log] [sess-diag] loadEngineSessions: reconcile 后 convos = 18 order = 18
23:16:48 [log] [sess-diag] loadEngineSessions: 耗时(ms) fetch = 66 repoRoots = 1 build+reconcile = 2 set = 1 total = 70
23:16:55 [log] [sess-diag] engineFetch GET /experimental/session?roots=true&limit=2000 -> HTTP 200 elapsed=13ms responseBytes=38752 engineUrl= http://127.0.0.1:62648 engineId= (default)
23:16:55 [log] [sess-diag] loadEngineSessions: 原始条数 = 18
23:16:55 [log] [sess-diag] loadEngineSessions: reconcile 后 convos = 18 order = 18
23:16:55 [log] [sess-diag] loadEngineSessions: 耗时(ms) fetch = 16 repoRoots = 2 build+reconcile = 3 set = 1 total = 22
23:17:25 [log] [sess-diag] engineFetch GET /experimental/session?roots=true&limit=2000 -> HTTP 200 elapsed=22ms responseBytes=38752 engineUrl= http://127.0.0.1:62648 engineId= (default)
23:17:25 [log] [sess-diag] loadEngineSessions: 原始条数 = 18
23:17:25 [log] [sess-diag] loadEngineSessions: reconcile 后 convos = 18 order = 18
23:17:25 [log] [sess-diag] loadEngineSessions: 耗时(ms) fetch = 26 repoRoots = 3 build+reconcile = 4 set = 1 total = 34
23:18:12 [log] [sess-diag] engineFetch GET /experimental/session?roots=true&limit=2000 -> HTTP 200 elapsed=32ms responseBytes=38752 engineUrl= http://127.0.0.1:62648 engineId= (default)
23:18:12 [log] [sess-diag] loadEngineSessions: 原始条数 = 18
23:18:12 [log] [sess-diag] loadEngineSessions: reconcile 后 convos = 18 order = 18
23:18:12 [log] [sess-diag] loadEngineSessions: 耗时(ms) fetch = 35 repoRoots = 1 build+reconcile = 2 set = 1 total = 39
23:18:17 [info] [exit-app] quit via tray menu
23:18:17 [info] [exit-app] before-quit
23:18:17 [info] [window] window closed
23:18:17 [info] [exit-app] window-all-closed platform=win32 appQuitting=true willQuit=false
23:22:40 [info] [boot] MiMo Desktop version=26.923.232338 platform=win32 arch=arm64 os=Windows_NT/10.0.26200 sysver=10.0.26200 mem=7.7GB(free 2.8GB) edition=domestic packaged=true theme=system e2e=false authBypass=false logs=C:\Users\xiaomi\AppData\Roaming\Xiaomi MiMo\logs
23:22:40 [info] [terminal-env] snapshot source: win-registry
23:22:40 [info] [runtimes] injected env: MIMO_NODE,MIMO_PYTHON,MIMO_QPDF,MIMO_GITHUB_MCP_SERVER,MIMO_NODE_MODULES,MIMO_RIPGREP_PATH,MIMO_ELECTRON_NODE_HOST,PYTHONDONTWRITEBYTECODE
23:22:40 [log] [api-base] cached-region reader injected after settle -> ignored
23:22:40 [log] [api-base] system-country reader injected after settle -> ignored
23:22:40 [info] [user-auth] init ok requiresCnAccount=true cachedRegion=CN localeCountry=CN
23:22:40 [warn] [libreoffice-runtime] setup not-configured key=win32-arm64 (manifest 缺项或未发布;静默降级)
23:22:40 [info] [on-demand-assets] setup ready descriptors=soundfont(1f),query-classifier(4f) not-configured=none
23:22:40 [info] [engine] reloadConfigOnNextSession (plugin change)
23:22:40 [error] [plugins] registry corrupt/unreadable at startup seed; closing automation HostMcp gate
23:22:40 [info] [engine] reloadConfigOnNextSession (plugin change)
23:22:40 [info] [plugins] setup ok count=0
23:22:40 [info] [apm] region=CN source=cache
23:22:40 [log] [evolve-observatory] evolve observatory server listening on 127.0.0.1:57683
23:22:40 [log] [mimo][api] listening on 127.0.0.1:57684
23:22:40 [info] [boot] app ready in 5878.7958984375ms
23:22:40 [error] [plugins] registry corrupt/unreadable at readiness settle; keeping automation HostMcp gate closed
23:22:40 [info] [engine] reloadConfigOnNextSession (plugin change)
23:22:40 [info] [presentation-host] started socket=C:\Users\xiaomi\AppData\Roaming\Xiaomi MiMo\presentation-host\4e8e63cf1c7d.sock
23:22:41 [info] [application] activated (main window created)
23:22:41 [info] [tray] enabled=true
23:22:41 [info] [updater] setup begin
23:22:41 [info] [updater] setup platform=win32 packaged=true version=26.923.232338 e2e=false
23:22:41 [info] [updater/win] transaction reconcile kind=none
23:22:41 [info] [updater/win] auto-updater path feed=https://mimocode-cdn.xiaomimimo.com/mimocode/mimodesktop/manifest.json
23:22:41 [info] [engine] prewarm startEngine
23:22:41 [info] [plugins] automation background startup settled {"elapsedMs":917}
23:22:43 [info] [db] prewarm ok in 2441ms
23:22:43 [info] [artifacts] reconciliation starting
23:22:43 [log] [xiaomi-auth] probeStatus start (hidden-window path)
23:22:46 [log] [DeviceId] generated:
23:22:46 [info] [engine] HostMcp runtime available=true
23:22:46 [info] [engine] reloadConfigOnNextSession (plugin change)
23:22:46 [warn] [query-classification] warmup-unavailable {"code":"inference-failed"}
23:22:48 [log] [mimo] engine in-process server ready http://127.0.0.1:52446
23:22:48 [info] [engine] prewarm ok
23:22:48 [info] [mimo] loop_streak_recovery=on · experimental crop enabled for next requests
23:22:49 [info] [libreoffice-runtime] prefetch skipped (not-configured)
23:22:49 [info] [on-demand-assets] prefetch start queue=[soundfont,query-classifier]
23:22:49 [info] [on-demand-assets] soundfont cache-hit (1 files);skip download
23:22:49 [info] [on-demand-assets] query-classifier cache-hit (4 files);skip download
23:22:49 [info] Checking for update
23:22:49 [log] [model-catalog] xiaomi login not confirmed -> skip fetch, keep cache
23:22:50 [log] [xiaomi-auth] probeStatus done kind=authenticated userId=602054437
23:22:50 [info] [experiment] initializing app=mimoDesktop(新加坡) env=ksmoscloudsrv service=<sdk-default>
23:22:50 [info] [config] loading from: https://cdn-exp-sg-recommend.pt.xiaomi.com/service/getClientBitMapExpConf/mimoDesktop(%E6%96%B0%E5%8A%A0%E5%9D%A1)
23:22:50 [info] [user-auth] initialize done xiaomi-logged-in=true
23:22:51 [info] [config] loaded tree for mimoDesktop(新加坡): children=2, upRuleIds=0
23:22:51 [info] [config] remote config loaded: 1 apps
23:22:51 [info] [config] loaded successfully: 1 apps
23:22:51 [info] [experiment] key=feature_gates id=101197 type=string value={\n    "domestic": { "show_mcp_entry": false, "show_custom_model_button": true, "loop_streak_recovery": true, "show_evolve_entry": true,"show_computeruse": false, "show_browseruse": false, "show_pay": … elapsed=943ms
23:22:51 [info] [feature-gates] refresh: ok (elapsed=965ms)
23:22:51 [info] Update for version 26.923.232338 is not available (latest version: 26.923.232338, downgrade is disallowed).
23:22:51 [error] (node:10460) [DEP0180] DeprecationWarning: fs.Stats constructor is deprecated.\n(Use `Xiaomi MiMo --trace-deprecation ...` to show where the warning was created)
23:22:52 [log] [sess-diag] engineFetch GET /experimental/session?roots=true&limit=2000 -> HTTP 200 elapsed=3135ms responseBytes=38752 engineUrl= http://127.0.0.1:52446 engineId= (default)
23:22:52 [log] [sess-diag] loadEngineSessions: 原始条数 = 18
23:22:52 [log] [sess-diag] loadEngineSessions: reconcile 后 convos = 18 order = 18
23:22:52 [log] [sess-diag] loadEngineSessions: 耗时(ms) fetch = 3171 repoRoots = 68 build+reconcile = 7 set = 2 total = 3248
23:22:52 [info] [artifacts] reconciliation started
23:22:56 [log] [app] child-process-gone Utility Network Service crashed
23:22:59 [info] [boot] MiMo Desktop version=26.923.232338 platform=win32 arch=x64 os=Windows_NT/10.0.26200 sysver=10.0.26200 mem=7.7GB(free 2.7GB) edition=domestic packaged=true theme=system e2e=false authBypass=false logs=C:\Users\xiaomi\AppData\Roaming\Xiaomi MiMo\logs
23:22:59 [info] [terminal-env] snapshot source: win-registry
23:22:59 [info] [runtimes] injected env: MIMO_NODE,MIMO_NPM,MIMO_PYTHON,MIMO_QPDF,MIMO_GITHUB_MCP_SERVER,MIMO_NODE_MODULES,MIMO_RIPGREP_PATH,MIMO_ELECTRON_NODE_HOST,PYTHONDONTWRITEBYTECODE
23:22:59 [log] [api-base] cached-region reader injected after settle -> ignored
23:22:59 [log] [api-base] system-country reader injected after settle -> ignored
23:22:59 [info] [user-auth] init ok requiresCnAccount=true cachedRegion=CN localeCountry=CN
23:22:59 [info] [libreoffice-runtime] setup ready key=win32-x64 version=25.8.7 archive=160665171 bytes
23:22:59 [info] [on-demand-assets] setup ready descriptors=soundfont(1f),query-classifier(4f) not-configured=none
23:23:00 [info] [engine] reloadConfigOnNextSession (plugin change)
23:23:00 [error] [plugins] registry corrupt/unreadable at startup seed; closing automation HostMcp gate
23:23:00 [info] [engine] reloadConfigOnNextSession (plugin change)
23:23:00 [info] [plugins] setup ok count=0
23:23:00 [info] [apm] region=CN source=cache
23:23:00 [log] [evolve-observatory] evolve observatory server listening on 127.0.0.1:59936
23:23:00 [log] [mimo][api] listening on 127.0.0.1:59937
23:23:00 [info] [boot] app ready in 2585.839111328125ms
23:23:00 [error] [plugins] registry corrupt/unreadable at readiness settle; keeping automation HostMcp gate closed
23:23:00 [info] [engine] reloadConfigOnNextSession (plugin change)
23:23:00 [info] [presentation-host] started socket=C:\Users\xiaomi\AppData\Roaming\Xiaomi MiMo\presentation-host\cdb6a87f0c89.sock
23:23:01 [info] [application] activated (main window created)
23:23:01 [info] [tray] enabled=true
23:23:01 [info] [updater] setup begin
23:23:01 [info] [updater] setup platform=win32 packaged=true version=26.923.232338 e2e=false
23:23:01 [info] [updater/win] transaction reconcile kind=none
23:23:01 [info] [updater/win] auto-updater path feed=https://mimocode-cdn.xiaomimimo.com/mimocode/mimodesktop/manifest.json
23:23:01 [info] [engine] prewarm startEngine
23:23:01 [info] [plugins] automation background startup settled {"elapsedMs":1556}
23:23:05 [info] [db] prewarm ok in 4285ms
23:23:05 [info] [artifacts] reconciliation starting
23:23:05 [log] [xiaomi-auth] probeStatus start (hidden-window path)
23:23:06 [info] [engine] HostMcp runtime available=true
23:23:12 [info] [boot] MiMo Desktop version=26.923.232338 platform=win32 arch=x64 os=Windows_NT/10.0.26200 sysver=10.0.26200 mem=7.7GB(free 2.6GB) edition=domestic packaged=true theme=system e2e=false authBypass=false logs=C:\Users\xiaomi\AppData\Roaming\Xiaomi MiMo\logs
23:23:13 [info] [terminal-env] snapshot source: win-registry
23:23:13 [info] [runtimes] injected env: MIMO_NODE,MIMO_NPM,MIMO_PYTHON,MIMO_QPDF,MIMO_GITHUB_MCP_SERVER,MIMO_NODE_MODULES,MIMO_RIPGREP_PATH,MIMO_ELECTRON_NODE_HOST,PYTHONDONTWRITEBYTECODE
23:23:13 [log] [api-base] cached-region reader injected after settle -> ignored
23:23:13 [log] [api-base] system-country reader injected after settle -> ignored
23:23:13 [info] [user-auth] init ok requiresCnAccount=true cachedRegion=CN localeCountry=CN
23:23:13 [info] [libreoffice-runtime] setup ready key=win32-x64 version=25.8.7 archive=160665171 bytes
23:23:13 [info] [on-demand-assets] setup ready descriptors=soundfont(1f),query-classifier(4f) not-configured=none
23:23:13 [info] [engine] reloadConfigOnNextSession (plugin change)
23:23:13 [error] [plugins] registry corrupt/unreadable at startup seed; closing automation HostMcp gate
23:23:13 [info] [engine] reloadConfigOnNextSession (plugin change)
23:23:13 [info] [plugins] setup ok count=0
23:23:13 [info] [apm] region=CN source=cache
23:23:13 [log] [evolve-observatory] evolve observatory server listening on 127.0.0.1:59938
23:23:13 [log] [mimo][api] listening on 127.0.0.1:59939
23:23:13 [info] [boot] app ready in 2172.575927734375ms
23:23:13 [error] [plugins] registry corrupt/unreadable at readiness settle; keeping automation HostMcp gate closed
23:23:13 [info] [engine] reloadConfigOnNextSession (plugin change)
23:23:13 [info] [presentation-host] started socket=C:\Users\xiaomi\AppData\Roaming\Xiaomi MiMo\presentation-host\8528de28ac4a.sock
23:23:13 [info] [application] activated (main window created)
23:23:13 [info] [tray] enabled=true
23:23:13 [info] [updater] setup begin
23:23:13 [info] [updater] setup platform=win32 packaged=true version=26.923.232338 e2e=false
23:23:13 [info] [updater/win] transaction reconcile kind=none
23:23:13 [info] [updater/win] auto-updater path feed=https://mimocode-cdn.xiaomimimo.com/mimocode/mimodesktop/manifest.json
23:23:13 [info] [engine] prewarm startEngine
23:23:14 [info] [plugins] automation background startup settled {"elapsedMs":1217}
23:23:17 [info] [db] prewarm ok in 3991ms
23:23:17 [info] [artifacts] reconciliation starting
23:23:17 [log] [xiaomi-auth] probeStatus start (hidden-window path)
23:23:18 [info] [engine] HostMcp runtime available=true
23:23:18 [info] [engine] reloadConfigOnNextSession (plugin change)
23:23:24 [info] [boot] MiMo Desktop version=26.923.232338 platform=win32 arch=arm64 os=Windows_NT/10.0.26200 sysver=10.0.26200 mem=7.7GB(free 2.7GB) edition=domestic packaged=true theme=system e2e=false authBypass=false logs=C:\Users\xiaomi\AppData\Roaming\Xiaomi MiMo\logs
23:23:24 [info] [terminal-env] snapshot source: win-registry
23:23:24 [info] [runtimes] injected env: MIMO_NODE,MIMO_PYTHON,MIMO_QPDF,MIMO_GITHUB_MCP_SERVER,MIMO_NODE_MODULES,MIMO_RIPGREP_PATH,MIMO_ELECTRON_NODE_HOST,PYTHONDONTWRITEBYTECODE
23:23:24 [log] [api-base] cached-region reader injected after settle -> ignored
23:23:24 [log] [api-base] system-country reader injected after settle -> ignored
23:23:24 [info] [user-auth] init ok requiresCnAccount=true cachedRegion=CN localeCountry=CN
23:23:24 [warn] [libreoffice-runtime] setup not-configured key=win32-arm64 (manifest 缺项或未发布;静默降级)
23:23:24 [info] [on-demand-assets] setup ready descriptors=soundfont(1f),query-classifier(4f) not-configured=none
23:23:24 [info] [engine] reloadConfigOnNextSession (plugin change)
23:23:24 [error] [plugins] registry corrupt/unreadable at startup seed; closing automation HostMcp gate
23:23:24 [info] [engine] reloadConfigOnNextSession (plugin change)
23:23:24 [info] [plugins] setup ok count=0
23:23:24 [info] [apm] region=CN source=cache
23:23:24 [log] [evolve-observatory] evolve observatory server listening on 127.0.0.1:59940
23:23:24 [log] [mimo][api] listening on 127.0.0.1:59941
23:23:24 [info] [boot] app ready in 888.537109375ms
23:23:24 [error] [plugins] registry corrupt/unreadable at readiness settle; keeping automation HostMcp gate closed
23:23:24 [info] [engine] reloadConfigOnNextSession (plugin change)
23:23:24 [info] [presentation-host] started socket=C:\Users\xiaomi\AppData\Roaming\Xiaomi MiMo\presentation-host\f5b246f1429e.sock
23:23:24 [info] [application] activated (main window created)
23:23:24 [info] [tray] enabled=true
23:23:24 [info] [updater] setup begin
23:23:24 [info] [updater] setup platform=win32 packaged=true version=26.923.232338 e2e=false
23:23:24 [info] [updater/win] transaction reconcile kind=none
23:23:24 [info] [updater/win] auto-updater path feed=https://mimocode-cdn.xiaomimimo.com/mimocode/mimodesktop/manifest.json
23:23:24 [info] [engine] prewarm startEngine
23:23:25 [info] [plugins] automation background startup settled {"elapsedMs":694}
23:23:26 [info] [db] prewarm ok in 1816ms
23:23:26 [info] [artifacts] reconciliation starting
23:23:26 [log] [xiaomi-auth] probeStatus start (hidden-window path)
23:23:28 [log] [DeviceId] generated:
23:23:29 [info] [engine] HostMcp runtime available=true
23:23:29 [info] [engine] reloadConfigOnNextSession (plugin change)
23:23:29 [warn] [query-classification] warmup-unavailable {"code":"inference-failed"}
23:23:31 [log] [mimo] engine in-process server ready http://127.0.0.1:59355
23:23:31 [info] [engine] prewarm ok
23:23:31 [info] [mimo] loop_streak_recovery=on · experimental crop enabled for next requests
23:23:31 [info] [libreoffice-runtime] prefetch skipped (not-configured)
23:23:31 [info] [on-demand-assets] prefetch start queue=[soundfont,query-classifier]
23:23:31 [info] [on-demand-assets] soundfont cache-hit (1 files);skip download
23:23:31 [info] [on-demand-assets] query-classifier cache-hit (4 files);skip download
23:23:31 [log] [model-catalog] xiaomi login not confirmed -> skip fetch, keep cache
23:23:31 [info] Checking for update
23:23:31 [info] [artifacts] reconciliation started
23:23:32 [log] [xiaomi-auth] probeStatus done kind=authenticated userId=602054437
23:23:33 [info] [experiment] initializing app=mimoDesktop(新加坡) env=ksmoscloudsrv service=<sdk-default>
23:23:33 [info] [config] loading from: https://cdn-exp-sg-recommend.pt.xiaomi.com/service/getClientBitMapExpConf/mimoDesktop(%E6%96%B0%E5%8A%A0%E5%9D%A1)
23:23:33 [info] [user-auth] initialize done xiaomi-logged-in=true
23:23:34 [info] Update for version 26.923.232338 is not available (latest version: 26.923.232338, downgrade is disallowed).
23:23:34 [info] [config] loaded tree for mimoDesktop(新加坡): children=2, upRuleIds=0
23:23:34 [info] [config] remote config loaded: 1 apps
23:23:34 [info] [config] loaded successfully: 1 apps
23:23:34 [info] [experiment] key=feature_gates id=101197 type=string value={\n    "domestic": { "show_mcp_entry": false, "show_custom_model_button": true, "loop_streak_recovery": true, "show_evolve_entry": true,"show_computeruse": false, "show_browseruse": false, "show_pay": … elapsed=905ms
23:23:34 [info] [feature-gates] refresh: ok (elapsed=915ms)
23:23:34 [error] (node:8644) [DEP0180] DeprecationWarning: fs.Stats constructor is deprecated.\n(Use `Xiaomi MiMo --trace-deprecation ...` to show where the warning was created)
23:23:34 [log] [sess-diag] engineFetch GET /experimental/session?roots=true&limit=2000 -> HTTP 200 elapsed=2573ms responseBytes=38752 engineUrl= http://127.0.0.1:59355 engineId= (default)
23:23:34 [log] [sess-diag] loadEngineSessions: 原始条数 = 18
23:23:34 [log] [sess-diag] loadEngineSessions: reconcile 后 convos = 18 order = 18
23:23:34 [log] [sess-diag] loadEngineSessions: 耗时(ms) fetch = 2596 repoRoots = 14 build+reconcile = 6 set = 1 total = 2618
23:23:39 [info] [boot] MiMo Desktop version=26.923.232338 platform=win32 arch=arm64 os=Windows_NT/10.0.26200 sysver=10.0.26200 mem=7.7GB(free 2.8GB) edition=domestic packaged=true theme=system e2e=false authBypass=false logs=C:\Users\xiaomi\AppData\Roaming\Xiaomi MiMo\logs
23:23:39 [info] [terminal-env] snapshot source: win-registry
23:23:39 [info] [runtimes] injected env: MIMO_NODE,MIMO_PYTHON,MIMO_QPDF,MIMO_GITHUB_MCP_SERVER,MIMO_NODE_MODULES,MIMO_RIPGREP_PATH,MIMO_ELECTRON_NODE_HOST,PYTHONDONTWRITEBYTECODE
23:23:39 [log] [api-base] cached-region reader injected after settle -> ignored
23:23:39 [log] [api-base] system-country reader injected after settle -> ignored
23:23:39 [info] [user-auth] init ok requiresCnAccount=true cachedRegion=CN localeCountry=CN
23:23:39 [warn] [libreoffice-runtime] setup not-configured key=win32-arm64 (manifest 缺项或未发布;静默降级)
23:23:39 [info] [on-demand-assets] setup ready descriptors=soundfont(1f),query-classifier(4f) not-configured=none
23:23:39 [info] [engine] reloadConfigOnNextSession (plugin change)
23:23:39 [error] [plugins] registry corrupt/unreadable at startup seed; closing automation HostMcp gate
23:23:39 [info] [engine] reloadConfigOnNextSession (plugin change)
23:23:39 [info] [plugins] setup ok count=0
23:23:39 [info] [apm] region=CN source=cache
23:23:39 [log] [evolve-observatory] evolve observatory server listening on 127.0.0.1:55598
23:23:39 [log] [mimo][api] listening on 127.0.0.1:55599
23:23:39 [info] [boot] app ready in 883.552001953125ms
23:23:39 [error] [plugins] registry corrupt/unreadable at readiness settle; keeping automation HostMcp gate closed
23:23:39 [info] [engine] reloadConfigOnNextSession (plugin change)
23:23:39 [info] [presentation-host] started socket=C:\Users\xiaomi\AppData\Roaming\Xiaomi MiMo\presentation-host\5193336a78db.sock
23:23:39 [info] [application] activated (main window created)
23:23:39 [info] [tray] enabled=true
23:23:39 [info] [updater] setup begin
23:23:39 [info] [updater] setup platform=win32 packaged=true version=26.923.232338 e2e=false
23:23:39 [info] [updater/win] transaction reconcile kind=none
23:23:39 [info] [updater/win] auto-updater path feed=https://mimocode-cdn.xiaomimimo.com/mimocode/mimodesktop/manifest.json
23:23:39 [info] [engine] prewarm startEngine
23:23:40 [info] [plugins] automation background startup settled {"elapsedMs":706}
23:23:41 [info] [db] prewarm ok in 1878ms
23:23:41 [info] [artifacts] reconciliation starting
23:23:41 [log] [xiaomi-auth] probeStatus start (hidden-window path)
23:23:43 [log] [DeviceId] generated:
23:23:43 [info] [engine] HostMcp runtime available=true
23:23:43 [info] [engine] reloadConfigOnNextSession (plugin change)
23:23:44 [warn] [query-classification] warmup-unavailable {"code":"inference-failed"}
23:23:46 [log] [mimo] engine in-process server ready http://127.0.0.1:59383
23:23:46 [info] [engine] prewarm ok
23:23:46 [info] [mimo] loop_streak_recovery=on · experimental crop enabled for next requests
23:23:46 [info] [libreoffice-runtime] prefetch skipped (not-configured)
23:23:46 [info] [on-demand-assets] prefetch start queue=[soundfont,query-classifier]
23:23:46 [info] [on-demand-assets] soundfont cache-hit (1 files);skip download
23:23:46 [info] [on-demand-assets] query-classifier cache-hit (4 files);skip download
23:23:46 [log] [model-catalog] xiaomi login not confirmed -> skip fetch, keep cache
23:23:46 [info] [artifacts] reconciliation started
23:23:46 [log] [xiaomi-auth] probeStatus done kind=authenticated userId=602054437
23:23:47 [info] [experiment] initializing app=mimoDesktop(新加坡) env=ksmoscloudsrv service=<sdk-default>
23:23:47 [info] [config] loading from: https://cdn-exp-sg-recommend.pt.xiaomi.com/service/getClientBitMapExpConf/mimoDesktop(%E6%96%B0%E5%8A%A0%E5%9D%A1)
23:23:47 [info] [user-auth] initialize done xiaomi-logged-in=true
23:23:47 [info] Checking for update
23:23:48 [info] [config] loaded tree for mimoDesktop(新加坡): children=2, upRuleIds=0
23:23:48 [info] [config] remote config loaded: 1 apps
23:23:48 [info] [config] loaded successfully: 1 apps
23:23:48 [info] [experiment] key=feature_gates id=101197 type=string value={\n    "domestic": { "show_mcp_entry": false, "show_custom_model_button": true, "loop_streak_recovery": true, "show_evolve_entry": true,"show_computeruse": false, "show_browseruse": false, "show_pay": … elapsed=956ms
23:23:48 [info] [feature-gates] refresh: ok (elapsed=974ms)
23:23:48 [error] (node:5128) [DEP0180] DeprecationWarning: fs.Stats constructor is deprecated.\n(Use `Xiaomi MiMo --trace-deprecation ...` to show where the warning was created)
23:23:48 [info] Update for version 26.923.232338 is not available (latest version: 26.923.232338, downgrade is disallowed).
23:23:48 [log] [sess-diag] engineFetch GET /experimental/session?roots=true&limit=2000 -> HTTP 200 elapsed=2622ms responseBytes=38752 engineUrl= http://127.0.0.1:59383 engineId= (default)
23:23:48 [log] [sess-diag] loadEngineSessions: 原始条数 = 18
23:23:48 [log] [sess-diag] loadEngineSessions: reconcile 后 convos = 18 order = 18
23:23:48 [log] [sess-diag] loadEngineSessions: 耗时(ms) fetch = 2651 repoRoots = 15 build+reconcile = 6 set = 1 total = 2673
23:23:55 [info] [boot] MiMo Desktop version=26.923.232338 platform=win32 arch=x64 os=Windows_NT/10.0.26200 sysver=10.0.26200 mem=7.7GB(free 2.7GB) edition=domestic packaged=true theme=system e2e=false authBypass=false logs=C:\Users\xiaomi\AppData\Roaming\Xiaomi MiMo\logs
23:23:55 [info] [terminal-env] snapshot source: win-registry
23:23:55 [info] [runtimes] injected env: MIMO_NODE,MIMO_NPM,MIMO_PYTHON,MIMO_QPDF,MIMO_GITHUB_MCP_SERVER,MIMO_NODE_MODULES,MIMO_RIPGREP_PATH,MIMO_ELECTRON_NODE_HOST,PYTHONDONTWRITEBYTECODE
23:23:55 [log] [api-base] cached-region reader injected after settle -> ignored
23:23:55 [log] [api-base] system-country reader injected after settle -> ignored
23:23:55 [info] [user-auth] init ok requiresCnAccount=true cachedRegion=CN localeCountry=CN
23:23:55 [info] [libreoffice-runtime] setup ready key=win32-x64 version=25.8.7 archive=160665171 bytes
23:23:55 [info] [on-demand-assets] setup ready descriptors=soundfont(1f),query-classifier(4f) not-configured=none
23:23:55 [info] [engine] reloadConfigOnNextSession (plugin change)
23:23:55 [error] [plugins] registry corrupt/unreadable at startup seed; closing automation HostMcp gate
23:23:55 [info] [engine] reloadConfigOnNextSession (plugin change)
23:23:55 [info] [plugins] setup ok count=0
23:23:55 [info] [apm] region=CN source=cache
23:23:56 [log] [evolve-observatory] evolve observatory server listening on 127.0.0.1:61117
23:23:56 [log] [mimo][api] listening on 127.0.0.1:61118
23:23:56 [info] [boot] app ready in 2039.85693359375ms
23:23:56 [error] [plugins] registry corrupt/unreadable at readiness settle; keeping automation HostMcp gate closed
23:23:56 [info] [engine] reloadConfigOnNextSession (plugin change)
23:23:56 [info] [presentation-host] started socket=C:\Users\xiaomi\AppData\Roaming\Xiaomi MiMo\presentation-host\69c0dc33e1ee.sock
23:23:56 [info] [application] activated (main window created)
23:23:56 [info] [tray] enabled=true
23:23:56 [info] [updater] setup begin
23:23:56 [info] [updater] setup platform=win32 packaged=true version=26.923.232338 e2e=false
23:23:56 [info] [updater/win] transaction reconcile kind=none
23:23:56 [info] [updater/win] auto-updater path feed=https://mimocode-cdn.xiaomimimo.com/mimocode/mimodesktop/manifest.json
23:23:56 [info] [engine] prewarm startEngine
23:23:57 [info] [plugins] automation background startup settled {"elapsedMs":1184}
23:24:00 [info] [db] prewarm ok in 3798ms
23:24:00 [info] [artifacts] reconciliation starting
23:24:00 [log] [xiaomi-auth] probeStatus start (hidden-window path)
23:24:35 [info] [boot] MiMo Desktop version=26.923.232338 platform=win32 arch=arm64 os=Windows_NT/10.0.26200 sysver=10.0.26200 mem=7.7GB(free 2.8GB) edition=domestic packaged=true theme=system e2e=false authBypass=false logs=C:\Users\xiaomi\AppData\Roaming\Xiaomi MiMo\logs
23:24:35 [info] [terminal-env] snapshot source: win-registry
23:24:35 [info] [runtimes] injected env: MIMO_NODE,MIMO_PYTHON,MIMO_QPDF,MIMO_GITHUB_MCP_SERVER,MIMO_NODE_MODULES,MIMO_RIPGREP_PATH,MIMO_ELECTRON_NODE_HOST,PYTHONDONTWRITEBYTECODE
23:24:35 [log] [api-base] cached-region reader injected after settle -> ignored
23:24:35 [log] [api-base] system-country reader injected after settle -> ignored
23:24:35 [info] [user-auth] init ok requiresCnAccount=true cachedRegion=CN localeCountry=CN
23:24:35 [warn] [libreoffice-runtime] setup not-configured key=win32-arm64 (manifest 缺项或未发布;静默降级)
23:24:35 [info] [on-demand-assets] setup ready descriptors=soundfont(1f),query-classifier(4f) not-configured=none
23:24:35 [info] [engine] reloadConfigOnNextSession (plugin change)
23:24:35 [error] [plugins] registry corrupt/unreadable at startup seed; closing automation HostMcp gate
23:24:35 [info] [engine] reloadConfigOnNextSession (plugin change)
23:24:35 [info] [plugins] setup ok count=0
23:24:35 [info] [apm] region=CN source=cache
23:24:35 [log] [evolve-observatory] evolve observatory server listening on 127.0.0.1:58068
23:24:35 [log] [mimo][api] listening on 127.0.0.1:58069
23:24:35 [info] [boot] app ready in 853.37109375ms
23:24:35 [error] [plugins] registry corrupt/unreadable at readiness settle; keeping automation HostMcp gate closed
23:24:35 [info] [engine] reloadConfigOnNextSession (plugin change)
23:24:35 [info] [presentation-host] started socket=C:\Users\xiaomi\AppData\Roaming\Xiaomi MiMo\presentation-host\b76817704c5c.sock
23:24:36 [info] [application] activated (main window created)
23:24:36 [info] [tray] enabled=true
23:24:36 [info] [updater] setup begin
23:24:36 [info] [updater] setup platform=win32 packaged=true version=26.923.232338 e2e=false
23:24:36 [info] [updater/win] transaction reconcile kind=none
23:24:36 [info] [updater/win] auto-updater path feed=https://mimocode-cdn.xiaomimimo.com/mimocode/mimodesktop/manifest.json
23:24:36 [info] [engine] prewarm startEngine
23:24:36 [info] [plugins] automation background startup settled {"elapsedMs":708}
23:24:37 [info] [db] prewarm ok in 1863ms
23:24:37 [info] [artifacts] reconciliation starting
23:24:37 [log] [xiaomi-auth] probeStatus start (hidden-window path)
23:24:40 [log] [DeviceId] generated:
23:24:40 [info] [engine] HostMcp runtime available=true
23:24:40 [info] [engine] reloadConfigOnNextSession (plugin change)
23:24:40 [warn] [query-classification] warmup-unavailable {"code":"inference-failed"}
23:24:42 [info] [libreoffice-runtime] prefetch skipped (not-configured)
23:24:42 [info] [on-demand-assets] prefetch start queue=[soundfont,query-classifier]
23:24:42 [info] [on-demand-assets] soundfont cache-hit (1 files);skip download
23:24:42 [info] [on-demand-assets] query-classifier cache-hit (4 files);skip download
23:24:42 [log] [mimo] engine in-process server ready http://127.0.0.1:61550
23:24:42 [info] [engine] prewarm ok
23:24:43 [info] [mimo] loop_streak_recovery=on · experimental crop enabled for next requests
23:24:43 [log] [model-catalog] xiaomi login not confirmed -> skip fetch, keep cache
23:24:43 [info] Checking for update
23:24:43 [info] [artifacts] reconciliation started
23:24:43 [log] [xiaomi-auth] probeStatus done kind=authenticated userId=602054437
23:24:44 [info] [experiment] initializing app=mimoDesktop(新加坡) env=ksmoscloudsrv service=<sdk-default>
23:24:44 [info] [config] loading from: https://cdn-exp-sg-recommend.pt.xiaomi.com/service/getClientBitMapExpConf/mimoDesktop(%E6%96%B0%E5%8A%A0%E5%9D%A1)
23:24:44 [info] [user-auth] initialize done xiaomi-logged-in=true
23:24:45 [info] Update for version 26.923.232338 is not available (latest version: 26.923.232338, downgrade is disallowed).
23:24:45 [info] [config] loaded tree for mimoDesktop(新加坡): children=2, upRuleIds=0
23:24:45 [info] [config] remote config loaded: 1 apps
23:24:45 [info] [config] loaded successfully: 1 apps
23:24:45 [info] [experiment] key=feature_gates id=101197 type=string value={\n    "domestic": { "show_mcp_entry": false, "show_custom_model_button": true, "loop_streak_recovery": true, "show_evolve_entry": true,"show_computeruse": false, "show_browseruse": false, "show_pay": … elapsed=897ms
23:24:45 [info] [feature-gates] refresh: ok (elapsed=919ms)
23:24:45 [error] (node:7160) [DEP0180] DeprecationWarning: fs.Stats constructor is deprecated.\n(Use `Xiaomi MiMo --trace-deprecation ...` to show where the warning was created)
23:24:45 [log] [sess-diag] engineFetch GET /experimental/session?roots=true&limit=2000 -> HTTP 200 elapsed=2698ms responseBytes=38752 engineUrl= http://127.0.0.1:61550 engineId= (default)
23:24:45 [log] [sess-diag] loadEngineSessions: 原始条数 = 18
23:24:45 [log] [sess-diag] loadEngineSessions: reconcile 后 convos = 18 order = 18
23:24:45 [log] [sess-diag] loadEngineSessions: 耗时(ms) fetch = 2727 repoRoots = 13 build+reconcile = 6 set = 1 total = 2747
23:24:47 [log] [sess-diag] engineFetch GET /session/ses_ffe5f298357dfffeN82Wln2VmT/recovery -> HTTP 200 elapsed=101ms responseBytes=2 engineUrl= http://127.0.0.1:61550 engineId= (default)
23:24:47 [log] [sess-diag] engineFetch GET /session/ses_ffe5f298357dfffeN82Wln2VmT/message -> HTTP 200 elapsed=70ms responseBytes=3219775 engineUrl= http://127.0.0.1:61550 engineId= (default)
23:24:48 [log] [sess-diag] engineFetch GET /session/ses_ffe5f298357dfffeN82Wln2VmT/actors -> HTTP 200 elapsed=233ms responseBytes=579 engineUrl= http://127.0.0.1:61550 engineId= (default)
23:24:48 [log] [sess-diag] engineFetch GET /experimental/session?roots=true&limit=2000 -> HTTP 200 elapsed=65ms responseBytes=38752 engineUrl= http://127.0.0.1:61550 engineId= (default)
23:24:48 [log] [sess-diag] loadEngineSessions: 原始条数 = 18
23:24:48 [log] [sess-diag] loadEngineSessions: reconcile 后 convos = 18 order = 18
23:24:48 [log] [sess-diag] loadEngineSessions: 耗时(ms) fetch = 152 repoRoots = 14 build+reconcile = 6 set = 2 total = 174
23:25:12 [log] [sess-diag] engineFetch GET /experimental/session?roots=true&limit=2000 -> HTTP 200 elapsed=51ms responseBytes=38752 engineUrl= http://127.0.0.1:61550 engineId= (default)
23:25:12 [log] [sess-diag] loadEngineSessions: 原始条数 = 18
23:25:12 [log] [sess-diag] loadEngineSessions: reconcile 后 convos = 18 order = 18
23:25:12 [log] [sess-diag] loadEngineSessions: 耗时(ms) fetch = 58 repoRoots = 1 build+reconcile = 3 set = 1 total = 62
23:25:13 [log] [sess-diag] engineFetch GET /experimental/session?roots=true&limit=2000 -> HTTP 200 elapsed=74ms responseBytes=38752 engineUrl= http://127.0.0.1:61550 engineId= (default)
23:25:13 [log] [sess-diag] loadEngineSessions: 原始条数 = 18
23:25:13 [log] [sess-diag] loadEngineSessions: reconcile 后 convos = 18 order = 18
23:25:13 [log] [sess-diag] loadEngineSessions: 耗时(ms) fetch = 76 repoRoots = 2 build+reconcile = 3 set = 2 total = 84
23:25:23 [info] [intervention] {"stage":"query","at":1790349923480,"requestId":"32e4aa8694430bb8","origin":"b5094fe8d78e452f","elapsedMs":91,"textChars":6,"queryChars":6,"truncated":false,"result":"miss","reviewId":"mimo-intv-mimo_pc_input_text-ebba9dd4c5c3436a99667cf9f1d077a1"}
23:25:23 [info] [content-review] app=mimo_pc_input_text source=input why=oneshot batch=9f07fe2e2eaf9651 api=/api/audit/check len=6 images=0 sha=1701456c4ccd session=ses_ffe5f298357dfffeN82Wln2VmT elapsed=140ms verdict=pass reviewId=mimo-mimo_pc_input_text-b952611d35604a36b1f0ea9c88ca24d6 detail=[serverVerdict=pass resultCode=1 subCode=9 aigc=- hints=0 detailsLen=0 resp=[passed=pass resultCode=1 reviewId=mimo-mimo_pc_input_text-b952611d35604a36b1f0ea9c88ca24d6 offlineReason= offlineDetails=[0 chars] hint=[0 items] subCode=9 aigc=null]]
23:25:24 [info] [content-review] app=mimo_pc_input_image source=input_image why=oneshot batch=041341d4e30159c8 api=/api/audit/check len=0 images=1 sha=dbec4349a39c session=ses_ffe5f298357dfffeN82Wln2VmT file=[mimo-paste-1790349915592-xiyqtr.png] media=[n=1 out=68KB tx=115ms] elapsed=977ms verdict=pass reviewId=mimo-mimo_pc_input_image-3d252571a4c549b3ab42ac662e5d8ee7 detail=[serverVerdict=pass resultCode=1 subCode=9 aigc=- hints=0 detailsLen=0 resp=[passed=pass resultCode=1 reviewId=mimo-mimo_pc_input_image-3d252571a4c549b3ab42ac662e5d8ee7 offlineReason= offlineDetails=[0 chars] hint=[0 items] subCode=9 aigc=null]]
23:25:24 [info] [intervention] {"stage":"prepared","at":1790349924462,"requestId":"32e4aa8694430bb8","origin":"b5094fe8d78e452f","elapsedMs":1073,"textChars":6,"result":"ready","reviewId":"mimo-intv-mimo_pc_input_text-ebba9dd4c5c3436a99667cf9f1d077a1"}
23:25:24 [info] [intervention] {"stage":"claim","at":1790349924481,"requestId":"32e4aa8694430bb8","origin":"b5094fe8d78e452f","sessionId":"b5094fe8d78e452f","elapsedMs":1092,"textChars":6,"reviewId":"mimo-intv-mimo_pc_input_text-ebba9dd4c5c3436a99667cf9f1d077a1"}
23:25:24 [info] [smart-router] {"origin":"ses_ffe5f298357dfffeN82Wln2VmT","model":"mimo-pro"}
23:25:24 [info] [harness] session origin=ses_ffe5f298357dfffeN82Wln2VmT sid=ses_ffe5f298357dfffeN82Wln2VmT source=user msgLen=6
23:25:24 [info] [turn-power-save] acquired sysId=0 mode=prevent-app-suspension first=run:ses_ffe5f298357dfffeN82Wln2VmT
23:25:24 [info] [intervention] {"stage":"dispatch","at":1790349924862,"requestId":"32e4aa8694430bb8","origin":"b5094fe8d78e452f","runId":"6000d53e50e8c7ba","sessionId":"b5094fe8d78e452f","elapsedMs":1473,"textChars":6,"reviewId":"mimo-intv-mimo_pc_input_text-ebba9dd4c5c3436a99667cf9f1d077a1"}
23:25:24 [info] [intervention] {"stage":"user-bound","at":1790349924986,"requestId":"32e4aa8694430bb8","origin":"b5094fe8d78e452f","runId":"6000d53e50e8c7ba","sessionId":"b5094fe8d78e452f","userId":"1a88f9b50ff79af9","elapsedMs":1597,"textChars":6,"reviewId":"mimo-intv-mimo_pc_input_text-ebba9dd4c5c3436a99667cf9f1d077a1"}
23:25:25 [info] [intervention] {"stage":"closed","at":1790349925240,"requestId":"32e4aa8694430bb8","origin":"b5094fe8d78e452f","runId":"6000d53e50e8c7ba","sessionId":"b5094fe8d78e452f","userId":"1a88f9b50ff79af9","elapsedMs":1851,"textChars":6,"reviewId":"mimo-intv-mimo_pc_input_text-ebba9dd4c5c3436a99667cf9f1d077a1"}
23:25:25 [info] [turn-power-save] released sysId=0 last=run:ses_ffe5f298357dfffeN82Wln2VmT
23:25:25 [log] [sess-diag] engineFetch GET /session/ses_ffe5f298357dfffeN82Wln2VmT/recovery -> HTTP 200 elapsed=179ms responseBytes=97 engineUrl= http://127.0.0.1:61550 engineId= mimocode
23:25:25 [log] [sess-diag] engineFetch GET /session/ses_ffe5f298357dfffeN82Wln2VmT/task -> HTTP 200 elapsed=189ms responseBytes=2346 engineUrl= http://127.0.0.1:61550 engineId= mimocode
23:25:25 [log] [sess-diag] engineFetch GET /session/ses_ffe5f298357dfffeN82Wln2VmT/recovery -> HTTP 200 elapsed=122ms responseBytes=97 engineUrl= http://127.0.0.1:61550 engineId= mimocode
23:25:25 [log] [sess-diag] engineFetch GET /session/ses_ffe5f298357dfffeN82Wln2VmT -> HTTP 200 elapsed=192ms responseBytes=29556 engineUrl= http://127.0.0.1:61550 engineId= mimocode
23:25:28 [info] [intervention] {"stage":"query","at":1790349928936,"requestId":"3ee0dc535d6fcb5d","origin":"b5094fe8d78e452f","elapsedMs":71,"textChars":6,"queryChars":6,"truncated":false,"result":"miss","reviewId":"mimo-intv-mimo_pc_input_text-a6b342b0a4784c4dada8165adddbc8da"}
23:25:29 [info] [content-review] app=mimo_pc_input_text source=input why=oneshot batch=0fca3a91906d40fa api=/api/audit/check len=6 images=0 sha=1701456c4ccd session=ses_ffe5f298357dfffeN82Wln2VmT elapsed=162ms verdict=pass reviewId=mimo-mimo_pc_input_text-d0614cf9d9ca4d188d180630f5ef8b12 detail=[serverVerdict=pass resultCode=1 subCode=9 aigc=- hints=0 detailsLen=0 resp=[passed=pass resultCode=1 reviewId=mimo-mimo_pc_input_text-d0614cf9d9ca4d188d180630f5ef8b12 offlineReason= offlineDetails=[0 chars] hint=[0 items] subCode=9 aigc=null]]
23:25:29 [info] [content-review] app=mimo_pc_input_image source=input_image why=oneshot batch=b7b683d1692a039b api=/api/audit/check len=0 images=1 sha=dbec4349a39c session=ses_ffe5f298357dfffeN82Wln2VmT file=[mimo-paste-1790349915592-xiyqtr.png] media=[n=1 out=68KB tx=112ms] elapsed=737ms verdict=pass reviewId=mimo-mimo_pc_input_image-66848aa8739846bd872ed6c2e123e62a detail=[serverVerdict=pass resultCode=1 subCode=9 aigc=- hints=0 detailsLen=0 resp=[passed=pass resultCode=1 reviewId=mimo-mimo_pc_input_image-66848aa8739846bd872ed6c2e123e62a offlineReason= offlineDetails=[0 chars] hint=[0 items] subCode=9 aigc=null]]
23:25:29 [info] [intervention] {"stage":"prepared","at":1790349929676,"requestId":"3ee0dc535d6fcb5d","origin":"b5094fe8d78e452f","elapsedMs":811,"textChars":6,"result":"ready","reviewId":"mimo-intv-mimo_pc_input_text-a6b342b0a4784c4dada8165adddbc8da"}
23:25:29 [log] [sess-diag] engineFetch GET /session/ses_ffe5f298357dfffeN82Wln2VmT/message -> HTTP 200 elapsed=87ms responseBytes=3422779 engineUrl= http://127.0.0.1:61550 engineId= mimocode
23:25:29 [log] [sess-diag] engineFetch DELETE /session/ses_ffe5f298357dfffeN82Wln2VmT/message/msg_g001a0d92bda58001nyC6FHhx4 -> HTTP 200 elapsed=17ms responseBytes=4 engineUrl= http://127.0.0.1:61550 engineId= mimocode
23:25:29 [info] [intervention] {"stage":"claim","at":1790349929907,"requestId":"3ee0dc535d6fcb5d","origin":"b5094fe8d78e452f","sessionId":"b5094fe8d78e452f","elapsedMs":1042,"textChars":6,"reviewId":"mimo-intv-mimo_pc_input_text-a6b342b0a4784c4dada8165adddbc8da"}
23:25:29 [info] [smart-router] {"origin":"ses_ffe5f298357dfffeN82Wln2VmT","model":"mimo-pro"}
23:25:29 [info] [harness] session origin=ses_ffe5f298357dfffeN82Wln2VmT sid=ses_ffe5f298357dfffeN82Wln2VmT source=user msgLen=6
23:25:29 [info] [turn-power-save] acquired sysId=1 mode=prevent-app-suspension first=run:ses_ffe5f298357dfffeN82Wln2VmT
23:25:29 [info] [intervention] {"stage":"dispatch","at":1790349929954,"requestId":"3ee0dc535d6fcb5d","origin":"b5094fe8d78e452f","runId":"11b91c46d6707c17","sessionId":"b5094fe8d78e452f","elapsedMs":1089,"textChars":6,"reviewId":"mimo-intv-mimo_pc_input_text-a6b342b0a4784c4dada8165adddbc8da"}
23:25:30 [info] [intervention] {"stage":"user-bound","at":1790349930037,"requestId":"3ee0dc535d6fcb5d","origin":"b5094fe8d78e452f","runId":"11b91c46d6707c17","sessionId":"b5094fe8d78e452f","userId":"65aa77efc4f9dd72","elapsedMs":1172,"textChars":6,"reviewId":"mimo-intv-mimo_pc_input_text-a6b342b0a4784c4dada8165adddbc8da"}
23:25:30 [info] [intervention] {"stage":"closed","at":1790349930296,"requestId":"3ee0dc535d6fcb5d","origin":"b5094fe8d78e452f","runId":"11b91c46d6707c17","sessionId":"b5094fe8d78e452f","userId":"65aa77efc4f9dd72","elapsedMs":1431,"textChars":6,"reviewId":"mimo-intv-mimo_pc_input_text-a6b342b0a4784c4dada8165adddbc8da"}
23:25:30 [info] [turn-power-save] released sysId=1 last=run:ses_ffe5f298357dfffeN82Wln2VmT
23:25:30 [log] [sess-diag] engineFetch GET /session/ses_ffe5f298357dfffeN82Wln2VmT/task -> HTTP 200 elapsed=43ms responseBytes=2346 engineUrl= http://127.0.0.1:61550 engineId= mimocode
23:25:30 [log] [sess-diag] engineFetch GET /session/ses_ffe5f298357dfffeN82Wln2VmT/recovery -> HTTP 200 elapsed=74ms responseBytes=97 engineUrl= http://127.0.0.1:61550 engineId= mimocode
23:25:30 [log] [sess-diag] engineFetch GET /session/ses_ffe5f298357dfffeN82Wln2VmT -> HTTP 200 elapsed=49ms responseBytes=29556 engineUrl= http://127.0.0.1:61550 engineId= mimocode
23:25:42 [log] [sess-diag] engineFetch GET /experimental/session?roots=true&limit=2000 -> HTTP 200 elapsed=27ms responseBytes=38752 engineUrl= http://127.0.0.1:61550 engineId= (default)
23:25:42 [log] [sess-diag] loadEngineSessions: 原始条数 = 18
23:25:42 [log] [sess-diag] loadEngineSessions: reconcile 后 convos = 18 order = 18
23:25:42 [log] [sess-diag] loadEngineSessions: 耗时(ms) fetch = 31 repoRoots = 2 build+reconcile = 3 set = 2 total = 37
23:26:12 [log] [sess-diag] engineFetch GET /experimental/session?roots=true&limit=2000 -> HTTP 200 elapsed=13ms responseBytes=38752 engineUrl= http://127.0.0.1:61550 engineId= (default)
23:26:12 [log] [sess-diag] loadEngineSessions: 原始条数 = 18
23:26:12 [log] [sess-diag] loadEngineSessions: reconcile 后 convos = 18 order = 18
23:26:12 [log] [sess-diag] loadEngineSessions: 耗时(ms) fetch = 15 repoRoots = 1 build+reconcile = 3 set = 1 total = 20
23:26:13 [info] [intervention] {"stage":"query","at":1790349973894,"requestId":"1591f6d14335dcd1","origin":"b5094fe8d78e452f","elapsedMs":109,"textChars":50,"queryChars":50,"truncated":false,"result":"miss","reviewId":"mimo-intv-mimo_pc_input_text-fc0ec4f6dc274d67bb8bfc99f17ec933"}
23:26:14 [info] [content-review] app=mimo_pc_input_text source=input why=oneshot batch=05a04153ebe8ab86 api=/api/audit/check len=50 images=0 sha=aaf7f65cd9b6 session=ses_ffe5f298357dfffeN82Wln2VmT elapsed=140ms verdict=pass reviewId=mimo-mimo_pc_input_text-6e0d2f4eed8f44dcb79105fb5b6ac9ee detail=[serverVerdict=pass resultCode=1 subCode=9 aigc=- hints=0 detailsLen=0 resp=[passed=pass resultCode=1 reviewId=mimo-mimo_pc_input_text-6e0d2f4eed8f44dcb79105fb5b6ac9ee offlineReason= offlineDetails=[0 chars] hint=[0 items] subCode=9 aigc=null]]
23:26:14 [info] [content-review] app=mimo_pc_input_image source=input_image why=oneshot batch=b96ac8d19ebaaa27 api=/api/audit/check len=0 images=1 sha=dbec4349a39c session=ses_ffe5f298357dfffeN82Wln2VmT file=[mimo-paste-1790349915592-xiyqtr.png] media=[n=1 out=68KB tx=118ms] elapsed=934ms verdict=pass reviewId=mimo-mimo_pc_input_image-305db3acc6ed4509bb140874180acf6d detail=[serverVerdict=pass resultCode=1 subCode=9 aigc=- hints=0 detailsLen=0 resp=[passed=pass resultCode=1 reviewId=mimo-mimo_pc_input_image-305db3acc6ed4509bb140874180acf6d offlineReason= offlineDetails=[0 chars] hint=[0 items] subCode=9 aigc=null]]
23:26:14 [info] [intervention] {"stage":"prepared","at":1790349974831,"requestId":"1591f6d14335dcd1","origin":"b5094fe8d78e452f","elapsedMs":1046,"textChars":50,"result":"ready","reviewId":"mimo-intv-mimo_pc_input_text-fc0ec4f6dc274d67bb8bfc99f17ec933"}
23:26:15 [log] [sess-diag] engineFetch GET /session/ses_ffe5f298357dfffeN82Wln2VmT/message -> HTTP 200 elapsed=97ms responseBytes=3422779 engineUrl= http://127.0.0.1:61550 engineId= mimocode
23:26:15 [log] [sess-diag] engineFetch DELETE /session/ses_ffe5f298357dfffeN82Wln2VmT/message/msg_g001a0d92bee1f00192cLrZ6j5 -> HTTP 200 elapsed=14ms responseBytes=4 engineUrl= http://127.0.0.1:61550 engineId= mimocode
23:26:15 [info] [intervention] {"stage":"claim","at":1790349975081,"requestId":"1591f6d14335dcd1","origin":"b5094fe8d78e452f","sessionId":"b5094fe8d78e452f","elapsedMs":1296,"textChars":50,"reviewId":"mimo-intv-mimo_pc_input_text-fc0ec4f6dc274d67bb8bfc99f17ec933"}
23:26:15 [info] [smart-router] {"origin":"ses_ffe5f298357dfffeN82Wln2VmT","model":"mimo-pro"}
23:26:15 [info] [harness] session origin=ses_ffe5f298357dfffeN82Wln2VmT sid=ses_ffe5f298357dfffeN82Wln2VmT source=user msgLen=50
23:26:15 [info] [turn-power-save] acquired sysId=2 mode=prevent-app-suspension first=run:ses_ffe5f298357dfffeN82Wln2VmT
23:26:15 [info] [intervention] {"stage":"dispatch","at":1790349975130,"requestId":"1591f6d14335dcd1","origin":"b5094fe8d78e452f","runId":"23624fcbf7830fb9","sessionId":"b5094fe8d78e452f","elapsedMs":1345,"textChars":50,"reviewId":"mimo-intv-mimo_pc_input_text-fc0ec4f6dc274d67bb8bfc99f17ec933"}
23:26:15 [info] [intervention] {"stage":"user-bound","at":1790349975206,"requestId":"1591f6d14335dcd1","origin":"b5094fe8d78e452f","runId":"23624fcbf7830fb9","sessionId":"b5094fe8d78e452f","userId":"60808f6300b45686","elapsedMs":1421,"textChars":50,"reviewId":"mimo-intv-mimo_pc_input_text-fc0ec4f6dc274d67bb8bfc99f17ec933"}
23:26:15 [info] [intervention] {"stage":"closed","at":1790349975395,"requestId":"1591f6d14335dcd1","origin":"b5094fe8d78e452f","runId":"23624fcbf7830fb9","sessionId":"b5094fe8d78e452f","userId":"60808f6300b45686","elapsedMs":1610,"textChars":50,"reviewId":"mimo-intv-mimo_pc_input_text-fc0ec4f6dc274d67bb8bfc99f17ec933"}
23:26:15 [info] [turn-power-save] released sysId=2 last=run:ses_ffe5f298357dfffeN82Wln2VmT
23:26:15 [log] [sess-diag] engineFetch GET /session/ses_ffe5f298357dfffeN82Wln2VmT/task -> HTTP 200 elapsed=41ms responseBytes=2346 engineUrl= http://127.0.0.1:61550 engineId= mimocode
23:26:15 [log] [sess-diag] engineFetch GET /session/ses_ffe5f298357dfffeN82Wln2VmT/recovery -> HTTP 200 elapsed=67ms responseBytes=97 engineUrl= http://127.0.0.1:61550 engineId= mimocode
23:26:15 [log] [sess-diag] engineFetch GET /session/ses_ffe5f298357dfffeN82Wln2VmT -> HTTP 200 elapsed=71ms responseBytes=29556 engineUrl= http://127.0.0.1:61550 engineId= mimocode
23:26:32 [info] [intervention] {"stage":"query","at":1790349992969,"requestId":"69a528b86945d057","origin":"b5094fe8d78e452f","elapsedMs":237,"textChars":50,"queryChars":50,"truncated":false,"result":"miss","reviewId":"mimo-intv-mimo_pc_input_text-2df0b39cb48345c88c78a7d6694fb327"}
23:26:33 [info] [content-review] app=mimo_pc_input_text source=input why=oneshot batch=a733cfbbf8d89697 api=/api/audit/check len=50 images=0 sha=aaf7f65cd9b6 session=ses_ffe5f298357dfffeN82Wln2VmT elapsed=165ms verdict=pass reviewId=mimo-mimo_pc_input_text-9e435c6e427943138ee2f370e2006b6b detail=[serverVerdict=pass resultCode=1 subCode=9 aigc=- hints=0 detailsLen=0 resp=[passed=pass resultCode=1 reviewId=mimo-mimo_pc_input_text-9e435c6e427943138ee2f370e2006b6b offlineReason= offlineDetails=[0 chars] hint=[0 items] subCode=9 aigc=null]]
23:26:33 [info] [intervention] {"stage":"prepared","at":1790349993136,"requestId":"69a528b86945d057","origin":"b5094fe8d78e452f","elapsedMs":404,"textChars":50,"result":"ready","reviewId":"mimo-intv-mimo_pc_input_text-2df0b39cb48345c88c78a7d6694fb327"}
23:26:33 [info] [intervention] {"stage":"claim","at":1790349993144,"requestId":"69a528b86945d057","origin":"b5094fe8d78e452f","sessionId":"b5094fe8d78e452f","userId":"60808f6300b45686","elapsedMs":412,"textChars":50,"reviewId":"mimo-intv-mimo_pc_input_text-2df0b39cb48345c88c78a7d6694fb327"}
23:26:33 [info] [turn-power-save] acquired sysId=3 mode=prevent-app-suspension first=run:ses_ffe5f298357dfffeN82Wln2VmT
23:26:33 [info] [intervention] {"stage":"dispatch","at":1790349993174,"requestId":"69a528b86945d057","origin":"b5094fe8d78e452f","runId":"1e8d6812879cb2e0","sessionId":"b5094fe8d78e452f","userId":"60808f6300b45686","elapsedMs":442,"textChars":50,"reviewId":"mimo-intv-mimo_pc_input_text-2df0b39cb48345c88c78a7d6694fb327"}
23:26:33 [info] [intervention] {"stage":"resume.request","at":1790349993174,"origin":"b5094fe8d78e452f","sessionId":"b5094fe8d78e452f","userId":"60808f6300b45686","bodyFields":0,"hasSeed":false,"resumeKind":"parent-user"}
23:26:33 [info] [intervention] {"stage":"resume.response","at":1790349993364,"origin":"b5094fe8d78e452f","sessionId":"b5094fe8d78e452f","status":202}
23:26:33 [info] [intervention] {"stage":"closed","at":1790349993365,"requestId":"69a528b86945d057","origin":"b5094fe8d78e452f","runId":"1e8d6812879cb2e0","sessionId":"b5094fe8d78e452f","userId":"60808f6300b45686","elapsedMs":633,"textChars":50,"reviewId":"mimo-intv-mimo_pc_input_text-2df0b39cb48345c88c78a7d6694fb327"}
23:26:33 [info] [turn-power-save] released sysId=3 last=run:ses_ffe5f298357dfffeN82Wln2VmT
23:26:33 [log] [sess-diag] engineFetch GET /session/ses_ffe5f298357dfffeN82Wln2VmT/task -> HTTP 200 elapsed=44ms responseBytes=2346 engineUrl= http://127.0.0.1:61550 engineId= mimocode
23:26:33 [log] [sess-diag] engineFetch GET /session/ses_ffe5f298357dfffeN82Wln2VmT/recovery -> HTTP 200 elapsed=87ms responseBytes=97 engineUrl= http://127.0.0.1:61550 engineId= mimocode
23:26:33 [log] [sess-diag] engineFetch GET /session/ses_ffe5f298357dfffeN82Wln2VmT -> HTTP 200 elapsed=87ms responseBytes=29556 engineUrl= http://127.0.0.1:61550 engineId= mimocode
23:26:37 [info] [intervention] {"stage":"query","at":1790349997322,"requestId":"6d951cc653420cdb","origin":"b5094fe8d78e452f","elapsedMs":310,"textChars":50,"queryChars":50,"truncated":false,"result":"miss","reviewId":"mimo-intv-mimo_pc_input_text-cf3709e5cbc6447983b0659d406db944"}
23:26:37 [info] [content-review] app=mimo_pc_input_text source=input why=oneshot batch=2b2d37d6c0b3d58b api=/api/audit/check len=50 images=0 sha=aaf7f65cd9b6 session=ses_ffe5f298357dfffeN82Wln2VmT elapsed=171ms verdict=pass reviewId=mimo-mimo_pc_input_text-75981f084a1d4d8d9fbeaf46a7a09fd3 detail=[serverVerdict=pass resultCode=1 subCode=9 aigc=- hints=0 detailsLen=0 resp=[passed=pass resultCode=1 reviewId=mimo-mimo_pc_input_text-75981f084a1d4d8d9fbeaf46a7a09fd3 offlineReason= offlineDetails=[0 chars] hint=[0 items] subCode=9 aigc=null]]
23:26:37 [info] [intervention] {"stage":"prepared","at":1790349997495,"requestId":"6d951cc653420cdb","origin":"b5094fe8d78e452f","elapsedMs":483,"textChars":50,"result":"ready","reviewId":"mimo-intv-mimo_pc_input_text-cf3709e5cbc6447983b0659d406db944"}
23:26:37 [info] [intervention] {"stage":"claim","at":1790349997510,"requestId":"6d951cc653420cdb","origin":"b5094fe8d78e452f","sessionId":"b5094fe8d78e452f","userId":"60808f6300b45686","elapsedMs":498,"textChars":50,"reviewId":"mimo-intv-mimo_pc_input_text-cf3709e5cbc6447983b0659d406db944"}
23:26:37 [info] [turn-power-save] acquired sysId=4 mode=prevent-app-suspension first=run:ses_ffe5f298357dfffeN82Wln2VmT
23:26:37 [info] [intervention] {"stage":"dispatch","at":1790349997560,"requestId":"6d951cc653420cdb","origin":"b5094fe8d78e452f","runId":"e8f17d97f8f36fef","sessionId":"b5094fe8d78e452f","userId":"60808f6300b45686","elapsedMs":548,"textChars":50,"reviewId":"mimo-intv-mimo_pc_input_text-cf3709e5cbc6447983b0659d406db944"}
23:26:37 [info] [intervention] {"stage":"resume.request","at":1790349997561,"origin":"b5094fe8d78e452f","sessionId":"b5094fe8d78e452f","userId":"60808f6300b45686","bodyFields":0,"hasSeed":false,"resumeKind":"parent-user"}
23:26:37 [info] [intervention] {"stage":"resume.response","at":1790349997744,"origin":"b5094fe8d78e452f","sessionId":"b5094fe8d78e452f","status":202}
23:26:37 [info] [intervention] {"stage":"closed","at":1790349997746,"requestId":"6d951cc653420cdb","origin":"b5094fe8d78e452f","runId":"e8f17d97f8f36fef","sessionId":"b5094fe8d78e452f","userId":"60808f6300b45686","elapsedMs":734,"textChars":50,"reviewId":"mimo-intv-mimo_pc_input_text-cf3709e5cbc6447983b0659d406db944"}
23:26:37 [info] [turn-power-save] released sysId=4 last=run:ses_ffe5f298357dfffeN82Wln2VmT
23:26:37 [log] [sess-diag] engineFetch GET /session/ses_ffe5f298357dfffeN82Wln2VmT/recovery -> HTTP 200 elapsed=64ms responseBytes=97 engineUrl= http://127.0.0.1:61550 engineId= mimocode
23:26:37 [log] [sess-diag] engineFetch GET /session/ses_ffe5f298357dfffeN82Wln2VmT -> HTTP 200 elapsed=41ms responseBytes=29556 engineUrl= http://127.0.0.1:61550 engineId= mimocode
23:26:37 [log] [sess-diag] engineFetch GET /session/ses_ffe5f298357dfffeN82Wln2VmT/task -> HTTP 200 elapsed=70ms responseBytes=2346 engineUrl= http://127.0.0.1:61550 engineId= mimocode
23:26:39 [info] [intervention] {"stage":"query","at":1790349999218,"requestId":"d2cb2fa19dba05c9","origin":"b5094fe8d78e452f","elapsedMs":225,"textChars":50,"queryChars":50,"truncated":false,"result":"miss","reviewId":"mimo-intv-mimo_pc_input_text-a2c064c4002042d7ac1a1c4410f2e58e"}
23:26:39 [info] [content-review] app=mimo_pc_input_text source=input why=oneshot batch=42bd9cb9f08abea7 api=/api/audit/check len=50 images=0 sha=aaf7f65cd9b6 session=ses_ffe5f298357dfffeN82Wln2VmT elapsed=171ms verdict=pass reviewId=mimo-mimo_pc_input_text-326791f254694df68c663461f012c754 detail=[serverVerdict=pass resultCode=1 subCode=9 aigc=- hints=0 detailsLen=0 resp=[passed=pass resultCode=1 reviewId=mimo-mimo_pc_input_text-326791f254694df68c663461f012c754 offlineReason= offlineDetails=[0 chars] hint=[0 items] subCode=9 aigc=null]]
23:26:39 [info] [intervention] {"stage":"prepared","at":1790349999391,"requestId":"d2cb2fa19dba05c9","origin":"b5094fe8d78e452f","elapsedMs":398,"textChars":50,"result":"ready","reviewId":"mimo-intv-mimo_pc_input_text-a2c064c4002042d7ac1a1c4410f2e58e"}
23:26:39 [info] [intervention] {"stage":"claim","at":1790349999398,"requestId":"d2cb2fa19dba05c9","origin":"b5094fe8d78e452f","sessionId":"b5094fe8d78e452f","userId":"60808f6300b45686","elapsedMs":405,"textChars":50,"reviewId":"mimo-intv-mimo_pc_input_text-a2c064c4002042d7ac1a1c4410f2e58e"}
23:26:39 [info] [turn-power-save] acquired sysId=5 mode=prevent-app-suspension first=run:ses_ffe5f298357dfffeN82Wln2VmT
23:26:39 [info] [intervention] {"stage":"dispatch","at":1790349999421,"requestId":"d2cb2fa19dba05c9","origin":"b5094fe8d78e452f","runId":"7f11793bc5be7389","sessionId":"b5094fe8d78e452f","userId":"60808f6300b45686","elapsedMs":428,"textChars":50,"reviewId":"mimo-intv-mimo_pc_input_text-a2c064c4002042d7ac1a1c4410f2e58e"}
23:26:39 [info] [intervention] {"stage":"resume.request","at":1790349999421,"origin":"b5094fe8d78e452f","sessionId":"b5094fe8d78e452f","userId":"60808f6300b45686","bodyFields":0,"hasSeed":false,"resumeKind":"parent-user"}
23:26:39 [info] [intervention] {"stage":"resume.response","at":1790349999609,"origin":"b5094fe8d78e452f","sessionId":"b5094fe8d78e452f","status":202}
23:26:39 [info] [intervention] {"stage":"closed","at":1790349999610,"requestId":"d2cb2fa19dba05c9","origin":"b5094fe8d78e452f","runId":"7f11793bc5be7389","sessionId":"b5094fe8d78e452f","userId":"60808f6300b45686","elapsedMs":617,"textChars":50,"reviewId":"mimo-intv-mimo_pc_input_text-a2c064c4002042d7ac1a1c4410f2e58e"}
23:26:39 [info] [turn-power-save] released sysId=5 last=run:ses_ffe5f298357dfffeN82Wln2VmT
23:26:39 [log] [sess-diag] engineFetch GET /session/ses_ffe5f298357dfffeN82Wln2VmT/task -> HTTP 200 elapsed=31ms responseBytes=2346 engineUrl= http://127.0.0.1:61550 engineId= mimocode
23:26:39 [log] [sess-diag] engineFetch GET /session/ses_ffe5f298357dfffeN82Wln2VmT -> HTTP 200 elapsed=39ms responseBytes=29556 engineUrl= http://127.0.0.1:61550 engineId= mimocode
23:26:39 [log] [sess-diag] engineFetch GET /session/ses_ffe5f298357dfffeN82Wln2VmT/recovery -> HTTP 200 elapsed=63ms responseBytes=97 engineUrl= http://127.0.0.1:61550 engineId= mimocode
23:26:41 [info] [intervention] {"stage":"query","at":1790350001556,"requestId":"541ceef9710ea854","origin":"b5094fe8d78e452f","elapsedMs":240,"textChars":50,"queryChars":50,"truncated":false,"result":"miss","reviewId":"mimo-intv-mimo_pc_input_text-ad8f0c5b9a26473aa3f07f21fe3f3d63"}
23:26:41 [info] [content-review] app=mimo_pc_input_text source=input why=oneshot batch=10770d946f7fcb6b api=/api/audit/check len=50 images=0 sha=aaf7f65cd9b6 session=ses_ffe5f298357dfffeN82Wln2VmT elapsed=180ms verdict=pass reviewId=mimo-mimo_pc_input_text-56f1d9f3b19745a88deb69e1c6c0e14d detail=[serverVerdict=pass resultCode=1 subCode=9 aigc=- hints=0 detailsLen=0 resp=[passed=pass resultCode=1 reviewId=mimo-mimo_pc_input_text-56f1d9f3b19745a88deb69e1c6c0e14d offlineReason= offlineDetails=[0 chars] hint=[0 items] subCode=9 aigc=null]]
23:26:41 [info] [intervention] {"stage":"prepared","at":1790350001738,"requestId":"541ceef9710ea854","origin":"b5094fe8d78e452f","elapsedMs":422,"textChars":50,"result":"ready","reviewId":"mimo-intv-mimo_pc_input_text-ad8f0c5b9a26473aa3f07f21fe3f3d63"}
23:26:41 [info] [intervention] {"stage":"claim","at":1790350001739,"requestId":"541ceef9710ea854","origin":"b5094fe8d78e452f","sessionId":"b5094fe8d78e452f","userId":"60808f6300b45686","elapsedMs":423,"textChars":50,"reviewId":"mimo-intv-mimo_pc_input_text-ad8f0c5b9a26473aa3f07f21fe3f3d63"}
23:26:41 [info] [turn-power-save] acquired sysId=6 mode=prevent-app-suspension first=run:ses_ffe5f298357dfffeN82Wln2VmT
23:26:41 [info] [intervention] {"stage":"dispatch","at":1790350001750,"requestId":"541ceef9710ea854","origin":"b5094fe8d78e452f","runId":"72fcd3a8bf62b763","sessionId":"b5094fe8d78e452f","userId":"60808f6300b45686","elapsedMs":434,"textChars":50,"reviewId":"mimo-intv-mimo_pc_input_text-ad8f0c5b9a26473aa3f07f21fe3f3d63"}
23:26:41 [info] [intervention] {"stage":"resume.request","at":1790350001750,"origin":"b5094fe8d78e452f","sessionId":"b5094fe8d78e452f","userId":"60808f6300b45686","bodyFields":0,"hasSeed":false,"resumeKind":"parent-user"}
23:26:41 [info] [intervention] {"stage":"resume.response","at":1790350001921,"origin":"b5094fe8d78e452f","sessionId":"b5094fe8d78e452f","status":202}
23:26:41 [info] [intervention] {"stage":"closed","at":1790350001922,"requestId":"541ceef9710ea854","origin":"b5094fe8d78e452f","runId":"72fcd3a8bf62b763","sessionId":"b5094fe8d78e452f","userId":"60808f6300b45686","elapsedMs":606,"textChars":50,"reviewId":"mimo-intv-mimo_pc_input_text-ad8f0c5b9a26473aa3f07f21fe3f3d63"}
23:26:41 [info] [turn-power-save] released sysId=6 last=run:ses_ffe5f298357dfffeN82Wln2VmT
23:26:41 [log] [sess-diag] engineFetch GET /session/ses_ffe5f298357dfffeN82Wln2VmT/task -> HTTP 200 elapsed=34ms responseBytes=2346 engineUrl= http://127.0.0.1:61550 engineId= mimocode
23:26:41 [log] [sess-diag] engineFetch GET /session/ses_ffe5f298357dfffeN82Wln2VmT -> HTTP 200 elapsed=40ms responseBytes=29556 engineUrl= http://127.0.0.1:61550 engineId= mimocode
23:26:41 [log] [sess-diag] engineFetch GET /session/ses_ffe5f298357dfffeN82Wln2VmT/recovery -> HTTP 200 elapsed=64ms responseBytes=97 engineUrl= http://127.0.0.1:61550 engineId= mimocode
23:26:42 [log] [sess-diag] engineFetch GET /experimental/session?roots=true&limit=2000 -> HTTP 200 elapsed=24ms responseBytes=38752 engineUrl= http://127.0.0.1:61550 engineId= (default)
23:26:42 [log] [sess-diag] loadEngineSessions: 原始条数 = 18
23:26:42 [log] [sess-diag] loadEngineSessions: reconcile 后 convos = 18 order = 18
23:26:42 [log] [sess-diag] loadEngineSessions: 耗时(ms) fetch = 28 repoRoots = 3 build+reconcile = 5 set = 1 total = 37
23:26:47 [info] [intervention] {"stage":"query","at":1790350007842,"requestId":"dc4dc15e3bff7055","origin":"b5094fe8d78e452f","elapsedMs":263,"textChars":50,"queryChars":50,"truncated":false,"result":"miss","reviewId":"mimo-intv-mimo_pc_input_text-607252d9a08340579b0388487d8dff6c"}
23:26:48 [info] [content-review] app=mimo_pc_input_text source=input why=oneshot batch=cab39cc8cc1d1d16 api=/api/audit/check len=50 images=0 sha=aaf7f65cd9b6 session=ses_ffe5f298357dfffeN82Wln2VmT elapsed=186ms verdict=pass reviewId=mimo-mimo_pc_input_text-e06b38182aeb4cf1973eb7d5b0dd3bb8 detail=[serverVerdict=pass resultCode=1 subCode=9 aigc=- hints=0 detailsLen=0 resp=[passed=pass resultCode=1 reviewId=mimo-mimo_pc_input_text-e06b38182aeb4cf1973eb7d5b0dd3bb8 offlineReason= offlineDetails=[0 chars] hint=[0 items] subCode=9 aigc=null]]
23:26:48 [info] [intervention] {"stage":"prepared","at":1790350008029,"requestId":"dc4dc15e3bff7055","origin":"b5094fe8d78e452f","elapsedMs":450,"textChars":50,"result":"ready","reviewId":"mimo-intv-mimo_pc_input_text-607252d9a08340579b0388487d8dff6c"}
23:26:48 [info] [intervention] {"stage":"claim","at":1790350008047,"requestId":"dc4dc15e3bff7055","origin":"b5094fe8d78e452f","sessionId":"b5094fe8d78e452f","userId":"60808f6300b45686","elapsedMs":468,"textChars":50,"reviewId":"mimo-intv-mimo_pc_input_text-607252d9a08340579b0388487d8dff6c"}
23:26:48 [info] [turn-power-save] acquired sysId=7 mode=prevent-app-suspension first=run:ses_ffe5f298357dfffeN82Wln2VmT
23:26:48 [info] [intervention] {"stage":"dispatch","at":1790350008077,"requestId":"dc4dc15e3bff7055","origin":"b5094fe8d78e452f","runId":"bd1db1ad515583c8","sessionId":"b5094fe8d78e452f","userId":"60808f6300b45686","elapsedMs":498,"textChars":50,"reviewId":"mimo-intv-mimo_pc_input_text-607252d9a08340579b0388487d8dff6c"}
23:26:48 [info] [intervention] {"stage":"resume.request","at":1790350008077,"origin":"b5094fe8d78e452f","sessionId":"b5094fe8d78e452f","userId":"60808f6300b45686","bodyFields":0,"hasSeed":false,"resumeKind":"parent-user"}
23:26:48 [info] [intervention] {"stage":"resume.response","at":1790350008266,"origin":"b5094fe8d78e452f","sessionId":"b5094fe8d78e452f","status":202}
23:26:48 [info] [intervention] {"stage":"closed","at":1790350008267,"requestId":"dc4dc15e3bff7055","origin":"b5094fe8d78e452f","runId":"bd1db1ad515583c8","sessionId":"b5094fe8d78e452f","userId":"60808f6300b45686","elapsedMs":688,"textChars":50,"reviewId":"mimo-intv-mimo_pc_input_text-607252d9a08340579b0388487d8dff6c"}
23:26:48 [info] [turn-power-save] released sysId=7 last=run:ses_ffe5f298357dfffeN82Wln2VmT
23:26:48 [log] [sess-diag] engineFetch GET /session/ses_ffe5f298357dfffeN82Wln2VmT/task -> HTTP 200 elapsed=35ms responseBytes=2346 engineUrl= http://127.0.0.1:61550 engineId= mimocode
23:26:48 [log] [sess-diag] engineFetch GET /session/ses_ffe5f298357dfffeN82Wln2VmT -> HTTP 200 elapsed=69ms responseBytes=29556 engineUrl= http://127.0.0.1:61550 engineId= mimocode
23:26:48 [log] [sess-diag] engineFetch GET /session/ses_ffe5f298357dfffeN82Wln2VmT/recovery -> HTTP 200 elapsed=69ms responseBytes=97 engineUrl= http://127.0.0.1:61550 engineId= mimocode
23:26:56 [log] [sess-diag] engineFetch GET /experimental/session?roots=true&limit=2000 -> HTTP 200 elapsed=50ms responseBytes=38752 engineUrl= http://127.0.0.1:61550 engineId= (default)
23:26:56 [log] [sess-diag] loadEngineSessions: 原始条数 = 18
23:26:56 [log] [sess-diag] loadEngineSessions: reconcile 后 convos = 18 order = 18
23:26:56 [log] [sess-diag] loadEngineSessions: 耗时(ms) fetch = 53 repoRoots = 1 build+reconcile = 3 set = 0 total = 57
23:27:00 [log] [sess-diag] engineFetch GET /experimental/session?roots=true&limit=2000 -> HTTP 200 elapsed=51ms responseBytes=38752 engineUrl= http://127.0.0.1:61550 engineId= (default)
23:27:00 [log] [sess-diag] loadEngineSessions: 原始条数 = 18
23:27:00 [log] [sess-diag] loadEngineSessions: reconcile 后 convos = 18 order = 18
23:27:00 [log] [sess-diag] loadEngineSessions: 耗时(ms) fetch = 53 repoRoots = 3 build+reconcile = 6 set = 2 total = 63
23:27:06 [info] [intervention] {"stage":"query","at":1790350026055,"requestId":"8c8d9359eb4b4cd6","origin":"b5094fe8d78e452f","elapsedMs":189,"textChars":50,"queryChars":50,"truncated":false,"result":"miss","reviewId":"mimo-intv-mimo_pc_input_text-2c9c8c512e49491491813a354d1a51eb"}
23:27:06 [info] [content-review] app=mimo_pc_input_text source=input why=oneshot batch=14e0ef04535ab1c4 api=/api/audit/check len=50 images=0 sha=aaf7f65cd9b6 session=ses_ffe5f298357dfffeN82Wln2VmT elapsed=139ms verdict=pass reviewId=mimo-mimo_pc_input_text-d1990e03edce4438aa378d7ea537e477 detail=[serverVerdict=pass resultCode=1 subCode=9 aigc=- hints=0 detailsLen=0 resp=[passed=pass resultCode=1 reviewId=mimo-mimo_pc_input_text-d1990e03edce4438aa378d7ea537e477 offlineReason= offlineDetails=[0 chars] hint=[0 items] subCode=9 aigc=null]]
23:27:06 [info] [content-review] app=mimo_pc_input_image source=input_image why=oneshot batch=c3f66e2d355540cb api=/api/audit/check len=0 images=1 sha=48c11322303f session=ses_ffe5f298357dfffeN82Wln2VmT file=[mimo-paste-1790350024277-8091wi.png] media=[n=1 out=68KB tx=156ms] elapsed=835ms verdict=pass reviewId=mimo-mimo_pc_input_image-1a78368ae5e048e8ae1938cb830c173f detail=[serverVerdict=pass resultCode=1 subCode=9 aigc=- hints=0 detailsLen=0 resp=[passed=pass resultCode=1 reviewId=mimo-mimo_pc_input_image-1a78368ae5e048e8ae1938cb830c173f offlineReason= offlineDetails=[0 chars] hint=[0 items] subCode=9 aigc=null]]
23:27:06 [info] [intervention] {"stage":"prepared","at":1790350026893,"requestId":"8c8d9359eb4b4cd6","origin":"b5094fe8d78e452f","elapsedMs":1027,"textChars":50,"result":"ready","reviewId":"mimo-intv-mimo_pc_input_text-2c9c8c512e49491491813a354d1a51eb"}
23:27:06 [info] [intervention] {"stage":"claim","at":1790350026901,"requestId":"8c8d9359eb4b4cd6","origin":"b5094fe8d78e452f","sessionId":"b5094fe8d78e452f","elapsedMs":1035,"textChars":50,"reviewId":"mimo-intv-mimo_pc_input_text-2c9c8c512e49491491813a354d1a51eb"}
23:27:06 [info] [smart-router] {"origin":"ses_ffe5f298357dfffeN82Wln2VmT","model":"mimo-pro"}
23:27:06 [info] [harness] session origin=ses_ffe5f298357dfffeN82Wln2VmT sid=ses_ffe5f298357dfffeN82Wln2VmT source=user msgLen=50
23:27:06 [info] [turn-power-save] acquired sysId=8 mode=prevent-app-suspension first=run:ses_ffe5f298357dfffeN82Wln2VmT
23:27:06 [info] [intervention] {"stage":"dispatch","at":1790350026988,"requestId":"8c8d9359eb4b4cd6","origin":"b5094fe8d78e452f","runId":"c203299e8bdab263","sessionId":"b5094fe8d78e452f","elapsedMs":1122,"textChars":50,"reviewId":"mimo-intv-mimo_pc_input_text-2c9c8c512e49491491813a354d1a51eb"}
23:27:07 [info] [intervention] {"stage":"user-bound","at":1790350027098,"requestId":"8c8d9359eb4b4cd6","origin":"b5094fe8d78e452f","runId":"c203299e8bdab263","sessionId":"b5094fe8d78e452f","userId":"626fcec307a4880d","elapsedMs":1232,"textChars":50,"reviewId":"mimo-intv-mimo_pc_input_text-2c9c8c512e49491491813a354d1a51eb"}
23:27:07 [info] [intervention] {"stage":"closed","at":1790350027275,"requestId":"8c8d9359eb4b4cd6","origin":"b5094fe8d78e452f","runId":"c203299e8bdab263","sessionId":"b5094fe8d78e452f","userId":"626fcec307a4880d","elapsedMs":1409,"textChars":50,"reviewId":"mimo-intv-mimo_pc_input_text-2c9c8c512e49491491813a354d1a51eb"}
23:27:07 [info] [turn-power-save] released sysId=8 last=run:ses_ffe5f298357dfffeN82Wln2VmT
23:27:07 [log] [sess-diag] engineFetch GET /session/ses_ffe5f298357dfffeN82Wln2VmT/task -> HTTP 200 elapsed=46ms responseBytes=2346 engineUrl= http://127.0.0.1:61550 engineId= mimocode
23:27:07 [log] [sess-diag] engineFetch GET /session/ses_ffe5f298357dfffeN82Wln2VmT -> HTTP 200 elapsed=56ms responseBytes=29556 engineUrl= http://127.0.0.1:61550 engineId= mimocode
23:27:07 [log] [sess-diag] engineFetch GET /session/ses_ffe5f298357dfffeN82Wln2VmT/recovery -> HTTP 200 elapsed=80ms responseBytes=97 engineUrl= http://127.0.0.1:61550 engineId= mimocode
23:27:12 [log] [sess-diag] engineFetch GET /experimental/session?roots=true&limit=2000 -> HTTP 200 elapsed=40ms responseBytes=38752 engineUrl= http://127.0.0.1:61550 engineId= (default)
23:27:12 [log] [sess-diag] loadEngineSessions: 原始条数 = 18
23:27:13 [log] [sess-diag] loadEngineSessions: reconcile 后 convos = 18 order = 18
23:27:13 [log] [sess-diag] loadEngineSessions: 耗时(ms) fetch = 48 repoRoots = 3 build+reconcile = 4 set = 1 total = 56
23:27:15 [log] [sess-diag] engineFetch GET /experimental/session?roots=true&limit=2000 -> HTTP 200 elapsed=46ms responseBytes=38752 engineUrl= http://127.0.0.1:61550 engineId= (default)
23:27:15 [log] [sess-diag] loadEngineSessions: 原始条数 = 18
23:27:15 [log] [sess-diag] loadEngineSessions: reconcile 后 convos = 18 order = 18
23:27:15 [log] [sess-diag] loadEngineSessions: 耗时(ms) fetch = 50 repoRoots = 1 build+reconcile = 8 set = 1 total = 60
23:27:25 [log] [sess-diag] engineFetch GET /experimental/session?roots=true&limit=2000 -> HTTP 200 elapsed=41ms responseBytes=38752 engineUrl= http://127.0.0.1:61550 engineId= (default)
23:27:25 [log] [sess-diag] loadEngineSessions: 原始条数 = 18
23:27:25 [log] [sess-diag] loadEngineSessions: reconcile 后 convos = 18 order = 18
23:27:25 [log] [sess-diag] loadEngineSessions: 耗时(ms) fetch = 45 repoRoots = 3 build+reconcile = 2 set = 1 total = 51
23:27:27 [info] [exit-app] quit via tray menu
23:27:27 [info] [exit-app] before-quit
23:27:27 [info] [window] window closed
23:27:27 [info] [exit-app] window-all-closed platform=win32 appQuitting=true willQuit=false
23:27:31 [info] [boot] MiMo Desktop version=26.923.232338 platform=win32 arch=arm64 os=Windows_NT/10.0.26200 sysver=10.0.26200 mem=7.7GB(free 2.6GB) edition=domestic packaged=true theme=system e2e=false authBypass=false logs=C:\Users\xiaomi\AppData\Roaming\Xiaomi MiMo\logs
23:27:31 [info] [terminal-env] snapshot source: win-registry
23:27:31 [info] [runtimes] injected env: MIMO_NODE,MIMO_PYTHON,MIMO_QPDF,MIMO_GITHUB_MCP_SERVER,MIMO_NODE_MODULES,MIMO_RIPGREP_PATH,MIMO_ELECTRON_NODE_HOST,PYTHONDONTWRITEBYTECODE
23:27:31 [log] [api-base] cached-region reader injected after settle -> ignored
23:27:31 [log] [api-base] system-country reader injected after settle -> ignored
23:27:31 [info] [user-auth] init ok requiresCnAccount=true cachedRegion=CN localeCountry=CN
23:27:31 [warn] [libreoffice-runtime] setup not-configured key=win32-arm64 (manifest 缺项或未发布;静默降级)
23:27:31 [info] [on-demand-assets] setup ready descriptors=soundfont(1f),query-classifier(4f) not-configured=none
23:27:31 [info] [engine] reloadConfigOnNextSession (plugin change)
23:27:31 [error] [plugins] registry corrupt/unreadable at startup seed; closing automation HostMcp gate
23:27:31 [info] [engine] reloadConfigOnNextSession (plugin change)
23:27:31 [info] [plugins] setup ok count=0
23:27:31 [info] [apm] region=CN source=cache
23:27:32 [log] [evolve-observatory] evolve observatory server listening on 127.0.0.1:60550
23:27:32 [log] [mimo][api] listening on 127.0.0.1:60551
23:27:32 [info] [boot] app ready in 850.175048828125ms
23:27:32 [error] [plugins] registry corrupt/unreadable at readiness settle; keeping automation HostMcp gate closed
23:27:32 [info] [engine] reloadConfigOnNextSession (plugin change)
23:27:32 [info] [presentation-host] started socket=C:\Users\xiaomi\AppData\Roaming\Xiaomi MiMo\presentation-host\7f6cf98f2a7b.sock
23:27:32 [info] [application] activated (main window created)
23:27:32 [info] [tray] enabled=true
23:27:32 [info] [updater] setup begin
23:27:32 [info] [updater] setup platform=win32 packaged=true version=26.923.232338 e2e=false
23:27:32 [info] [updater/win] transaction reconcile kind=none
23:27:32 [info] [updater/win] auto-updater path feed=https://mimocode-cdn.xiaomimimo.com/mimocode/mimodesktop/manifest.json
23:27:32 [info] [engine] prewarm startEngine
23:27:32 [info] [plugins] automation background startup settled {"elapsedMs":717}
23:27:33 [info] [db] prewarm ok in 1881ms
23:27:33 [info] [artifacts] reconciliation starting
23:27:34 [log] [xiaomi-auth] probeStatus start (hidden-window path)
23:27:34 [info] [engine] HostMcp runtime available=true
23:27:34 [info] [engine] reloadConfigOnNextSession (plugin change)
23:27:34 [warn] [query-classification] warmup-unavailable {"code":"inference-failed"}
23:27:36 [log] [DeviceId] generated:
23:27:38 [info] [libreoffice-runtime] prefetch skipped (not-configured)
23:27:38 [info] [on-demand-assets] prefetch start queue=[soundfont,query-classifier]
23:27:38 [info] [on-demand-assets] soundfont cache-hit (1 files);skip download
23:27:38 [info] [on-demand-assets] query-classifier cache-hit (4 files);skip download
23:27:38 [log] [mimo] engine in-process server ready http://127.0.0.1:53459
23:27:38 [info] [engine] prewarm ok
23:27:38 [info] [mimo] loop_streak_recovery=on · experimental crop enabled for next requests
23:27:38 [log] [model-catalog] xiaomi login not confirmed -> skip fetch, keep cache
23:27:38 [info] Checking for update
23:27:39 [info] Update for version 26.923.232338 is not available (latest version: 26.923.232338, downgrade is disallowed).
23:27:39 [log] [xiaomi-auth] probeStatus done kind=authenticated userId=602054437
23:27:40 [info] [experiment] initializing app=mimoDesktop(新加坡) env=ksmoscloudsrv service=<sdk-default>
23:27:40 [info] [config] loading from: https://cdn-exp-sg-recommend.pt.xiaomi.com/service/getClientBitMapExpConf/mimoDesktop(%E6%96%B0%E5%8A%A0%E5%9D%A1)
23:27:40 [info] [user-auth] initialize done xiaomi-logged-in=true
23:27:40 [error] (node:2608) [DEP0180] DeprecationWarning: fs.Stats constructor is deprecated.\n(Use `Xiaomi MiMo --trace-deprecation ...` to show where the warning was created)
23:27:41 [info] [config] loaded tree for mimoDesktop(新加坡): children=2, upRuleIds=0
23:27:41 [info] [config] remote config loaded: 1 apps
23:27:41 [info] [config] loaded successfully: 1 apps
23:27:41 [info] [experiment] key=feature_gates id=101197 type=string value={\n    "domestic": { "show_mcp_entry": false, "show_custom_model_button": true, "loop_streak_recovery": true, "show_evolve_entry": true,"show_computeruse": false, "show_browseruse": false, "show_pay": … elapsed=873ms
23:27:41 [info] [feature-gates] refresh: ok (elapsed=897ms)
23:27:41 [log] [sess-diag] engineFetch GET /experimental/session?roots=true&limit=2000 -> HTTP 200 elapsed=2889ms responseBytes=38752 engineUrl= http://127.0.0.1:53459 engineId= (default)
23:27:41 [log] [sess-diag] loadEngineSessions: 原始条数 = 18
23:27:41 [log] [sess-diag] loadEngineSessions: reconcile 后 convos = 18 order = 18
23:27:41 [log] [sess-diag] loadEngineSessions: 耗时(ms) fetch = 2915 repoRoots = 14 build+reconcile = 6 set = 1 total = 2935
23:27:42 [info] [artifacts] reconciliation started
23:27:43 [log] [sess-diag] engineFetch GET /session/ses_ffe5f298357dfffeN82Wln2VmT/recovery -> HTTP 200 elapsed=92ms responseBytes=97 engineUrl= http://127.0.0.1:53459 engineId= (default)
23:27:43 [log] [sess-diag] engineFetch GET /session/ses_ffe5f298357dfffeN82Wln2VmT/message -> HTTP 200 elapsed=60ms responseBytes=3626537 engineUrl= http://127.0.0.1:53459 engineId= (default)
23:27:44 [log] [sess-diag] engineFetch GET /session/ses_ffe5f298357dfffeN82Wln2VmT/actors -> HTTP 200 elapsed=363ms responseBytes=579 engineUrl= http://127.0.0.1:53459 engineId= (default)
23:27:47 [info] [intervention] {"stage":"query","at":1790350067492,"requestId":"167f41f2b0d6435d","origin":"b5094fe8d78e452f","elapsedMs":86,"textChars":50,"queryChars":50,"truncated":false,"result":"miss","reviewId":"mimo-intv-mimo_pc_input_text-71ac8d5502f44125be6211a08d199df1"}
23:27:47 [info] [content-review] app=mimo_pc_input_text source=input why=oneshot batch=5f11f44b9a32a8eb api=/api/audit/check len=50 images=0 sha=aaf7f65cd9b6 session=ses_ffe5f298357dfffeN82Wln2VmT elapsed=175ms verdict=pass reviewId=mimo-mimo_pc_input_text-039e9ee7b0574d998a49f1ed5343c5e7 detail=[serverVerdict=pass resultCode=1 subCode=9 aigc=- hints=0 detailsLen=0 resp=[passed=pass resultCode=1 reviewId=mimo-mimo_pc_input_text-039e9ee7b0574d998a49f1ed5343c5e7 offlineReason= offlineDetails=[0 chars] hint=[0 items] subCode=9 aigc=null]]
23:27:48 [info] [content-review] app=mimo_pc_input_image source=input_image why=oneshot batch=f1fdcef8ad74dffb api=/api/audit/check len=0 images=1 sha=db1f8c23510f session=ses_ffe5f298357dfffeN82Wln2VmT file=[mimo-paste-1790350038563-nov7j1.png] media=[n=1 out=68KB tx=114ms] elapsed=615ms verdict=pass reviewId=mimo-mimo_pc_input_image-247bc65c9c764359bafed1b3133c509f detail=[serverVerdict=pass resultCode=1 subCode=9 aigc=- hints=0 detailsLen=0 resp=[passed=pass resultCode=1 reviewId=mimo-mimo_pc_input_image-247bc65c9c764359bafed1b3133c509f offlineReason= offlineDetails=[0 chars] hint=[0 items] subCode=9 aigc=null]]
23:27:48 [info] [intervention] {"stage":"prepared","at":1790350068111,"requestId":"167f41f2b0d6435d","origin":"b5094fe8d78e452f","elapsedMs":705,"textChars":50,"result":"ready","reviewId":"mimo-intv-mimo_pc_input_text-71ac8d5502f44125be6211a08d199df1"}
23:27:48 [info] [intervention] {"stage":"claim","at":1790350068130,"requestId":"167f41f2b0d6435d","origin":"b5094fe8d78e452f","sessionId":"b5094fe8d78e452f","elapsedMs":724,"textChars":50,"reviewId":"mimo-intv-mimo_pc_input_text-71ac8d5502f44125be6211a08d199df1"}
23:27:48 [info] [smart-router] {"origin":"ses_ffe5f298357dfffeN82Wln2VmT","model":"mimo-pro"}
23:27:48 [info] [harness] session origin=ses_ffe5f298357dfffeN82Wln2VmT sid=ses_ffe5f298357dfffeN82Wln2VmT source=user msgLen=50
23:27:48 [info] [turn-power-save] acquired sysId=0 mode=prevent-app-suspension first=run:ses_ffe5f298357dfffeN82Wln2VmT
23:27:48 [info] [intervention] {"stage":"dispatch","at":1790350068463,"requestId":"167f41f2b0d6435d","origin":"b5094fe8d78e452f","runId":"a7e47a59d1957a9c","sessionId":"b5094fe8d78e452f","elapsedMs":1057,"textChars":50,"reviewId":"mimo-intv-mimo_pc_input_text-71ac8d5502f44125be6211a08d199df1"}
23:27:48 [info] [intervention] {"stage":"user-bound","at":1790350068597,"requestId":"167f41f2b0d6435d","origin":"b5094fe8d78e452f","runId":"a7e47a59d1957a9c","sessionId":"b5094fe8d78e452f","userId":"2cbc86adf31f579f","elapsedMs":1191,"textChars":50,"reviewId":"mimo-intv-mimo_pc_input_text-71ac8d5502f44125be6211a08d199df1"}
23:27:49 [info] [intervention] {"stage":"model.start","at":1790350069055,"requestId":"167f41f2b0d6435d","origin":"b5094fe8d78e452f","runId":"a7e47a59d1957a9c","sessionId":"b5094fe8d78e452f","userId":"2cbc86adf31f579f","assistantId":"2d13841bb5f8b414","ephemeral":false,"hasScope":true,"route":"upstream"}
23:27:49 [info] [intervention] {"stage":"fetch.start","at":1790350069078,"requestId":"167f41f2b0d6435d","origin":"b5094fe8d78e452f","runId":"a7e47a59d1957a9c","sessionId":"b5094fe8d78e452f","userId":"2cbc86adf31f579f","assistantId":"2d13841bb5f8b414","ephemeral":false,"hasScope":true,"protocol":"chat-completions","route":"upstream"}
23:27:59 [info] [intervention] {"stage":"fetch.response","at":1790350079023,"requestId":"167f41f2b0d6435d","origin":"b5094fe8d78e452f","runId":"a7e47a59d1957a9c","sessionId":"b5094fe8d78e452f","userId":"2cbc86adf31f579f","assistantId":"2d13841bb5f8b414","elapsedMs":9945,"status":200,"ephemeral":false,"hasScope":true,"protocol":"chat-completions","route":"upstream"}
23:28:08 [log] [sess-diag] engineFetch GET /experimental/session?roots=true&limit=2000 -> HTTP 200 elapsed=23ms responseBytes=38752 engineUrl= http://127.0.0.1:53459 engineId= (default)
23:28:08 [log] [sess-diag] loadEngineSessions: 原始条数 = 18
23:28:08 [log] [sess-diag] loadEngineSessions: reconcile 后 convos = 18 order = 18
23:28:08 [log] [sess-diag] loadEngineSessions: 耗时(ms) fetch = 25 repoRoots = 82 build+reconcile = 3 set = 1 total = 111
23:28:38 [log] [sess-diag] engineFetch GET /experimental/session?roots=true&limit=2000 -> HTTP 200 elapsed=19ms responseBytes=38752 engineUrl= http://127.0.0.1:53459 engineId= (default)
23:28:38 [log] [sess-diag] loadEngineSessions: 原始条数 = 18
23:28:38 [log] [sess-diag] loadEngineSessions: reconcile 后 convos = 18 order = 18
23:28:38 [log] [sess-diag] loadEngineSessions: 耗时(ms) fetch = 22 repoRoots = 2 build+reconcile = 4 set = 1 total = 29
23:29:06 [info] [content-review/turn-binding] note-no-slot key=ses_ffe5f298357dfffeN82Wln2VmT anchor=msg:msg_g001a0d92e0c78001RogAVLtqx
23:29:06 [info] [intervention] {"stage":"output","at":1790350146337,"runId":"a7e47a59d1957a9c","sessionId":"b5094fe8d78e452f","assistantId":"2d13841bb5f8b414","textChars":2,"reviewSkipped":false}
23:29:08 [log] [sess-diag] engineFetch GET /experimental/session?roots=true&limit=2000 -> HTTP 200 elapsed=21ms responseBytes=38752 engineUrl= http://127.0.0.1:53459 engineId= (default)
23:29:08 [log] [sess-diag] loadEngineSessions: 原始条数 = 18
23:29:08 [log] [sess-diag] loadEngineSessions: reconcile 后 convos = 18 order = 18
23:29:08 [log] [sess-diag] loadEngineSessions: 耗时(ms) fetch = 32 repoRoots = 1 build+reconcile = 2 set = 1 total = 35
23:29:15 [log] [perm-model-approve] start permission=bash model=mimo-pro
23:29:17 [log] [perm-model-approve] http candidate=session:mimo-pro protocol=openai model=mimo-pro host=mimo-server-cn.xiaomimimo.com probe=true status=200
23:29:17 [log] [perm-model-approve] probe candidate=session model=mimo-pro ok=true
23:29:25 [log] [perm-model-approve] http candidate=session:mimo-pro protocol=openai model=mimo-pro host=mimo-server-cn.xiaomimimo.com probe=false status=200
23:29:25 [log] [perm-model-approve] judge permission=bash candidate=session model=mimo-pro queries=1 decision=ask
23:29:38 [log] [sess-diag] engineFetch GET /experimental/session?roots=true&limit=2000 -> HTTP 200 elapsed=23ms responseBytes=38752 engineUrl= http://127.0.0.1:53459 engineId= (default)
23:29:38 [log] [sess-diag] loadEngineSessions: 原始条数 = 18
23:29:38 [log] [sess-diag] loadEngineSessions: reconcile 后 convos = 18 order = 18
23:29:38 [log] [sess-diag] loadEngineSessions: 耗时(ms) fetch = 26 repoRoots = 2 build+reconcile = 5 set = 1 total = 34
23:30:08 [log] [sess-diag] engineFetch GET /experimental/session?roots=true&limit=2000 -> HTTP 200 elapsed=21ms responseBytes=38752 engineUrl= http://127.0.0.1:53459 engineId= (default)
23:30:08 [log] [sess-diag] loadEngineSessions: 原始条数 = 18
23:30:08 [log] [sess-diag] loadEngineSessions: reconcile 后 convos = 18 order = 18
23:30:08 [log] [sess-diag] loadEngineSessions: 耗时(ms) fetch = 25 repoRoots = 2 build+reconcile = 4 set = 1 total = 32
23:30:19 [log] [sess-diag] engineFetch GET /experimental/session?roots=true&limit=2000 -> HTTP 200 elapsed=101ms responseBytes=38752 engineUrl= http://127.0.0.1:53459 engineId= (default)
23:30:19 [log] [sess-diag] loadEngineSessions: 原始条数 = 18
23:30:19 [log] [sess-diag] loadEngineSessions: reconcile 后 convos = 18 order = 18
23:30:19 [info] [hidden-bounds] bounds drifted after show, re-applied {"current":{"x":-7,"y":-7,"width":1722,"height":1058},"target":{"x":0,"y":0,"width":1707,"height":1043}}
23:30:19 [log] [sess-diag] loadEngineSessions: 耗时(ms) fetch = 104 repoRoots = 1 build+reconcile = 3 set = 2 total = 109
23:30:24 [log] [perm-autopass] allow permission=bash
23:30:26 [info] [intervention] {"stage":"model.start","at":1790350226428,"requestId":"167f41f2b0d6435d","origin":"b5094fe8d78e452f","runId":"a7e47a59d1957a9c","sessionId":"b5094fe8d78e452f","userId":"2cbc86adf31f579f","assistantId":"5346e55a128b5451","ephemeral":false,"hasScope":true,"route":"upstream"}
23:30:26 [info] [intervention] {"stage":"fetch.start","at":1790350226454,"requestId":"167f41f2b0d6435d","origin":"b5094fe8d78e452f","runId":"a7e47a59d1957a9c","sessionId":"b5094fe8d78e452f","userId":"2cbc86adf31f579f","assistantId":"5346e55a128b5451","ephemeral":false,"hasScope":true,"protocol":"chat-completions","route":"upstream"}
23:30:32 [info] [intervention] {"stage":"fetch.response","at":1790350232896,"requestId":"167f41f2b0d6435d","origin":"b5094fe8d78e452f","runId":"a7e47a59d1957a9c","sessionId":"b5094fe8d78e452f","userId":"2cbc86adf31f579f","assistantId":"5346e55a128b5451","elapsedMs":6442,"status":200,"ephemeral":false,"hasScope":true,"protocol":"chat-completions","route":"upstream"}
23:30:34 [info] [intervention] {"stage":"output","at":1790350234223,"runId":"a7e47a59d1957a9c","sessionId":"b5094fe8d78e452f","assistantId":"5346e55a128b5451","textChars":2,"reviewSkipped":false}
23:30:38 [log] [sess-diag] engineFetch GET /experimental/session?roots=true&limit=2000 -> HTTP 200 elapsed=24ms responseBytes=38752 engineUrl= http://127.0.0.1:53459 engineId= (default)
23:30:38 [log] [sess-diag] loadEngineSessions: 原始条数 = 18
23:30:38 [log] [sess-diag] loadEngineSessions: reconcile 后 convos = 18 order = 18
23:30:38 [log] [sess-diag] loadEngineSessions: 耗时(ms) fetch = 27 repoRoots = 3 build+reconcile = 4 set = 1 total = 34
23:30:43 [log] [perm-autopass] allow permission=bash
23:31:08 [log] [sess-diag] engineFetch GET /experimental/session?roots=true&limit=2000 -> HTTP 200 elapsed=19ms responseBytes=38752 engineUrl= http://127.0.0.1:53459 engineId= (default)
23:31:08 [log] [sess-diag] loadEngineSessions: 原始条数 = 18
23:31:08 [log] [sess-diag] loadEngineSessions: reconcile 后 convos = 18 order = 18
23:31:08 [log] [sess-diag] loadEngineSessions: 耗时(ms) fetch = 23 repoRoots = 2 build+reconcile = 4 set = 1 total = 30
23:31:15 [info] [intervention] {"stage":"model.start","at":1790350275208,"requestId":"167f41f2b0d6435d","origin":"b5094fe8d78e452f","runId":"a7e47a59d1957a9c","sessionId":"b5094fe8d78e452f","userId":"2cbc86adf31f579f","assistantId":"2d23c8a07c401a57","ephemeral":false,"hasScope":true,"route":"upstream"}
23:31:15 [info] [intervention] {"stage":"fetch.start","at":1790350275234,"requestId":"167f41f2b0d6435d","origin":"b5094fe8d78e452f","runId":"a7e47a59d1957a9c","sessionId":"b5094fe8d78e452f","userId":"2cbc86adf31f579f","assistantId":"2d23c8a07c401a57","ephemeral":false,"hasScope":true,"protocol":"chat-completions","route":"upstream"}
23:31:22 [info] [intervention] {"stage":"fetch.response","at":1790350282745,"requestId":"167f41f2b0d6435d","origin":"b5094fe8d78e452f","runId":"a7e47a59d1957a9c","sessionId":"b5094fe8d78e452f","userId":"2cbc86adf31f579f","assistantId":"2d23c8a07c401a57","elapsedMs":7511,"status":200,"ephemeral":false,"hasScope":true,"protocol":"chat-completions","route":"upstream"}
23:31:28 [info] [intervention] {"stage":"output","at":1790350288517,"runId":"a7e47a59d1957a9c","sessionId":"b5094fe8d78e452f","assistantId":"2d23c8a07c401a57","textChars":2,"reviewSkipped":false}
23:31:38 [log] [sess-diag] engineFetch GET /experimental/session?roots=true&limit=2000 -> HTTP 200 elapsed=19ms responseBytes=38752 engineUrl= http://127.0.0.1:53459 engineId= (default)
23:31:38 [log] [sess-diag] loadEngineSessions: 原始条数 = 18
23:31:38 [log] [sess-diag] loadEngineSessions: reconcile 后 convos = 18 order = 18
23:31:38 [log] [sess-diag] loadEngineSessions: 耗时(ms) fetch = 24 repoRoots = 2 build+reconcile = 4 set = 1 total = 30
23:31:40 [log] [sess-diag] engineFetch GET /session/ses_ffe5f3312d0fbffe7w4dZ2rCoN/recovery -> HTTP 200 elapsed=69ms responseBytes=2 engineUrl= http://127.0.0.1:53459 engineId= (default)
23:31:40 [log] [sess-diag] engineFetch GET /session/ses_ffe5f3312d0fbffe7w4dZ2rCoN/message -> HTTP 200 elapsed=54ms responseBytes=536676 engineUrl= http://127.0.0.1:53459 engineId= (default)
23:31:41 [log] [sess-diag] engineFetch GET /session/ses_ffe5f3312d0fbffe7w4dZ2rCoN/actors -> HTTP 200 elapsed=142ms responseBytes=2 engineUrl= http://127.0.0.1:53459 engineId= (default)
23:31:42 [info] [intervention] {"stage":"model.start","at":1790350302016,"requestId":"167f41f2b0d6435d","origin":"b5094fe8d78e452f","runId":"a7e47a59d1957a9c","sessionId":"b5094fe8d78e452f","userId":"2cbc86adf31f579f","assistantId":"a9699242dde69e44","ephemeral":false,"hasScope":true,"route":"upstream"}
23:31:42 [info] [intervention] {"stage":"fetch.start","at":1790350302046,"requestId":"167f41f2b0d6435d","origin":"b5094fe8d78e452f","runId":"a7e47a59d1957a9c","sessionId":"b5094fe8d78e452f","userId":"2cbc86adf31f579f","assistantId":"a9699242dde69e44","ephemeral":false,"hasScope":true,"protocol":"chat-completions","route":"upstream"}
23:31:47 [info] [intervention] {"stage":"fetch.response","at":1790350307723,"requestId":"167f41f2b0d6435d","origin":"b5094fe8d78e452f","runId":"a7e47a59d1957a9c","sessionId":"b5094fe8d78e452f","userId":"2cbc86adf31f579f","assistantId":"a9699242dde69e44","elapsedMs":5677,"status":200,"ephemeral":false,"hasScope":true,"protocol":"chat-completions","route":"upstream"}
23:32:01 [log] [perm-autopass] allow permission=bash
23:32:03 [info] [intervention] {"stage":"model.start","at":1790350323839,"requestId":"167f41f2b0d6435d","origin":"b5094fe8d78e452f","runId":"a7e47a59d1957a9c","sessionId":"b5094fe8d78e452f","userId":"2cbc86adf31f579f","assistantId":"8f25b9f3455b7b0b","ephemeral":false,"hasScope":true,"route":"upstream"}
23:32:03 [info] [intervention] {"stage":"fetch.start","at":1790350323864,"requestId":"167f41f2b0d6435d","origin":"b5094fe8d78e452f","runId":"a7e47a59d1957a9c","sessionId":"b5094fe8d78e452f","userId":"2cbc86adf31f579f","assistantId":"8f25b9f3455b7b0b","ephemeral":false,"hasScope":true,"protocol":"chat-completions","route":"upstream"}
23:32:07 [info] [intervention] {"stage":"fetch.response","at":1790350327658,"requestId":"167f41f2b0d6435d","origin":"b5094fe8d78e452f","runId":"a7e47a59d1957a9c","sessionId":"b5094fe8d78e452f","userId":"2cbc86adf31f579f","assistantId":"8f25b9f3455b7b0b","elapsedMs":3794,"status":200,"ephemeral":false,"hasScope":true,"protocol":"chat-completions","route":"upstream"}
23:32:08 [log] [sess-diag] engineFetch GET /experimental/session?roots=true&limit=2000 -> HTTP 200 elapsed=19ms responseBytes=38752 engineUrl= http://127.0.0.1:53459 engineId= (default)
23:32:08 [log] [sess-diag] loadEngineSessions: 原始条数 = 18
23:32:08 [log] [sess-diag] loadEngineSessions: reconcile 后 convos = 18 order = 18
23:32:08 [log] [sess-diag] loadEngineSessions: 耗时(ms) fetch = 23 repoRoots = 2 build+reconcile = 4 set = 1 total = 30
23:32:11 [info] [intervention] {"stage":"output","at":1790350331936,"runId":"a7e47a59d1957a9c","sessionId":"b5094fe8d78e452f","assistantId":"8f25b9f3455b7b0b","textChars":2,"reviewSkipped":false}
23:32:25 [log] [perm-autopass] allow permission=bash
23:32:27 [info] [intervention] {"stage":"model.start","at":1790350347374,"requestId":"167f41f2b0d6435d","origin":"b5094fe8d78e452f","runId":"a7e47a59d1957a9c","sessionId":"b5094fe8d78e452f","userId":"2cbc86adf31f579f","assistantId":"dbc67c7afb36e3b2","ephemeral":false,"hasScope":true,"route":"upstream"}
23:32:27 [info] [intervention] {"stage":"fetch.start","at":1790350347395,"requestId":"167f41f2b0d6435d","origin":"b5094fe8d78e452f","runId":"a7e47a59d1957a9c","sessionId":"b5094fe8d78e452f","userId":"2cbc86adf31f579f","assistantId":"dbc67c7afb36e3b2","ephemeral":false,"hasScope":true,"protocol":"chat-completions","route":"upstream"}
23:32:37 [info] [intervention] {"stage":"fetch.response","at":1790350357510,"requestId":"167f41f2b0d6435d","origin":"b5094fe8d78e452f","runId":"a7e47a59d1957a9c","sessionId":"b5094fe8d78e452f","userId":"2cbc86adf31f579f","assistantId":"dbc67c7afb36e3b2","elapsedMs":10115,"status":200,"ephemeral":false,"hasScope":true,"protocol":"chat-completions","route":"upstream"}
23:32:37 [info] [intervention] {"stage":"output","at":1790350357870,"runId":"a7e47a59d1957a9c","sessionId":"b5094fe8d78e452f","assistantId":"dbc67c7afb36e3b2","textChars":2,"reviewSkipped":false}
23:32:38 [log] [sess-diag] engineFetch GET /experimental/session?roots=true&limit=2000 -> HTTP 200 elapsed=21ms responseBytes=38752 engineUrl= http://127.0.0.1:53459 engineId= (default)
23:32:38 [log] [sess-diag] loadEngineSessions: 原始条数 = 18
23:32:38 [log] [sess-diag] loadEngineSessions: reconcile 后 convos = 18 order = 18
23:32:38 [log] [sess-diag] loadEngineSessions: 耗时(ms) fetch = 25 repoRoots = 2 build+reconcile = 4 set = 1 total = 31
23:32:41 [log] [perm-autopass] allow permission=bash
23:32:42 [info] [intervention] {"stage":"model.start","at":1790350362741,"requestId":"167f41f2b0d6435d","origin":"b5094fe8d78e452f","runId":"a7e47a59d1957a9c","sessionId":"b5094fe8d78e452f","userId":"2cbc86adf31f579f","assistantId":"a4837c96096c93f1","ephemeral":false,"hasScope":true,"route":"upstream"}
23:32:42 [info] [intervention] {"stage":"fetch.start","at":1790350362770,"requestId":"167f41f2b0d6435d","origin":"b5094fe8d78e452f","runId":"a7e47a59d1957a9c","sessionId":"b5094fe8d78e452f","userId":"2cbc86adf31f579f","assistantId":"a4837c96096c93f1","ephemeral":false,"hasScope":true,"protocol":"chat-completions","route":"upstream"}
23:32:51 [info] [intervention] {"stage":"fetch.response","at":1790350371007,"requestId":"167f41f2b0d6435d","origin":"b5094fe8d78e452f","runId":"a7e47a59d1957a9c","sessionId":"b5094fe8d78e452f","userId":"2cbc86adf31f579f","assistantId":"a4837c96096c93f1","elapsedMs":8237,"status":200,"ephemeral":false,"hasScope":true,"protocol":"chat-completions","route":"upstream"}
23:32:51 [info] [intervention] {"stage":"output","at":1790350371301,"runId":"a7e47a59d1957a9c","sessionId":"b5094fe8d78e452f","assistantId":"a4837c96096c93f1","textChars":4,"reviewSkipped":false}
23:32:57 [log] [perm-autopass] allow permission=bash
23:32:59 [info] [intervention] {"stage":"model.start","at":1790350379207,"requestId":"167f41f2b0d6435d","origin":"b5094fe8d78e452f","runId":"a7e47a59d1957a9c","sessionId":"b5094fe8d78e452f","userId":"2cbc86adf31f579f","assistantId":"b9c5c1feb98d0e1b","ephemeral":false,"hasScope":true,"route":"upstream"}
23:32:59 [info] [intervention] {"stage":"fetch.start","at":1790350379228,"requestId":"167f41f2b0d6435d","origin":"b5094fe8d78e452f","runId":"a7e47a59d1957a9c","sessionId":"b5094fe8d78e452f","userId":"2cbc86adf31f579f","assistantId":"b9c5c1feb98d0e1b","ephemeral":false,"hasScope":true,"protocol":"chat-completions","route":"upstream"}
23:33:06 [info] [intervention] {"stage":"fetch.response","at":1790350386572,"requestId":"167f41f2b0d6435d","origin":"b5094fe8d78e452f","runId":"a7e47a59d1957a9c","sessionId":"b5094fe8d78e452f","userId":"2cbc86adf31f579f","assistantId":"b9c5c1feb98d0e1b","elapsedMs":7344,"status":200,"ephemeral":false,"hasScope":true,"protocol":"chat-completions","route":"upstream"}
23:33:07 [info] [intervention] {"stage":"output","at":1790350387238,"runId":"a7e47a59d1957a9c","sessionId":"b5094fe8d78e452f","assistantId":"b9c5c1feb98d0e1b","textChars":1,"reviewSkipped":false}
23:33:08 [log] [sess-diag] engineFetch GET /experimental/session?roots=true&limit=2000 -> HTTP 200 elapsed=35ms responseBytes=38752 engineUrl= http://127.0.0.1:53459 engineId= (default)
23:33:08 [log] [sess-diag] loadEngineSessions: 原始条数 = 18
23:33:08 [log] [sess-diag] loadEngineSessions: reconcile 后 convos = 18 order = 18
23:33:08 [log] [sess-diag] loadEngineSessions: 耗时(ms) fetch = 96 repoRoots = 1 build+reconcile = 2 set = 1 total = 100
23:33:11 [info] [content-review] app=mimo_pc_output_text source=conversation why=limit batch=b4d060bca373277a api=/api/audit/check len=392 images=0 sha=61bb173bbe55 session=ses_ffe5f298357dfffeN82Wln2VmT elapsed=238ms verdict=pass reviewId=mimo-mimo_pc_output_text-f2dc54ea336d49aba0dafbd9d6e7d804 detail=[serverVerdict=pass resultCode=1 subCode=9 aigc=- hints=0 detailsLen=0 resp=[passed=pass resultCode=1 reviewId=mimo-mimo_pc_output_text-f2dc54ea336d49aba0dafbd9d6e7d804 offlineReason= offlineDetails=[0 chars] hint=[0 items] subCode=9 aigc=null]]
23:33:12 [info] [intervention] {"stage":"closed","at":1790350392897,"requestId":"167f41f2b0d6435d","origin":"b5094fe8d78e452f","runId":"a7e47a59d1957a9c","sessionId":"b5094fe8d78e452f","userId":"2cbc86adf31f579f","elapsedMs":325491,"textChars":50,"reviewId":"mimo-intv-mimo_pc_input_text-71ac8d5502f44125be6211a08d199df1"}
23:33:12 [info] [turn-power-save] released sysId=0 last=run:ses_ffe5f298357dfffeN82Wln2VmT
23:33:13 [log] [sess-diag] engineFetch GET /session/ses_ffe5f298357dfffeN82Wln2VmT/recovery -> HTTP 200 elapsed=136ms responseBytes=2 engineUrl= http://127.0.0.1:53459 engineId= mimocode
23:33:13 [log] [sess-diag] engineFetch GET /session/ses_ffe5f298357dfffeN82Wln2VmT/task -> HTTP 200 elapsed=153ms responseBytes=2346 engineUrl= http://127.0.0.1:53459 engineId= mimocode
23:33:13 [log] [sess-diag] engineFetch GET /session/ses_ffe5f298357dfffeN82Wln2VmT -> HTTP 200 elapsed=147ms responseBytes=29556 engineUrl= http://127.0.0.1:53459 engineId= mimocode
23:33:13 [info] [content-review] app=mimo_pc_output_text source=conversation why=flush batch=ae4fe649189bb08f api=/api/audit/check len=206 images=0 sha=b92adca5240e session=ses_ffe5f298357dfffeN82Wln2VmT elapsed=311ms verdict=pass reviewId=mimo-mimo_pc_output_text-d0841fa8da4948c9bab56c2797387c01 detail=[serverVerdict=pass resultCode=1 subCode=9 aigc=- hints=0 detailsLen=0 resp=[passed=pass resultCode=1 reviewId=mimo-mimo_pc_output_text-d0841fa8da4948c9bab56c2797387c01 offlineReason= offlineDetails=[0 chars] hint=[0 items] subCode=9 aigc=null]]
23:33:13 [info] [content-review] app=mimo_pc_output_text source=conversation why=flush batch=d5295038ab3c4950 api=/api/audit/check len=144 images=0 sha=1a7e8826e61b session=ses_ffe5f298357dfffeN82Wln2VmT elapsed=142ms verdict=pass reviewId=mimo-mimo_pc_output_text-9bd434eee54847438e0763100170f054 detail=[serverVerdict=pass resultCode=1 subCode=9 aigc=- hints=0 detailsLen=0 resp=[passed=pass resultCode=1 reviewId=mimo-mimo_pc_output_text-9bd434eee54847438e0763100170f054 offlineReason= offlineDetails=[0 chars] hint=[0 items] subCode=9 aigc=null]]
23:33:13 [info] [content-review] app=mimo_pc_output_text source=conversation why=flush batch=d041a8518370dafa api=/api/audit/check len=48 images=0 sha=9c160b1b6f16 session=ses_ffe5f298357dfffeN82Wln2VmT elapsed=143ms verdict=pass reviewId=mimo-mimo_pc_output_text-e934f8f45de541fd92d120d19b819c10 detail=[serverVerdict=pass resultCode=1 subCode=9 aigc=- hints=0 detailsLen=0 resp=[passed=pass resultCode=1 reviewId=mimo-mimo_pc_output_text-e934f8f45de541fd92d120d19b819c10 offlineReason= offlineDetails=[0 chars] hint=[0 items] subCode=9 aigc=null]]
23:33:13 [info] [content-review] app=mimo_pc_output_text source=conversation why=flush batch=12afc170c08197c3 api=/api/audit/check len=47 images=0 sha=62e8731ca0c8 session=ses_ffe5f298357dfffeN82Wln2VmT elapsed=165ms verdict=pass reviewId=mimo-mimo_pc_output_text-5f5e7804c51f439192c7d12a2f340225 detail=[serverVerdict=pass resultCode=1 subCode=9 aigc=- hints=0 detailsLen=0 resp=[passed=pass resultCode=1 reviewId=mimo-mimo_pc_output_text-5f5e7804c51f439192c7d12a2f340225 offlineReason= offlineDetails=[0 chars] hint=[0 items] subCode=9 aigc=null]]
23:33:13 [info] [content-review] app=mimo_pc_output_text source=conversation why=flush batch=e5e85efd6d2b3426 api=/api/audit/check len=10 images=0 sha=2ef8683c9fba session=ses_ffe5f298357dfffeN82Wln2VmT elapsed=155ms verdict=pass reviewId=mimo-mimo_pc_output_text-7a72310cf837476dbd8bcea8fe1c1189 detail=[serverVerdict=pass resultCode=1 subCode=9 aigc=- hints=0 detailsLen=0 resp=[passed=pass resultCode=1 reviewId=mimo-mimo_pc_output_text-7a72310cf837476dbd8bcea8fe1c1189 offlineReason= offlineDetails=[0 chars] hint=[0 items] subCode=9 aigc=null]]
23:33:13 [info] [content-review] app=mimo_pc_output_text source=conversation why=flush batch=9511458ba412ea85 api=/api/audit/check len=15 images=0 sha=2242e83a55f4 session=ses_ffe5f298357dfffeN82Wln2VmT elapsed=157ms verdict=pass reviewId=mimo-mimo_pc_output_text-3baf34d1eb7f4d78b383c7b909712768 detail=[serverVerdict=pass resultCode=1 subCode=9 aigc=- hints=0 detailsLen=0 resp=[passed=pass resultCode=1 reviewId=mimo-mimo_pc_output_text-3baf34d1eb7f4d78b383c7b909712768 offlineReason= offlineDetails=[0 chars] hint=[0 items] subCode=9 aigc=null]]
23:33:14 [info] [content-review] app=mimo_pc_output_text source=conversation why=flush batch=b4d060bca373277a api=/api/audit/check len=211 images=0 sha=0fe661ca68ac session=ses_ffe5f298357dfffeN82Wln2VmT elapsed=247ms verdict=pass reviewId=mimo-mimo_pc_output_text-80070909bfee448a946e07d0eec78020 detail=[serverVerdict=pass resultCode=1 subCode=9 aigc=- hints=0 detailsLen=0 resp=[passed=pass resultCode=1 reviewId=mimo-mimo_pc_output_text-80070909bfee448a946e07d0eec78020 offlineReason= offlineDetails=[0 chars] hint=[0 items] subCode=9 aigc=null]]
23:33:38 [log] [sess-diag] engineFetch GET /experimental/session?roots=true&limit=2000 -> HTTP 200 elapsed=34ms responseBytes=38752 engineUrl= http://127.0.0.1:53459 engineId= (default)
23:33:38 [log] [sess-diag] loadEngineSessions: 原始条数 = 18
23:33:38 [log] [sess-diag] loadEngineSessions: reconcile 后 convos = 18 order = 18
23:33:38 [log] [sess-diag] loadEngineSessions: 耗时(ms) fetch = 39 repoRoots = 45 build+reconcile = 2 set = 1 total = 87
23:34:08 [log] [sess-diag] engineFetch GET /experimental/session?roots=true&limit=2000 -> HTTP 200 elapsed=34ms responseBytes=38752 engineUrl= http://127.0.0.1:53459 engineId= (default)
23:34:08 [log] [sess-diag] loadEngineSessions: 原始条数 = 18
23:34:08 [log] [sess-diag] loadEngineSessions: reconcile 后 convos = 18 order = 18
23:34:08 [log] [sess-diag] loadEngineSessions: 耗时(ms) fetch = 39 repoRoots = 3 build+reconcile = 4 set = 1 total = 46
23:34:33 [log] [sess-diag] engineFetch GET /session/ses_ffe5f298357dfffeN82Wln2VmT/recovery -> HTTP 200 elapsed=135ms responseBytes=2 engineUrl= http://127.0.0.1:53459 engineId= mimocode
23:34:33 [log] [sess-diag] engineFetch GET /session/ses_ffe5f298357dfffeN82Wln2VmT/message -> HTTP 200 elapsed=106ms responseBytes=3884630 engineUrl= http://127.0.0.1:53459 engineId= mimocode
23:34:33 [log] [sess-diag] engineFetch GET /session/ses_ffe5f298357dfffeN82Wln2VmT/actors -> HTTP 200 elapsed=13ms responseBytes=579 engineUrl= http://127.0.0.1:53459 engineId= mimocode
23:34:38 [log] [sess-diag] engineFetch GET /experimental/session?roots=true&limit=2000 -> HTTP 200 elapsed=41ms responseBytes=38752 engineUrl= http://127.0.0.1:53459 engineId= (default)
23:34:38 [log] [sess-diag] loadEngineSessions: 原始条数 = 18
23:34:38 [log] [sess-diag] loadEngineSessions: reconcile 后 convos = 18 order = 18
23:34:38 [log] [sess-diag] loadEngineSessions: 耗时(ms) fetch = 46 repoRoots = 3 build+reconcile = 5 set = 1 total = 54
23:35:08 [log] [sess-diag] engineFetch GET /experimental/session?roots=true&limit=2000 -> HTTP 200 elapsed=62ms responseBytes=38752 engineUrl= http://127.0.0.1:53459 engineId= (default)
23:35:08 [log] [sess-diag] loadEngineSessions: 原始条数 = 18
23:35:08 [log] [sess-diag] loadEngineSessions: reconcile 后 convos = 18 order = 18
23:35:08 [log] [sess-diag] loadEngineSessions: 耗时(ms) fetch = 68 repoRoots = 3 build+reconcile = 8 set = 1 total = 80
23:35:38 [log] [sess-diag] engineFetch GET /experimental/session?roots=true&limit=2000 -> HTTP 200 elapsed=29ms responseBytes=38752 engineUrl= http://127.0.0.1:53459 engineId= (default)
23:35:38 [log] [sess-diag] loadEngineSessions: 原始条数 = 18
23:35:38 [log] [sess-diag] loadEngineSessions: reconcile 后 convos = 18 order = 18
23:35:38 [log] [sess-diag] loadEngineSessions: 耗时(ms) fetch = 33 repoRoots = 2 build+reconcile = 4 set = 1 total = 40
23:35:50 [info] [exit-app] quit via tray menu
23:35:50 [info] [exit-app] before-quit
23:35:50 [info] [window] window closed
23:35:50 [info] [exit-app] window-all-closed platform=win32 appQuitting=true willQuit=false
23:36:01 [info] [boot] MiMo Desktop version=26.923.232338 platform=win32 arch=arm64 os=Windows_NT/10.0.26200 sysver=10.0.26200 mem=7.7GB(free 2.9GB) edition=domestic packaged=true theme=system e2e=false authBypass=false logs=C:\Users\xiaomi\AppData\Roaming\Xiaomi MiMo\logs
23:36:02 [info] [terminal-env] snapshot source: win-registry
23:36:02 [info] [runtimes] injected env: MIMO_NODE,MIMO_PYTHON,MIMO_QPDF,MIMO_GITHUB_MCP_SERVER,MIMO_NODE_MODULES,MIMO_RIPGREP_PATH,MIMO_ELECTRON_NODE_HOST,PYTHONDONTWRITEBYTECODE
23:36:02 [log] [api-base] cached-region reader injected after settle -> ignored
23:36:02 [log] [api-base] system-country reader injected after settle -> ignored
23:36:02 [info] [user-auth] init ok requiresCnAccount=true cachedRegion=CN localeCountry=CN
23:36:02 [warn] [libreoffice-runtime] setup not-configured key=win32-arm64 (manifest 缺项或未发布;静默降级)
23:36:02 [info] [on-demand-assets] setup ready descriptors=soundfont(1f),query-classifier(4f) not-configured=none
23:36:02 [info] [engine] reloadConfigOnNextSession (plugin change)
23:36:02 [error] [plugins] registry corrupt/unreadable at startup seed; closing automation HostMcp gate
23:36:02 [info] [engine] reloadConfigOnNextSession (plugin change)
23:36:02 [info] [plugins] setup ok count=0
23:36:02 [info] [apm] region=CN source=cache
23:36:02 [log] [evolve-observatory] evolve observatory server listening on 127.0.0.1:52207
23:36:02 [log] [mimo][api] listening on 127.0.0.1:52208
23:36:02 [info] [boot] app ready in 991.049072265625ms
23:36:02 [error] [plugins] registry corrupt/unreadable at readiness settle; keeping automation HostMcp gate closed
23:36:02 [info] [engine] reloadConfigOnNextSession (plugin change)
23:36:02 [info] [presentation-host] started socket=C:\Users\xiaomi\AppData\Roaming\Xiaomi MiMo\presentation-host\51bda064a60d.sock
23:36:02 [info] [application] activated (main window created)
23:36:02 [info] [tray] enabled=true
23:36:02 [info] [updater] setup begin
23:36:02 [info] [updater] setup platform=win32 packaged=true version=26.923.232338 e2e=false
23:36:02 [info] [updater/win] transaction reconcile kind=none
23:36:02 [info] [updater/win] auto-updater path feed=https://mimocode-cdn.xiaomimimo.com/mimocode/mimodesktop/manifest.json
23:36:02 [info] [engine] prewarm startEngine
23:36:02 [info] [plugins] automation background startup settled {"elapsedMs":687}
23:36:04 [info] [db] prewarm ok in 1873ms
23:36:04 [info] [artifacts] reconciliation starting
23:36:04 [log] [xiaomi-auth] probeStatus start (hidden-window path)
23:36:04 [info] [engine] HostMcp runtime available=true
23:36:04 [info] [engine] reloadConfigOnNextSession (plugin change)
23:36:07 [log] [DeviceId] generated:
23:36:07 [warn] [query-classification] warmup-unavailable {"code":"inference-failed"}
23:36:09 [log] [mimo] engine in-process server ready http://127.0.0.1:61534
23:36:09 [info] [engine] prewarm ok
23:36:09 [info] [mimo] loop_streak_recovery=on · experimental crop enabled for next requests
23:36:09 [info] [libreoffice-runtime] prefetch skipped (not-configured)
23:36:09 [info] [on-demand-assets] prefetch start queue=[soundfont,query-classifier]
23:36:09 [info] [on-demand-assets] soundfont cache-hit (1 files);skip download
23:36:09 [info] [on-demand-assets] query-classifier cache-hit (4 files);skip download
23:36:09 [log] [model-catalog] xiaomi login not confirmed -> skip fetch, keep cache
23:36:09 [info] Checking for update
23:36:10 [log] [xiaomi-auth] probeStatus done kind=authenticated userId=602054437
23:36:11 [info] [experiment] initializing app=mimoDesktop(新加坡) env=ksmoscloudsrv service=<sdk-default>
23:36:11 [info] [config] loading from: https://cdn-exp-sg-recommend.pt.xiaomi.com/service/getClientBitMapExpConf/mimoDesktop(%E6%96%B0%E5%8A%A0%E5%9D%A1)
23:36:11 [info] [user-auth] initialize done xiaomi-logged-in=true
23:36:11 [info] Update for version 26.923.232338 is not available (latest version: 26.923.232338, downgrade is disallowed).
23:36:11 [info] [config] loaded tree for mimoDesktop(新加坡): children=2, upRuleIds=0
23:36:11 [info] [config] remote config loaded: 1 apps
23:36:11 [info] [config] loaded successfully: 1 apps
23:36:11 [info] [experiment] key=feature_gates id=101197 type=string value={\n    "domestic": { "show_mcp_entry": false, "show_custom_model_button": true, "loop_streak_recovery": true, "show_evolve_entry": true,"show_computeruse": false, "show_browseruse": false, "show_pay": … elapsed=66ms
23:36:11 [info] [feature-gates] refresh: ok (elapsed=87ms)
23:36:11 [error] (node:3268) [DEP0180] DeprecationWarning: fs.Stats constructor is deprecated.\n(Use `Xiaomi MiMo --trace-deprecation ...` to show where the warning was created)
23:36:12 [log] [sess-diag] engineFetch GET /experimental/session?roots=true&limit=2000 -> HTTP 200 elapsed=2802ms responseBytes=38752 engineUrl= http://127.0.0.1:61534 engineId= (default)
23:36:12 [log] [sess-diag] loadEngineSessions: 原始条数 = 18
23:36:12 [log] [sess-diag] loadEngineSessions: reconcile 后 convos = 18 order = 18
23:36:12 [log] [sess-diag] loadEngineSessions: 耗时(ms) fetch = 2837 repoRoots = 15 build+reconcile = 7 set = 1 total = 2860
23:36:12 [info] [artifacts] reconciliation started
23:37:10 [info] [boot] MiMo Desktop version=26.923.232338 platform=win32 arch=arm64 os=Windows_NT/10.0.26200 sysver=10.0.26200 mem=7.7GB(free 2.7GB) edition=domestic packaged=true theme=system e2e=false authBypass=false logs=C:\Users\xiaomi\AppData\Roaming\Xiaomi MiMo\logs
23:37:10 [info] [terminal-env] snapshot source: win-registry
23:37:10 [info] [runtimes] injected env: MIMO_NODE,MIMO_PYTHON,MIMO_QPDF,MIMO_GITHUB_MCP_SERVER,MIMO_NODE_MODULES,MIMO_RIPGREP_PATH,MIMO_ELECTRON_NODE_HOST,PYTHONDONTWRITEBYTECODE
23:37:10 [log] [api-base] cached-region reader injected after settle -> ignored
23:37:10 [log] [api-base] system-country reader injected after settle -> ignored
23:37:10 [info] [user-auth] init ok requiresCnAccount=true cachedRegion=CN localeCountry=CN
23:37:10 [warn] [libreoffice-runtime] setup not-configured key=win32-arm64 (manifest 缺项或未发布;静默降级)
23:37:10 [info] [on-demand-assets] setup ready descriptors=soundfont(1f),query-classifier(4f) not-configured=none
23:37:10 [info] [engine] reloadConfigOnNextSession (plugin change)
23:37:10 [error] [plugins] registry corrupt/unreadable at startup seed; closing automation HostMcp gate
23:37:10 [info] [engine] reloadConfigOnNextSession (plugin change)
23:37:10 [info] [plugins] setup ok count=0
23:37:10 [info] [apm] region=CN source=cache
23:37:11 [log] [evolve-observatory] evolve observatory server listening on 127.0.0.1:56431
23:37:11 [log] [mimo][api] listening on 127.0.0.1:56432
23:37:11 [info] [boot] app ready in 892.8330078125ms
23:37:11 [error] [plugins] registry corrupt/unreadable at readiness settle; keeping automation HostMcp gate closed
23:37:11 [info] [engine] reloadConfigOnNextSession (plugin change)
23:37:11 [info] [presentation-host] started socket=C:\Users\xiaomi\AppData\Roaming\Xiaomi MiMo\presentation-host\c5bb01878810.sock
23:37:11 [info] [application] activated (main window created)
23:37:11 [info] [tray] enabled=true
23:37:11 [info] [updater] setup begin
23:37:11 [info] [updater] setup platform=win32 packaged=true version=26.923.232338 e2e=false
23:37:11 [info] [updater/win] transaction reconcile kind=none
23:37:11 [info] [updater/win] auto-updater path feed=https://mimocode-cdn.xiaomimimo.com/mimocode/mimodesktop/manifest.json
23:37:11 [info] [engine] prewarm startEngine
23:37:11 [info] [plugins] automation background startup settled {"elapsedMs":738}
23:37:13 [info] [db] prewarm ok in 1887ms
23:37:13 [info] [artifacts] reconciliation starting
23:37:13 [log] [xiaomi-auth] probeStatus start (hidden-window path)
23:37:13 [info] [engine] HostMcp runtime available=true
23:37:13 [info] [engine] reloadConfigOnNextSession (plugin change)
23:37:13 [warn] [query-classification] warmup-unavailable {"code":"inference-failed"}
23:37:15 [log] [DeviceId] generated:
23:37:17 [log] [mimo] engine in-process server ready http://127.0.0.1:61360
23:37:17 [info] [engine] prewarm ok
23:37:17 [info] [mimo] loop_streak_recovery=on · experimental crop enabled for next requests
23:37:17 [info] [libreoffice-runtime] prefetch skipped (not-configured)
23:37:17 [info] [on-demand-assets] prefetch start queue=[soundfont,query-classifier]
23:37:17 [info] [on-demand-assets] soundfont cache-hit (1 files);skip download
23:37:17 [info] [on-demand-assets] query-classifier cache-hit (4 files);skip download
23:37:17 [log] [model-catalog] xiaomi login not confirmed -> skip fetch, keep cache
23:37:17 [info] Checking for update
23:37:17 [info] [artifacts] reconciliation started
23:37:18 [log] [xiaomi-auth] probeStatus done kind=authenticated userId=602054437
23:37:19 [info] [experiment] initializing app=mimoDesktop(新加坡) env=ksmoscloudsrv service=<sdk-default>
23:37:19 [info] [config] loading from: https://cdn-exp-sg-recommend.pt.xiaomi.com/service/getClientBitMapExpConf/mimoDesktop(%E6%96%B0%E5%8A%A0%E5%9D%A1)
23:37:19 [info] [user-auth] initialize done xiaomi-logged-in=true
23:37:19 [info] Update for version 26.923.232338 is not available (latest version: 26.923.232338, downgrade is disallowed).
23:37:20 [error] (node:11296) [DEP0180] DeprecationWarning: fs.Stats constructor is deprecated.\n(Use `Xiaomi MiMo --trace-deprecation ...` to show where the warning was created)
23:37:20 [info] [config] loaded tree for mimoDesktop(新加坡): children=2, upRuleIds=0
23:37:20 [info] [config] remote config loaded: 1 apps
23:37:20 [info] [config] loaded successfully: 1 apps
23:37:20 [info] [experiment] key=feature_gates id=101197 type=string value={\n    "domestic": { "show_mcp_entry": false, "show_custom_model_button": true, "loop_streak_recovery": true, "show_evolve_entry": true,"show_computeruse": false, "show_browseruse": false, "show_pay": … elapsed=915ms
23:37:20 [info] [feature-gates] refresh: ok (elapsed=939ms)
23:37:20 [log] [sess-diag] engineFetch GET /experimental/session?roots=true&limit=2000 -> HTTP 200 elapsed=2840ms responseBytes=38752 engineUrl= http://127.0.0.1:61360 engineId= (default)
23:37:20 [log] [sess-diag] loadEngineSessions: 原始条数 = 18
23:37:20 [log] [sess-diag] loadEngineSessions: reconcile 后 convos = 18 order = 18
23:37:20 [log] [sess-diag] loadEngineSessions: 耗时(ms) fetch = 2871 repoRoots = 12 build+reconcile = 6 set = 1 total = 2890
23:37:31 [log] [sess-diag] engineFetch GET /session/ses_ffe5f298357dfffeN82Wln2VmT/recovery -> HTTP 200 elapsed=115ms responseBytes=2 engineUrl= http://127.0.0.1:61360 engineId= (default)
23:37:31 [log] [sess-diag] engineFetch GET /session/ses_ffe5f298357dfffeN82Wln2VmT/message -> HTTP 200 elapsed=77ms responseBytes=3884630 engineUrl= http://127.0.0.1:61360 engineId= (default)
23:37:32 [log] [sess-diag] engineFetch GET /session/ses_ffe5f298357dfffeN82Wln2VmT/actors -> HTTP 200 elapsed=299ms responseBytes=579 engineUrl= http://127.0.0.1:61360 engineId= (default)
23:37:44 [log] [sess-diag] engineFetch GET /experimental/session?roots=true&limit=2000 -> HTTP 200 elapsed=49ms responseBytes=38752 engineUrl= http://127.0.0.1:61360 engineId= (default)
23:37:44 [log] [sess-diag] loadEngineSessions: 原始条数 = 18
23:37:44 [log] [sess-diag] loadEngineSessions: reconcile 后 convos = 18 order = 18
23:37:44 [log] [sess-diag] loadEngineSessions: 耗时(ms) fetch = 54 repoRoots = 1 build+reconcile = 3 set = 2 total = 60
23:37:47 [log] [sess-diag] engineFetch GET /experimental/session?roots=true&limit=2000 -> HTTP 200 elapsed=15ms responseBytes=38752 engineUrl= http://127.0.0.1:61360 engineId= (default)
23:37:47 [log] [sess-diag] loadEngineSessions: 原始条数 = 18
23:37:47 [log] [sess-diag] loadEngineSessions: reconcile 后 convos = 18 order = 18
23:37:47 [log] [sess-diag] loadEngineSessions: 耗时(ms) fetch = 18 repoRoots = 2 build+reconcile = 3 set = 1 total = 23
23:38:17 [log] [sess-diag] engineFetch GET /experimental/session?roots=true&limit=2000 -> HTTP 200 elapsed=14ms responseBytes=38752 engineUrl= http://127.0.0.1:61360 engineId= (default)
23:38:17 [log] [sess-diag] loadEngineSessions: 原始条数 = 18
23:38:17 [log] [sess-diag] loadEngineSessions: reconcile 后 convos = 18 order = 18
23:38:17 [log] [sess-diag] loadEngineSessions: 耗时(ms) fetch = 16 repoRoots = 1 build+reconcile = 2 set = 0 total = 19
23:38:47 [log] [sess-diag] engineFetch GET /experimental/session?roots=true&limit=2000 -> HTTP 200 elapsed=11ms responseBytes=38752 engineUrl= http://127.0.0.1:61360 engineId= (default)
23:38:47 [log] [sess-diag] loadEngineSessions: 原始条数 = 18
23:38:47 [log] [sess-diag] loadEngineSessions: reconcile 后 convos = 18 order = 18
23:38:47 [log] [sess-diag] loadEngineSessions: 耗时(ms) fetch = 16 repoRoots = 41 build+reconcile = 2 set = 1 total = 59
23:39:17 [log] [sess-diag] engineFetch GET /experimental/session?roots=true&limit=2000 -> HTTP 200 elapsed=59ms responseBytes=38752 engineUrl= http://127.0.0.1:61360 engineId= (default)
23:39:17 [log] [sess-diag] loadEngineSessions: 原始条数 = 18
23:39:17 [log] [sess-diag] loadEngineSessions: reconcile 后 convos = 18 order = 18
23:39:17 [log] [sess-diag] loadEngineSessions: 耗时(ms) fetch = 66 repoRoots = 3 build+reconcile = 8 set = 2 total = 79
23:39:47 [log] [sess-diag] engineFetch GET /experimental/session?roots=true&limit=2000 -> HTTP 200 elapsed=41ms responseBytes=38752 engineUrl= http://127.0.0.1:61360 engineId= (default)
23:39:47 [log] [sess-diag] loadEngineSessions: 原始条数 = 18
23:39:47 [log] [sess-diag] loadEngineSessions: reconcile 后 convos = 18 order = 18
23:39:47 [log] [sess-diag] loadEngineSessions: 耗时(ms) fetch = 46 repoRoots = 2 build+reconcile = 5 set = 1 total = 53
23:40:17 [log] [sess-diag] engineFetch GET /experimental/session?roots=true&limit=2000 -> HTTP 200 elapsed=41ms responseBytes=38752 engineUrl= http://127.0.0.1:61360 engineId= (default)
23:40:17 [log] [sess-diag] loadEngineSessions: 原始条数 = 18
23:40:17 [log] [sess-diag] loadEngineSessions: reconcile 后 convos = 18 order = 18
23:40:17 [log] [sess-diag] loadEngineSessions: 耗时(ms) fetch = 45 repoRoots = 2 build+reconcile = 5 set = 1 total = 53
23:40:47 [log] [sess-diag] engineFetch GET /experimental/session?roots=true&limit=2000 -> HTTP 200 elapsed=20ms responseBytes=38752 engineUrl= http://127.0.0.1:61360 engineId= (default)
23:40:47 [log] [sess-diag] loadEngineSessions: 原始条数 = 18
23:40:47 [log] [sess-diag] loadEngineSessions: reconcile 后 convos = 18 order = 18
23:40:47 [log] [sess-diag] loadEngineSessions: 耗时(ms) fetch = 24 repoRoots = 2 build+reconcile = 4 set = 1 total = 31
23:41:17 [log] [sess-diag] engineFetch GET /experimental/session?roots=true&limit=2000 -> HTTP 200 elapsed=38ms responseBytes=38752 engineUrl= http://127.0.0.1:61360 engineId= (default)
23:41:17 [log] [sess-diag] loadEngineSessions: 原始条数 = 18
23:41:17 [log] [sess-diag] loadEngineSessions: reconcile 后 convos = 18 order = 18
23:41:17 [log] [sess-diag] loadEngineSessions: 耗时(ms) fetch = 43 repoRoots = 3 build+reconcile = 5 set = 1 total = 52
23:41:46 [info] [intervention] {"stage":"query","at":1790350906890,"requestId":"a63f2404af1ed220","origin":"b5094fe8d78e452f","elapsedMs":133,"textChars":30,"queryChars":30,"truncated":false,"result":"miss","reviewId":"mimo-intv-mimo_pc_input_text-79f93b2a18ab4f14a32c03b6fc214eb5"}
23:41:47 [info] [content-review] app=mimo_pc_input_text source=input why=oneshot batch=fa6fc7d530d75319 api=/api/audit/check len=30 images=0 sha=ef1ff457d738 session=ses_ffe5f298357dfffeN82Wln2VmT elapsed=135ms verdict=pass reviewId=mimo-mimo_pc_input_text-05d8cbf7118344eea728f5183fbd40fc detail=[serverVerdict=pass resultCode=1 subCode=9 aigc=- hints=0 detailsLen=0 resp=[passed=pass resultCode=1 reviewId=mimo-mimo_pc_input_text-05d8cbf7118344eea728f5183fbd40fc offlineReason= offlineDetails=[0 chars] hint=[0 items] subCode=9 aigc=null]]
23:41:47 [info] [intervention] {"stage":"prepared","at":1790350907028,"requestId":"a63f2404af1ed220","origin":"b5094fe8d78e452f","elapsedMs":271,"textChars":30,"result":"ready","reviewId":"mimo-intv-mimo_pc_input_text-79f93b2a18ab4f14a32c03b6fc214eb5"}
23:41:47 [info] [intervention] {"stage":"claim","at":1790350907047,"requestId":"a63f2404af1ed220","origin":"b5094fe8d78e452f","sessionId":"b5094fe8d78e452f","elapsedMs":290,"textChars":30,"reviewId":"mimo-intv-mimo_pc_input_text-79f93b2a18ab4f14a32c03b6fc214eb5"}
23:41:47 [info] [smart-router] {"origin":"ses_ffe5f298357dfffeN82Wln2VmT","model":"mimo-pro"}
23:41:47 [info] [harness] session origin=ses_ffe5f298357dfffeN82Wln2VmT sid=ses_ffe5f298357dfffeN82Wln2VmT source=user msgLen=30
23:41:47 [info] [turn-power-save] acquired sysId=0 mode=prevent-app-suspension first=run:ses_ffe5f298357dfffeN82Wln2VmT
23:41:47 [info] [intervention] {"stage":"dispatch","at":1790350907458,"requestId":"a63f2404af1ed220","origin":"b5094fe8d78e452f","runId":"74727033e30fa74c","sessionId":"b5094fe8d78e452f","elapsedMs":701,"textChars":30,"reviewId":"mimo-intv-mimo_pc_input_text-79f93b2a18ab4f14a32c03b6fc214eb5"}
23:41:47 [info] [intervention] {"stage":"user-bound","at":1790350907560,"requestId":"a63f2404af1ed220","origin":"b5094fe8d78e452f","runId":"74727033e30fa74c","sessionId":"b5094fe8d78e452f","userId":"545c709cf2d00df7","elapsedMs":803,"textChars":30,"reviewId":"mimo-intv-mimo_pc_input_text-79f93b2a18ab4f14a32c03b6fc214eb5"}
23:41:47 [log] [sess-diag] engineFetch GET /experimental/session?roots=true&limit=2000 -> HTTP 200 elapsed=35ms responseBytes=38752 engineUrl= http://127.0.0.1:61360 engineId= (default)
23:41:47 [log] [sess-diag] loadEngineSessions: 原始条数 = 18
23:41:47 [log] [sess-diag] loadEngineSessions: reconcile 后 convos = 18 order = 18
23:41:47 [log] [sess-diag] loadEngineSessions: 耗时(ms) fetch = 37 repoRoots = 1 build+reconcile = 3 set = 1 total = 42
23:41:48 [info] [intervention] {"stage":"model.start","at":1790350908078,"requestId":"a63f2404af1ed220","origin":"b5094fe8d78e452f","runId":"74727033e30fa74c","sessionId":"b5094fe8d78e452f","userId":"545c709cf2d00df7","assistantId":"a147b44e93be335c","ephemeral":false,"hasScope":true,"route":"upstream"}
23:41:48 [info] [intervention] {"stage":"fetch.start","at":1790350908101,"requestId":"a63f2404af1ed220","origin":"b5094fe8d78e452f","runId":"74727033e30fa74c","sessionId":"b5094fe8d78e452f","userId":"545c709cf2d00df7","assistantId":"a147b44e93be335c","ephemeral":false,"hasScope":true,"protocol":"chat-completions","route":"upstream"}
23:41:54 [info] [intervention] {"stage":"fetch.response","at":1790350914458,"requestId":"a63f2404af1ed220","origin":"b5094fe8d78e452f","runId":"74727033e30fa74c","sessionId":"b5094fe8d78e452f","userId":"545c709cf2d00df7","assistantId":"a147b44e93be335c","elapsedMs":6356,"status":200,"ephemeral":false,"hasScope":true,"protocol":"chat-completions","route":"upstream"}
23:42:14 [info] [content-review/turn-binding] note-no-slot key=ses_ffe5f298357dfffeN82Wln2VmT anchor=msg:msg_g001a0d93ad9ee001hmzhIeqhH
23:42:14 [info] [intervention] {"stage":"output","at":1790350934148,"runId":"74727033e30fa74c","sessionId":"b5094fe8d78e452f","assistantId":"a147b44e93be335c","textChars":17,"reviewSkipped":false}
23:42:17 [log] [perm-autopass] allow permission=bash
23:42:17 [log] [sess-diag] engineFetch GET /experimental/session?roots=true&limit=2000 -> HTTP 200 elapsed=18ms responseBytes=38752 engineUrl= http://127.0.0.1:61360 engineId= (default)
23:42:17 [log] [sess-diag] loadEngineSessions: 原始条数 = 18
23:42:17 [log] [sess-diag] loadEngineSessions: reconcile 后 convos = 18 order = 18
23:42:17 [log] [sess-diag] loadEngineSessions: 耗时(ms) fetch = 20 repoRoots = 1 build+reconcile = 3 set = 1 total = 24
23:42:19 [info] [intervention] {"stage":"model.start","at":1790350939620,"requestId":"a63f2404af1ed220","origin":"b5094fe8d78e452f","runId":"74727033e30fa74c","sessionId":"b5094fe8d78e452f","userId":"545c709cf2d00df7","assistantId":"f6ae9855f3a5ea0d","ephemeral":false,"hasScope":true,"route":"upstream"}
23:42:19 [info] [intervention] {"stage":"fetch.start","at":1790350939642,"requestId":"a63f2404af1ed220","origin":"b5094fe8d78e452f","runId":"74727033e30fa74c","sessionId":"b5094fe8d78e452f","userId":"545c709cf2d00df7","assistantId":"f6ae9855f3a5ea0d","ephemeral":false,"hasScope":true,"protocol":"chat-completions","route":"upstream"}
23:42:24 [info] [intervention] {"stage":"fetch.response","at":1790350944856,"requestId":"a63f2404af1ed220","origin":"b5094fe8d78e452f","runId":"74727033e30fa74c","sessionId":"b5094fe8d78e452f","userId":"545c709cf2d00df7","assistantId":"f6ae9855f3a5ea0d","elapsedMs":5214,"status":200,"ephemeral":false,"hasScope":true,"protocol":"chat-completions","route":"upstream"}
23:42:27 [info] [intervention] {"stage":"output","at":1790350947616,"runId":"74727033e30fa74c","sessionId":"b5094fe8d78e452f","assistantId":"f6ae9855f3a5ea0d","textChars":2,"reviewSkipped":false}
23:42:40 [log] [perm-autopass] allow permission=bash
23:42:43 [info] [intervention] {"stage":"model.start","at":1790350963939,"requestId":"a63f2404af1ed220","origin":"b5094fe8d78e452f","runId":"74727033e30fa74c","sessionId":"b5094fe8d78e452f","userId":"545c709cf2d00df7","assistantId":"e9a64a3529489f3d","ephemeral":false,"hasScope":true,"route":"upstream"}
23:42:43 [info] [intervention] {"stage":"fetch.start","at":1790350963961,"requestId":"a63f2404af1ed220","origin":"b5094fe8d78e452f","runId":"74727033e30fa74c","sessionId":"b5094fe8d78e452f","userId":"545c709cf2d00df7","assistantId":"e9a64a3529489f3d","ephemeral":false,"hasScope":true,"protocol":"chat-completions","route":"upstream"}
23:42:47 [log] [sess-diag] engineFetch GET /experimental/session?roots=true&limit=2000 -> HTTP 200 elapsed=35ms responseBytes=38752 engineUrl= http://127.0.0.1:61360 engineId= (default)
23:42:47 [log] [sess-diag] loadEngineSessions: 原始条数 = 18
23:42:47 [log] [sess-diag] loadEngineSessions: reconcile 后 convos = 18 order = 18
23:42:47 [log] [sess-diag] loadEngineSessions: 耗时(ms) fetch = 107 repoRoots = 2 build+reconcile = 2 set = 1 total = 111
23:43:05 [log] [sess-diag] engineFetch GET /experimental/session?roots=true&limit=2000 -> HTTP 200 elapsed=39ms responseBytes=38752 engineUrl= http://127.0.0.1:61360 engineId= (default)
23:43:05 [log] [sess-diag] loadEngineSessions: 原始条数 = 18
23:43:05 [log] [sess-diag] loadEngineSessions: reconcile 后 convos = 18 order = 18
23:43:05 [log] [sess-diag] loadEngineSessions: 耗时(ms) fetch = 47 repoRoots = 1 build+reconcile = 2 set = 0 total = 51
23:43:07 [log] [sess-diag] engineFetch GET /experimental/session?roots=true&limit=2000 -> HTTP 200 elapsed=48ms responseBytes=38752 engineUrl= http://127.0.0.1:61360 engineId= (default)
23:43:07 [log] [sess-diag] loadEngineSessions: 原始条数 = 18
23:43:07 [log] [sess-diag] loadEngineSessions: reconcile 后 convos = 18 order = 18
23:43:07 [log] [sess-diag] loadEngineSessions: 耗时(ms) fetch = 50 repoRoots = 1 build+reconcile = 2 set = 0 total = 53
23:43:10 [info] [intervention] {"stage":"fetch.response","at":1790350990629,"requestId":"a63f2404af1ed220","origin":"b5094fe8d78e452f","runId":"74727033e30fa74c","sessionId":"b5094fe8d78e452f","userId":"545c709cf2d00df7","assistantId":"e9a64a3529489f3d","elapsedMs":26667,"status":200,"ephemeral":false,"hasScope":true,"protocol":"chat-completions","route":"upstream"}
23:43:11 [info] [intervention] {"stage":"output","at":1790350991698,"runId":"74727033e30fa74c","sessionId":"b5094fe8d78e452f","assistantId":"e9a64a3529489f3d","textChars":4,"reviewSkipped":false}
23:43:17 [log] [sess-diag] engineFetch GET /experimental/session?roots=true&limit=2000 -> HTTP 200 elapsed=19ms responseBytes=38752 engineUrl= http://127.0.0.1:61360 engineId= (default)
23:43:17 [log] [sess-diag] loadEngineSessions: 原始条数 = 18
23:43:17 [log] [sess-diag] loadEngineSessions: reconcile 后 convos = 18 order = 18
23:43:17 [log] [sess-diag] loadEngineSessions: 耗时(ms) fetch = 23 repoRoots = 2 build+reconcile = 4 set = 1 total = 30
23:43:19 [log] [perm-autopass] allow permission=bash
23:43:20 [info] [intervention] {"stage":"model.start","at":1790351000896,"requestId":"a63f2404af1ed220","origin":"b5094fe8d78e452f","runId":"74727033e30fa74c","sessionId":"b5094fe8d78e452f","userId":"545c709cf2d00df7","assistantId":"1737f4d87129e175","ephemeral":false,"hasScope":true,"route":"upstream"}
23:43:20 [info] [intervention] {"stage":"fetch.start","at":1790351000919,"requestId":"a63f2404af1ed220","origin":"b5094fe8d78e452f","runId":"74727033e30fa74c","sessionId":"b5094fe8d78e452f","userId":"545c709cf2d00df7","assistantId":"1737f4d87129e175","ephemeral":false,"hasScope":true,"protocol":"chat-completions","route":"upstream"}
23:43:28 [info] [intervention] {"stage":"fetch.response","at":1790351008243,"requestId":"a63f2404af1ed220","origin":"b5094fe8d78e452f","runId":"74727033e30fa74c","sessionId":"b5094fe8d78e452f","userId":"545c709cf2d00df7","assistantId":"1737f4d87129e175","elapsedMs":7324,"status":200,"ephemeral":false,"hasScope":true,"protocol":"chat-completions","route":"upstream"}
23:43:44 [log] [perm-autopass] allow permission=bash
23:43:46 [info] [intervention] {"stage":"model.start","at":1790351026012,"requestId":"a63f2404af1ed220","origin":"b5094fe8d78e452f","runId":"74727033e30fa74c","sessionId":"b5094fe8d78e452f","userId":"545c709cf2d00df7","assistantId":"b13334b4379c8811","ephemeral":false,"hasScope":true,"route":"upstream"}
23:43:46 [info] [intervention] {"stage":"fetch.start","at":1790351026033,"requestId":"a63f2404af1ed220","origin":"b5094fe8d78e452f","runId":"74727033e30fa74c","sessionId":"b5094fe8d78e452f","userId":"545c709cf2d00df7","assistantId":"b13334b4379c8811","ephemeral":false,"hasScope":true,"protocol":"chat-completions","route":"upstream"}
23:43:47 [log] [sess-diag] engineFetch GET /experimental/session?roots=true&limit=2000 -> HTTP 200 elapsed=17ms responseBytes=38752 engineUrl= http://127.0.0.1:61360 engineId= (default)
23:43:47 [log] [sess-diag] loadEngineSessions: 原始条数 = 18
23:43:47 [log] [sess-diag] loadEngineSessions: reconcile 后 convos = 18 order = 18
23:43:47 [log] [sess-diag] loadEngineSessions: 耗时(ms) fetch = 21 repoRoots = 2 build+reconcile = 4 set = 1 total = 28
23:43:51 [info] [intervention] {"stage":"fetch.response","at":1790351031275,"requestId":"a63f2404af1ed220","origin":"b5094fe8d78e452f","runId":"74727033e30fa74c","sessionId":"b5094fe8d78e452f","userId":"545c709cf2d00df7","assistantId":"b13334b4379c8811","elapsedMs":5242,"status":200,"ephemeral":false,"hasScope":true,"protocol":"chat-completions","route":"upstream"}
23:43:51 [info] [intervention] {"stage":"output","at":1790351031930,"runId":"74727033e30fa74c","sessionId":"b5094fe8d78e452f","assistantId":"b13334b4379c8811","textChars":2,"reviewSkipped":false}
23:43:55 [log] [perm-autopass] allow permission=bash
23:43:56 [info] [intervention] {"stage":"model.start","at":1790351036961,"requestId":"a63f2404af1ed220","origin":"b5094fe8d78e452f","runId":"74727033e30fa74c","sessionId":"b5094fe8d78e452f","userId":"545c709cf2d00df7","assistantId":"36f11e394b9a2844","ephemeral":false,"hasScope":true,"route":"upstream"}
23:43:56 [info] [intervention] {"stage":"fetch.start","at":1790351036981,"requestId":"a63f2404af1ed220","origin":"b5094fe8d78e452f","runId":"74727033e30fa74c","sessionId":"b5094fe8d78e452f","userId":"545c709cf2d00df7","assistantId":"36f11e394b9a2844","ephemeral":false,"hasScope":true,"protocol":"chat-completions","route":"upstream"}
23:44:01 [info] [intervention] {"stage":"fetch.response","at":1790351041923,"requestId":"a63f2404af1ed220","origin":"b5094fe8d78e452f","runId":"74727033e30fa74c","sessionId":"b5094fe8d78e452f","userId":"545c709cf2d00df7","assistantId":"36f11e394b9a2844","elapsedMs":4942,"status":200,"ephemeral":false,"hasScope":true,"protocol":"chat-completions","route":"upstream"}
23:44:02 [info] [intervention] {"stage":"output","at":1790351042103,"runId":"74727033e30fa74c","sessionId":"b5094fe8d78e452f","assistantId":"36f11e394b9a2844","textChars":12,"reviewSkipped":false}
23:44:05 [info] [intervention] {"stage":"closed","at":1790351045678,"requestId":"a63f2404af1ed220","origin":"b5094fe8d78e452f","runId":"74727033e30fa74c","sessionId":"b5094fe8d78e452f","userId":"545c709cf2d00df7","elapsedMs":138921,"textChars":30,"reviewId":"mimo-intv-mimo_pc_input_text-79f93b2a18ab4f14a32c03b6fc214eb5"}
23:44:05 [info] [turn-power-save] released sysId=0 last=run:ses_ffe5f298357dfffeN82Wln2VmT
23:44:05 [log] [sess-diag] engineFetch GET /session/ses_ffe5f298357dfffeN82Wln2VmT/task -> HTTP 200 elapsed=91ms responseBytes=2346 engineUrl= http://127.0.0.1:61360 engineId= mimocode
23:44:05 [log] [sess-diag] engineFetch GET /session/ses_ffe5f298357dfffeN82Wln2VmT/recovery -> HTTP 200 elapsed=101ms responseBytes=2 engineUrl= http://127.0.0.1:61360 engineId= mimocode
23:44:05 [log] [sess-diag] engineFetch GET /session/ses_ffe5f298357dfffeN82Wln2VmT -> HTTP 200 elapsed=107ms responseBytes=29556 engineUrl= http://127.0.0.1:61360 engineId= mimocode
23:44:05 [info] [content-review] app=mimo_pc_output_text source=conversation why=flush batch=8c3097240345d901 api=/api/audit/check len=105 images=0 sha=f0003ce11fed session=ses_ffe5f298357dfffeN82Wln2VmT elapsed=297ms verdict=pass reviewId=mimo-mimo_pc_output_text-b39841f725964163802be063253187df detail=[serverVerdict=pass resultCode=1 subCode=9 aigc=- hints=0 detailsLen=0 resp=[passed=pass resultCode=1 reviewId=mimo-mimo_pc_output_text-b39841f725964163802be063253187df offlineReason= offlineDetails=[0 chars] hint=[0 items] subCode=9 aigc=null]]
23:44:06 [info] [content-review] app=mimo_pc_output_text source=conversation why=flush batch=b77dd4431a99b875 api=/api/audit/check len=85 images=0 sha=da24d2c9d527 session=ses_ffe5f298357dfffeN82Wln2VmT elapsed=161ms verdict=pass reviewId=mimo-mimo_pc_output_text-ea863ff233b74c33b301563beaac470c detail=[serverVerdict=pass resultCode=1 subCode=9 aigc=- hints=0 detailsLen=0 resp=[passed=pass resultCode=1 reviewId=mimo-mimo_pc_output_text-ea863ff233b74c33b301563beaac470c offlineReason= offlineDetails=[0 chars] hint=[0 items] subCode=9 aigc=null]]
23:44:06 [info] [content-review] app=mimo_pc_output_text source=conversation why=flush batch=4eba4715d3d2e3c5 api=/api/audit/check len=23 images=0 sha=91a08b4736a4 session=ses_ffe5f298357dfffeN82Wln2VmT elapsed=125ms verdict=pass reviewId=mimo-mimo_pc_output_text-39efdab880da46639eafe2ee27106b1d detail=[serverVerdict=pass resultCode=1 subCode=9 aigc=- hints=0 detailsLen=0 resp=[passed=pass resultCode=1 reviewId=mimo-mimo_pc_output_text-39efdab880da46639eafe2ee27106b1d offlineReason= offlineDetails=[0 chars] hint=[0 items] subCode=9 aigc=null]]
23:44:06 [info] [content-review] app=mimo_pc_output_text source=conversation why=flush batch=120ff4251c943610 api=/api/audit/check len=8 images=0 sha=f55c551a26b6 session=ses_ffe5f298357dfffeN82Wln2VmT elapsed=108ms verdict=pass reviewId=mimo-mimo_pc_output_text-6ab2b22040de4855a36cb417843b8a55 detail=[serverVerdict=pass resultCode=1 subCode=9 aigc=- hints=0 detailsLen=0 resp=[passed=pass resultCode=1 reviewId=mimo-mimo_pc_output_text-6ab2b22040de4855a36cb417843b8a55 offlineReason= offlineDetails=[0 chars] hint=[0 items] subCode=9 aigc=null]]
23:44:06 [info] [content-review] app=mimo_pc_output_text source=conversation why=flush batch=13de07c5a404cd5d api=/api/audit/check len=361 images=0 sha=e8573bcb3ed2 session=ses_ffe5f298357dfffeN82Wln2VmT elapsed=232ms verdict=pass reviewId=mimo-mimo_pc_output_text-0bd5321ffd6145fd897405c2997034ca detail=[serverVerdict=pass resultCode=1 subCode=9 aigc=- hints=0 detailsLen=0 resp=[passed=pass resultCode=1 reviewId=mimo-mimo_pc_output_text-0bd5321ffd6145fd897405c2997034ca offlineReason= offlineDetails=[0 chars] hint=[0 items] subCode=9 aigc=null]]
23:44:17 [log] [sess-diag] engineFetch GET /experimental/session?roots=true&limit=2000 -> HTTP 200 elapsed=47ms responseBytes=38752 engineUrl= http://127.0.0.1:61360 engineId= (default)
23:44:17 [log] [sess-diag] loadEngineSessions: 原始条数 = 18
23:44:17 [log] [sess-diag] loadEngineSessions: reconcile 后 convos = 18 order = 18
23:44:17 [log] [sess-diag] loadEngineSessions: 耗时(ms) fetch = 52 repoRoots = 58 build+reconcile = 4 set = 1 total = 115
23:44:47 [log] [sess-diag] engineFetch GET /experimental/session?roots=true&limit=2000 -> HTTP 200 elapsed=39ms responseBytes=38752 engineUrl= http://127.0.0.1:61360 engineId= (default)
23:44:47 [log] [sess-diag] loadEngineSessions: 原始条数 = 18
23:44:47 [log] [sess-diag] loadEngineSessions: reconcile 后 convos = 18 order = 18
23:44:47 [log] [sess-diag] loadEngineSessions: 耗时(ms) fetch = 43 repoRoots = 2 build+reconcile = 4 set = 1 total = 50
23:45:17 [log] [sess-diag] engineFetch GET /experimental/session?roots=true&limit=2000 -> HTTP 200 elapsed=50ms responseBytes=38752 engineUrl= http://127.0.0.1:61360 engineId= (default)
23:45:17 [log] [sess-diag] loadEngineSessions: 原始条数 = 18
23:45:17 [log] [sess-diag] loadEngineSessions: reconcile 后 convos = 18 order = 18
23:45:17 [log] [sess-diag] loadEngineSessions: 耗时(ms) fetch = 56 repoRoots = 2 build+reconcile = 8 set = 1 total = 67
23:45:23 [log] [sess-diag] engineFetch GET /session/ses_ffe5f298357dfffeN82Wln2VmT/task -> HTTP 200 elapsed=62ms responseBytes=2346 engineUrl= http://127.0.0.1:61360 engineId= mimocode
23:45:47 [log] [sess-diag] engineFetch GET /experimental/session?roots=true&limit=2000 -> HTTP 200 elapsed=40ms responseBytes=38752 engineUrl= http://127.0.0.1:61360 engineId= (default)
23:45:47 [log] [sess-diag] loadEngineSessions: 原始条数 = 18
23:45:47 [log] [sess-diag] loadEngineSessions: reconcile 后 convos = 18 order = 18
23:45:47 [log] [sess-diag] loadEngineSessions: 耗时(ms) fetch = 45 repoRoots = 2 build+reconcile = 5 set = 1 total = 52
23:46:15 [log] [sess-diag] engineFetch GET /experimental/session?roots=true&limit=2000 -> HTTP 200 elapsed=51ms responseBytes=38752 engineUrl= http://127.0.0.1:61360 engineId= (default)
23:46:15 [log] [sess-diag] loadEngineSessions: 原始条数 = 18
23:46:15 [log] [sess-diag] loadEngineSessions: reconcile 后 convos = 18 order = 18
23:46:15 [log] [sess-diag] loadEngineSessions: 耗时(ms) fetch = 53 repoRoots = 1 build+reconcile = 2 set = 0 total = 56
23:46:18 [info] [exit-app] quit via tray menu
23:46:18 [info] [exit-app] before-quit
23:46:18 [info] [window] window closed
23:46:18 [info] [exit-app] window-all-closed platform=win32 appQuitting=true willQuit=false
23:47:51 [info] [boot] MiMo Desktop version=26.923.232338 platform=win32 arch=arm64 os=Windows_NT/10.0.26200 sysver=10.0.26200 mem=7.7GB(free 2.9GB) edition=domestic packaged=true theme=system e2e=false authBypass=false logs=C:\Users\xiaomi\AppData\Roaming\Xiaomi MiMo\logs
23:47:51 [info] [terminal-env] snapshot source: win-registry
23:47:51 [info] [runtimes] injected env: MIMO_NODE,MIMO_PYTHON,MIMO_QPDF,MIMO_GITHUB_MCP_SERVER,MIMO_NODE_MODULES,MIMO_RIPGREP_PATH,MIMO_ELECTRON_NODE_HOST,PYTHONDONTWRITEBYTECODE
23:47:51 [log] [api-base] cached-region reader injected after settle -> ignored
23:47:51 [log] [api-base] system-country reader injected after settle -> ignored
23:47:51 [info] [user-auth] init ok requiresCnAccount=true cachedRegion=CN localeCountry=CN
23:47:51 [warn] [libreoffice-runtime] setup not-configured key=win32-arm64 (manifest 缺项或未发布;静默降级)
23:47:51 [info] [on-demand-assets] setup ready descriptors=soundfont(1f),query-classifier(4f) not-configured=none
23:47:51 [info] [engine] reloadConfigOnNextSession (plugin change)
23:47:51 [error] [plugins] registry corrupt/unreadable at startup seed; closing automation HostMcp gate
23:47:51 [info] [engine] reloadConfigOnNextSession (plugin change)
23:47:51 [info] [plugins] setup ok count=0
23:47:51 [info] [apm] region=CN source=cache
23:47:52 [log] [evolve-observatory] evolve observatory server listening on 127.0.0.1:55689
23:47:52 [log] [mimo][api] listening on 127.0.0.1:55690
23:47:52 [info] [boot] app ready in 927.924072265625ms
23:47:52 [error] [plugins] registry corrupt/unreadable at readiness settle; keeping automation HostMcp gate closed
23:47:52 [info] [engine] reloadConfigOnNextSession (plugin change)
23:47:52 [info] [presentation-host] started socket=C:\Users\xiaomi\AppData\Roaming\Xiaomi MiMo\presentation-host\656a0347b004.sock
23:47:52 [info] [application] activated (main window created)
23:47:52 [info] [tray] enabled=true
23:47:52 [info] [updater] setup begin
23:47:52 [info] [updater] setup platform=win32 packaged=true version=26.923.232338 e2e=false
23:47:52 [info] [updater/win] transaction reconcile kind=none
23:47:52 [info] [updater/win] auto-updater path feed=https://mimocode-cdn.xiaomimimo.com/mimocode/mimodesktop/manifest.json
23:47:52 [info] [engine] prewarm startEngine
23:47:52 [info] [plugins] automation background startup settled {"elapsedMs":712}
23:47:53 [info] [db] prewarm ok in 1841ms
23:47:53 [info] [artifacts] reconciliation starting
23:47:53 [log] [xiaomi-auth] probeStatus start (hidden-window path)
23:47:54 [info] [engine] HostMcp runtime available=true
23:47:54 [info] [engine] reloadConfigOnNextSession (plugin change)
23:47:54 [warn] [query-classification] warmup-unavailable {"code":"inference-failed"}
23:47:56 [log] [DeviceId] generated:
23:47:58 [log] [mimo] engine in-process server ready http://127.0.0.1:50803
23:47:58 [info] [engine] prewarm ok
23:47:58 [info] [mimo] loop_streak_recovery=on · experimental crop enabled for next requests
23:47:58 [info] [libreoffice-runtime] prefetch skipped (not-configured)
23:47:58 [info] [on-demand-assets] prefetch start queue=[soundfont,query-classifier]
23:47:58 [info] [on-demand-assets] soundfont cache-hit (1 files);skip download
23:47:58 [info] [on-demand-assets] query-classifier cache-hit (4 files);skip download
23:47:58 [log] [model-catalog] xiaomi login not confirmed -> skip fetch, keep cache
23:47:59 [info] Checking for update
23:47:59 [log] [xiaomi-auth] probeStatus done kind=authenticated userId=602054437
23:48:00 [info] [experiment] initializing app=mimoDesktop(新加坡) env=ksmoscloudsrv service=<sdk-default>
23:48:00 [info] [config] loading from: https://cdn-exp-sg-recommend.pt.xiaomi.com/service/getClientBitMapExpConf/mimoDesktop(%E6%96%B0%E5%8A%A0%E5%9D%A1)
23:48:00 [info] [user-auth] initialize done xiaomi-logged-in=true
23:48:00 [info] Update for version 26.923.232338 is not available (latest version: 26.923.232338, downgrade is disallowed).
23:48:01 [info] [config] loaded tree for mimoDesktop(新加坡): children=2, upRuleIds=0
23:48:01 [info] [config] remote config loaded: 1 apps
23:48:01 [info] [config] loaded successfully: 1 apps
23:48:01 [info] [experiment] key=feature_gates id=101197 type=string value={\n    "domestic": { "show_mcp_entry": false, "show_custom_model_button": true, "loop_streak_recovery": true, "show_evolve_entry": true,"show_computeruse": false, "show_browseruse": false, "show_pay": … elapsed=902ms
23:48:01 [info] [feature-gates] refresh: ok (elapsed=913ms)
23:48:01 [error] (node:7756) [DEP0180] DeprecationWarning: fs.Stats constructor is deprecated.\n(Use `Xiaomi MiMo --trace-deprecation ...` to show where the warning was created)
23:48:01 [log] [sess-diag] engineFetch GET /experimental/session?roots=true&limit=2000 -> HTTP 200 elapsed=2814ms responseBytes=38752 engineUrl= http://127.0.0.1:50803 engineId= (default)
23:48:01 [log] [sess-diag] loadEngineSessions: 原始条数 = 18
23:48:01 [log] [sess-diag] loadEngineSessions: reconcile 后 convos = 18 order = 18
23:48:01 [log] [sess-diag] loadEngineSessions: 耗时(ms) fetch = 2846 repoRoots = 15 build+reconcile = 6 set = 1 total = 2867
23:48:02 [info] [artifacts] reconciliation started
23:49:10 [info] [boot] MiMo Desktop version=26.923.232338 platform=win32 arch=arm64 os=Windows_NT/10.0.26200 sysver=10.0.26200 mem=7.7GB(free 2.6GB) edition=domestic packaged=true theme=system e2e=false authBypass=false logs=C:\Users\xiaomi\AppData\Roaming\Xiaomi MiMo\logs
23:49:11 [info] [terminal-env] snapshot source: win-registry
23:49:11 [info] [runtimes] injected env: MIMO_NODE,MIMO_PYTHON,MIMO_QPDF,MIMO_GITHUB_MCP_SERVER,MIMO_NODE_MODULES,MIMO_RIPGREP_PATH,MIMO_ELECTRON_NODE_HOST,PYTHONDONTWRITEBYTECODE
23:49:11 [log] [api-base] cached-region reader injected after settle -> ignored
23:49:11 [log] [api-base] system-country reader injected after settle -> ignored
23:49:11 [info] [user-auth] init ok requiresCnAccount=true cachedRegion=CN localeCountry=CN
23:49:11 [warn] [libreoffice-runtime] setup not-configured key=win32-arm64 (manifest 缺项或未发布;静默降级)
23:49:11 [info] [on-demand-assets] setup ready descriptors=soundfont(1f),query-classifier(4f) not-configured=none
23:49:11 [info] [engine] reloadConfigOnNextSession (plugin change)
23:49:11 [error] [plugins] registry corrupt/unreadable at startup seed; closing automation HostMcp gate
23:49:11 [info] [engine] reloadConfigOnNextSession (plugin change)
23:49:11 [info] [plugins] setup ok count=0
23:49:11 [info] [apm] region=CN source=cache
23:49:11 [log] [evolve-observatory] evolve observatory server listening on 127.0.0.1:61842
23:49:11 [log] [mimo][api] listening on 127.0.0.1:61843
23:49:11 [info] [boot] app ready in 912.51611328125ms
23:49:11 [error] [plugins] registry corrupt/unreadable at readiness settle; keeping automation HostMcp gate closed
23:49:11 [info] [engine] reloadConfigOnNextSession (plugin change)
23:49:11 [info] [presentation-host] started socket=C:\Users\xiaomi\AppData\Roaming\Xiaomi MiMo\presentation-host\0eb4ad8d7d28.sock
23:49:11 [info] [application] activated (main window created)
23:49:11 [info] [tray] enabled=true
23:49:11 [info] [updater] setup begin
23:49:11 [info] [updater] setup platform=win32 packaged=true version=26.923.232338 e2e=false
23:49:11 [info] [updater/win] transaction reconcile kind=none
23:49:11 [info] [updater/win] auto-updater path feed=https://mimocode-cdn.xiaomimimo.com/mimocode/mimodesktop/manifest.json
23:49:11 [info] [engine] prewarm startEngine
23:49:11 [info] [plugins] automation background startup settled {"elapsedMs":749}
23:49:13 [info] [db] prewarm ok in 1901ms
23:49:13 [info] [artifacts] reconciliation starting
23:49:13 [log] [xiaomi-auth] probeStatus start (hidden-window path)
23:49:13 [info] [engine] HostMcp runtime available=true
23:49:13 [info] [engine] reloadConfigOnNextSession (plugin change)
23:49:13 [warn] [query-classification] warmup-unavailable {"code":"inference-failed"}
23:49:15 [log] [DeviceId] generated:
23:49:17 [log] [mimo] engine in-process server ready http://127.0.0.1:60734
23:49:17 [info] [engine] prewarm ok
23:49:17 [info] [mimo] loop_streak_recovery=on · experimental crop enabled for next requests
23:49:18 [info] [libreoffice-runtime] prefetch skipped (not-configured)
23:49:18 [info] [on-demand-assets] prefetch start queue=[soundfont,query-classifier]
23:49:18 [info] [on-demand-assets] soundfont cache-hit (1 files);skip download
23:49:18 [info] [on-demand-assets] query-classifier cache-hit (4 files);skip download
23:49:18 [info] Checking for update
23:49:18 [log] [model-catalog] xiaomi login not confirmed -> skip fetch, keep cache
23:49:18 [info] [artifacts] reconciliation started
23:49:18 [log] [xiaomi-auth] probeStatus done kind=authenticated userId=602054437
23:49:19 [info] [experiment] initializing app=mimoDesktop(新加坡) env=ksmoscloudsrv service=<sdk-default>
23:49:19 [info] [config] loading from: https://cdn-exp-sg-recommend.pt.xiaomi.com/service/getClientBitMapExpConf/mimoDesktop(%E6%96%B0%E5%8A%A0%E5%9D%A1)
23:49:19 [info] [user-auth] initialize done xiaomi-logged-in=true
23:49:19 [info] Update for version 26.923.232338 is not available (latest version: 26.923.232338, downgrade is disallowed).
23:49:20 [error] (node:1864) [DEP0180] DeprecationWarning: fs.Stats constructor is deprecated.\n(Use `Xiaomi MiMo --trace-deprecation ...` to show where the warning was created)
23:49:20 [info] [config] loaded tree for mimoDesktop(新加坡): children=2, upRuleIds=0
23:49:20 [info] [config] remote config loaded: 1 apps
23:49:20 [info] [config] loaded successfully: 1 apps
23:49:20 [info] [experiment] key=feature_gates id=101197 type=string value={\n    "domestic": { "show_mcp_entry": false, "show_custom_model_button": true, "loop_streak_recovery": true, "show_evolve_entry": true,"show_computeruse": false, "show_browseruse": false, "show_pay": … elapsed=1231ms
23:49:20 [info] [feature-gates] refresh: ok (elapsed=1253ms)
23:49:20 [log] [sess-diag] engineFetch GET /experimental/session?roots=true&limit=2000 -> HTTP 200 elapsed=2711ms responseBytes=38752 engineUrl= http://127.0.0.1:60734 engineId= (default)
23:49:20 [log] [sess-diag] loadEngineSessions: 原始条数 = 18
23:49:20 [log] [sess-diag] loadEngineSessions: reconcile 后 convos = 18 order = 18
23:49:20 [log] [sess-diag] loadEngineSessions: 耗时(ms) fetch = 2767 repoRoots = 63 build+reconcile = 10 set = 3 total = 2843
23:49:22 [log] [sess-diag] engineFetch GET /session/ses_ffe5f298357dfffeN82Wln2VmT/task -> HTTP 200 elapsed=324ms responseBytes=2346 engineUrl= http://127.0.0.1:60734 engineId= (default)
23:49:22 [log] [sess-diag] engineFetch GET /session/ses_ffe5f298357dfffeN82Wln2VmT/recovery -> HTTP 200 elapsed=125ms responseBytes=2 engineUrl= http://127.0.0.1:60734 engineId= (default)
23:49:22 [log] [sess-diag] engineFetch GET /session/ses_ffe5f298357dfffeN82Wln2VmT/message -> HTTP 200 elapsed=82ms responseBytes=3944669 engineUrl= http://127.0.0.1:60734 engineId= (default)
23:49:23 [log] [sess-diag] engineFetch GET /session/ses_ffe5f298357dfffeN82Wln2VmT/actors -> HTTP 200 elapsed=137ms responseBytes=579 engineUrl= http://127.0.0.1:60734 engineId= (default)
23:49:48 [log] [sess-diag] engineFetch GET /experimental/session?roots=true&limit=2000 -> HTTP 200 elapsed=12ms responseBytes=38752 engineUrl= http://127.0.0.1:60734 engineId= (default)
23:49:48 [log] [sess-diag] loadEngineSessions: 原始条数 = 18
23:49:48 [log] [sess-diag] loadEngineSessions: reconcile 后 convos = 18 order = 18
23:49:48 [log] [sess-diag] loadEngineSessions: 耗时(ms) fetch = 15 repoRoots = 1 build+reconcile = 3 set = 1 total = 19
23:49:51 [log] [sess-diag] engineFetch GET /experimental/session?roots=true&limit=2000 -> HTTP 200 elapsed=56ms responseBytes=38752 engineUrl= http://127.0.0.1:60734 engineId= (default)
23:49:51 [log] [sess-diag] loadEngineSessions: 原始条数 = 18
23:49:51 [log] [sess-diag] loadEngineSessions: reconcile 后 convos = 18 order = 18
23:49:51 [log] [sess-diag] loadEngineSessions: 耗时(ms) fetch = 61 repoRoots = 2 build+reconcile = 3 set = 2 total = 68
23:49:53 [info] [intervention] {"stage":"query","at":1790351393035,"requestId":"3cfececab54325c2","origin":"b5094fe8d78e452f","elapsedMs":85,"textChars":9,"queryChars":9,"truncated":false,"result":"miss","reviewId":"mimo-intv-mimo_pc_input_text-c9ba0f74b30f4fbfb2e0832b44d8162b"}
23:49:53 [info] [content-review] app=mimo_pc_input_text source=input why=oneshot batch=0629650cb120de0a api=/api/audit/check len=9 images=0 sha=1d87ff857c81 session=ses_ffe5f298357dfffeN82Wln2VmT elapsed=161ms verdict=pass reviewId=mimo-mimo_pc_input_text-78b2485256944c798ec641cb88f62964 detail=[serverVerdict=pass resultCode=1 subCode=9 aigc=- hints=0 detailsLen=0 resp=[passed=pass resultCode=1 reviewId=mimo-mimo_pc_input_text-78b2485256944c798ec641cb88f62964 offlineReason= offlineDetails=[0 chars] hint=[0 items] subCode=9 aigc=null]]
23:49:54 [info] [content-review] app=mimo_pc_input_image source=input_image why=oneshot batch=c679665f59f5a7bf api=/api/audit/check len=0 images=1 sha=75ab09513cc3 session=ses_ffe5f298357dfffeN82Wln2VmT file=[mimo-paste-1790351366366-75ul43.png] media=[n=1 out=111KB tx=130ms] elapsed=998ms verdict=pass reviewId=mimo-mimo_pc_input_image-0f35a62221db46ac99298661fbd5b2ab detail=[serverVerdict=pass resultCode=1 subCode=9 aigc=- hints=0 detailsLen=0 resp=[passed=pass resultCode=1 reviewId=mimo-mimo_pc_input_image-0f35a62221db46ac99298661fbd5b2ab offlineReason= offlineDetails=[0 chars] hint=[0 items] subCode=9 aigc=null]]
23:49:54 [info] [intervention] {"stage":"prepared","at":1790351394037,"requestId":"3cfececab54325c2","origin":"b5094fe8d78e452f","elapsedMs":1088,"textChars":9,"result":"ready","reviewId":"mimo-intv-mimo_pc_input_text-c9ba0f74b30f4fbfb2e0832b44d8162b"}
23:49:54 [info] [intervention] {"stage":"claim","at":1790351394055,"requestId":"3cfececab54325c2","origin":"b5094fe8d78e452f","sessionId":"b5094fe8d78e452f","elapsedMs":1106,"textChars":9,"reviewId":"mimo-intv-mimo_pc_input_text-c9ba0f74b30f4fbfb2e0832b44d8162b"}
23:49:54 [info] [smart-router] {"origin":"ses_ffe5f298357dfffeN82Wln2VmT","model":"mimo-pro"}
23:49:54 [log] [sess-diag] engineFetch GET /session/ses_ffe5f298357dfffeN82Wln2VmT/task -> HTTP 200 elapsed=38ms responseBytes=2346 engineUrl= http://127.0.0.1:60734 engineId= mimocode
23:49:54 [info] [harness] session origin=ses_ffe5f298357dfffeN82Wln2VmT sid=ses_ffe5f298357dfffeN82Wln2VmT source=user msgLen=9
23:49:54 [info] [turn-power-save] acquired sysId=0 mode=prevent-app-suspension first=run:ses_ffe5f298357dfffeN82Wln2VmT
23:49:54 [info] [intervention] {"stage":"dispatch","at":1790351394518,"requestId":"3cfececab54325c2","origin":"b5094fe8d78e452f","runId":"d0e3a46a0ad4d1b5","sessionId":"b5094fe8d78e452f","elapsedMs":1569,"textChars":9,"reviewId":"mimo-intv-mimo_pc_input_text-c9ba0f74b30f4fbfb2e0832b44d8162b"}
23:49:54 [info] [intervention] {"stage":"user-bound","at":1790351394661,"requestId":"3cfececab54325c2","origin":"b5094fe8d78e452f","runId":"d0e3a46a0ad4d1b5","sessionId":"b5094fe8d78e452f","userId":"d8232b7ba7b78af1","elapsedMs":1712,"textChars":9,"reviewId":"mimo-intv-mimo_pc_input_text-c9ba0f74b30f4fbfb2e0832b44d8162b"}
23:49:55 [info] [intervention] {"stage":"model.start","at":1790351395192,"requestId":"3cfececab54325c2","origin":"b5094fe8d78e452f","runId":"d0e3a46a0ad4d1b5","sessionId":"b5094fe8d78e452f","userId":"d8232b7ba7b78af1","assistantId":"f7edf341a27fb48f","ephemeral":false,"hasScope":true,"route":"upstream"}
23:49:55 [info] [intervention] {"stage":"fetch.start","at":1790351395217,"requestId":"3cfececab54325c2","origin":"b5094fe8d78e452f","runId":"d0e3a46a0ad4d1b5","sessionId":"b5094fe8d78e452f","userId":"d8232b7ba7b78af1","assistantId":"f7edf341a27fb48f","ephemeral":false,"hasScope":true,"protocol":"chat-completions","route":"upstream"}
23:50:05 [info] [intervention] {"stage":"fetch.response","at":1790351405066,"requestId":"3cfececab54325c2","origin":"b5094fe8d78e452f","runId":"d0e3a46a0ad4d1b5","sessionId":"b5094fe8d78e452f","userId":"d8232b7ba7b78af1","assistantId":"f7edf341a27fb48f","elapsedMs":9849,"status":200,"ephemeral":false,"hasScope":true,"protocol":"chat-completions","route":"upstream"}
23:50:18 [log] [sess-diag] engineFetch GET /experimental/session?roots=true&limit=2000 -> HTTP 200 elapsed=22ms responseBytes=38752 engineUrl= http://127.0.0.1:60734 engineId= (default)
23:50:18 [log] [sess-diag] loadEngineSessions: 原始条数 = 18
23:50:18 [log] [sess-diag] loadEngineSessions: reconcile 后 convos = 18 order = 18
23:50:18 [log] [sess-diag] loadEngineSessions: 耗时(ms) fetch = 27 repoRoots = 2 build+reconcile = 6 set = 2 total = 36
23:50:18 [info] [content-review/turn-binding] note-no-slot key=ses_ffe5f298357dfffeN82Wln2VmT anchor=msg:msg_g001a0d94248bf001j8U7geSit
23:50:18 [info] [intervention] {"stage":"output","at":1790351418388,"runId":"d0e3a46a0ad4d1b5","sessionId":"b5094fe8d78e452f","assistantId":"f7edf341a27fb48f","textChars":2,"reviewSkipped":false}
23:50:25 [log] [perm-autopass] allow permission=bash
23:50:27 [info] [intervention] {"stage":"model.start","at":1790351427931,"requestId":"3cfececab54325c2","origin":"b5094fe8d78e452f","runId":"d0e3a46a0ad4d1b5","sessionId":"b5094fe8d78e452f","userId":"d8232b7ba7b78af1","assistantId":"eda94cacedfd36ba","ephemeral":false,"hasScope":true,"route":"upstream"}
23:50:27 [info] [intervention] {"stage":"fetch.start","at":1790351427955,"requestId":"3cfececab54325c2","origin":"b5094fe8d78e452f","runId":"d0e3a46a0ad4d1b5","sessionId":"b5094fe8d78e452f","userId":"d8232b7ba7b78af1","assistantId":"eda94cacedfd36ba","ephemeral":false,"hasScope":true,"protocol":"chat-completions","route":"upstream"}
23:50:35 [info] [intervention] {"stage":"fetch.response","at":1790351435471,"requestId":"3cfececab54325c2","origin":"b5094fe8d78e452f","runId":"d0e3a46a0ad4d1b5","sessionId":"b5094fe8d78e452f","userId":"d8232b7ba7b78af1","assistantId":"eda94cacedfd36ba","elapsedMs":7516,"status":200,"ephemeral":false,"hasScope":true,"protocol":"chat-completions","route":"upstream"}
23:50:46 [info] [intervention] {"stage":"output","at":1790351446885,"runId":"d0e3a46a0ad4d1b5","sessionId":"b5094fe8d78e452f","assistantId":"eda94cacedfd36ba","textChars":4,"reviewSkipped":false}
23:50:48 [log] [sess-diag] engineFetch GET /experimental/session?roots=true&limit=2000 -> HTTP 200 elapsed=23ms responseBytes=38752 engineUrl= http://127.0.0.1:60734 engineId= (default)
23:50:48 [log] [sess-diag] loadEngineSessions: 原始条数 = 18
23:50:48 [log] [sess-diag] loadEngineSessions: reconcile 后 convos = 18 order = 18
23:50:48 [log] [sess-diag] loadEngineSessions: 耗时(ms) fetch = 34 repoRoots = 4 build+reconcile = 3 set = 1 total = 41
23:50:57 [log] [perm-autopass] allow permission=bash
23:51:00 [info] [intervention] {"stage":"model.start","at":1790351460606,"requestId":"3cfececab54325c2","origin":"b5094fe8d78e452f","runId":"d0e3a46a0ad4d1b5","sessionId":"b5094fe8d78e452f","userId":"d8232b7ba7b78af1","assistantId":"53de3364b91d9486","ephemeral":false,"hasScope":true,"route":"upstream"}
23:51:00 [info] [intervention] {"stage":"fetch.start","at":1790351460631,"requestId":"3cfececab54325c2","origin":"b5094fe8d78e452f","runId":"d0e3a46a0ad4d1b5","sessionId":"b5094fe8d78e452f","userId":"d8232b7ba7b78af1","assistantId":"53de3364b91d9486","ephemeral":false,"hasScope":true,"protocol":"chat-completions","route":"upstream"}
23:51:07 [info] [intervention] {"stage":"fetch.response","at":1790351467225,"requestId":"3cfececab54325c2","origin":"b5094fe8d78e452f","runId":"d0e3a46a0ad4d1b5","sessionId":"b5094fe8d78e452f","userId":"d8232b7ba7b78af1","assistantId":"53de3364b91d9486","elapsedMs":6594,"status":200,"ephemeral":false,"hasScope":true,"protocol":"chat-completions","route":"upstream"}
23:51:17 [log] [perm-autopass] allow permission=bash
23:51:18 [log] [sess-diag] engineFetch GET /experimental/session?roots=true&limit=2000 -> HTTP 200 elapsed=10ms responseBytes=38752 engineUrl= http://127.0.0.1:60734 engineId= (default)
23:51:18 [log] [sess-diag] loadEngineSessions: 原始条数 = 18
23:51:18 [log] [sess-diag] loadEngineSessions: reconcile 后 convos = 18 order = 18
23:51:18 [log] [sess-diag] loadEngineSessions: 耗时(ms) fetch = 14 repoRoots = 5 build+reconcile = 3 set = 2 total = 23
23:51:19 [info] [intervention] {"stage":"model.start","at":1790351479937,"requestId":"3cfececab54325c2","origin":"b5094fe8d78e452f","runId":"d0e3a46a0ad4d1b5","sessionId":"b5094fe8d78e452f","userId":"d8232b7ba7b78af1","assistantId":"202ded0580d55886","ephemeral":false,"hasScope":true,"route":"upstream"}
23:51:19 [info] [intervention] {"stage":"fetch.start","at":1790351479964,"requestId":"3cfececab54325c2","origin":"b5094fe8d78e452f","runId":"d0e3a46a0ad4d1b5","sessionId":"b5094fe8d78e452f","userId":"d8232b7ba7b78af1","assistantId":"202ded0580d55886","ephemeral":false,"hasScope":true,"protocol":"chat-completions","route":"upstream"}
23:51:32 [info] [intervention] {"stage":"fetch.response","at":1790351492510,"requestId":"3cfececab54325c2","origin":"b5094fe8d78e452f","runId":"d0e3a46a0ad4d1b5","sessionId":"b5094fe8d78e452f","userId":"d8232b7ba7b78af1","assistantId":"202ded0580d55886","elapsedMs":12546,"status":200,"ephemeral":false,"hasScope":true,"protocol":"chat-completions","route":"upstream"}
23:51:33 [info] [intervention] {"stage":"output","at":1790351493598,"runId":"d0e3a46a0ad4d1b5","sessionId":"b5094fe8d78e452f","assistantId":"202ded0580d55886","textChars":2,"reviewSkipped":false}
23:51:35 [info] [intervention] {"stage":"closed","at":1790351495607,"requestId":"3cfececab54325c2","origin":"b5094fe8d78e452f","runId":"d0e3a46a0ad4d1b5","sessionId":"b5094fe8d78e452f","userId":"d8232b7ba7b78af1","elapsedMs":102658,"textChars":9,"reviewId":"mimo-intv-mimo_pc_input_text-c9ba0f74b30f4fbfb2e0832b44d8162b"}
23:51:35 [info] [turn-power-save] released sysId=0 last=run:ses_ffe5f298357dfffeN82Wln2VmT
23:51:35 [info] [content-review] app=mimo_pc_output_text source=conversation why=flush batch=6c687310f7bc6884 api=/api/audit/check len=55 images=0 sha=32a7abd2bffa session=ses_ffe5f298357dfffeN82Wln2VmT elapsed=214ms verdict=pass reviewId=mimo-mimo_pc_output_text-e6f90c0ee31548a69fc4293263af5e5c detail=[serverVerdict=pass resultCode=1 subCode=9 aigc=- hints=0 detailsLen=0 resp=[passed=pass resultCode=1 reviewId=mimo-mimo_pc_output_text-e6f90c0ee31548a69fc4293263af5e5c offlineReason= offlineDetails=[0 chars] hint=[0 items] subCode=9 aigc=null]]
23:51:35 [log] [sess-diag] engineFetch GET /session/ses_ffe5f298357dfffeN82Wln2VmT/task -> HTTP 200 elapsed=225ms responseBytes=2346 engineUrl= http://127.0.0.1:60734 engineId= mimocode
23:51:35 [log] [sess-diag] engineFetch GET /session/ses_ffe5f298357dfffeN82Wln2VmT/recovery -> HTTP 200 elapsed=300ms responseBytes=2 engineUrl= http://127.0.0.1:60734 engineId= mimocode
23:51:35 [log] [sess-diag] engineFetch GET /session/ses_ffe5f298357dfffeN82Wln2VmT -> HTTP 200 elapsed=304ms responseBytes=29556 engineUrl= http://127.0.0.1:60734 engineId= mimocode
23:51:35 [info] [content-review] app=mimo_pc_output_text source=conversation why=flush batch=a616c680d996e95f api=/api/audit/check len=86 images=0 sha=4a905c8bf8e1 session=ses_ffe5f298357dfffeN82Wln2VmT elapsed=155ms verdict=pass reviewId=mimo-mimo_pc_output_text-cb391ca95f0c4c0ba91f416a1aac8502 detail=[serverVerdict=pass resultCode=1 subCode=9 aigc=- hints=0 detailsLen=0 resp=[passed=pass resultCode=1 reviewId=mimo-mimo_pc_output_text-cb391ca95f0c4c0ba91f416a1aac8502 offlineReason= offlineDetails=[0 chars] hint=[0 items] subCode=9 aigc=null]]
23:51:36 [info] [content-review] app=mimo_pc_output_text source=conversation why=flush batch=d131c138d3bd8b3f api=/api/audit/check len=165 images=0 sha=2d259f6a1be5 session=ses_ffe5f298357dfffeN82Wln2VmT elapsed=177ms verdict=pass reviewId=mimo-mimo_pc_output_text-68dbd36b4b0a4419a4879d3882a0e47e detail=[serverVerdict=pass resultCode=1 subCode=9 aigc=- hints=0 detailsLen=0 resp=[passed=pass resultCode=1 reviewId=mimo-mimo_pc_output_text-68dbd36b4b0a4419a4879d3882a0e47e offlineReason= offlineDetails=[0 chars] hint=[0 items] subCode=9 aigc=null]]
23:51:37 [log] [sess-diag] engineFetch GET /experimental/session?roots=true&limit=2000 -> HTTP 200 elapsed=67ms responseBytes=38752 engineUrl= http://127.0.0.1:60734 engineId= (default)
23:51:37 [log] [sess-diag] loadEngineSessions: 原始条数 = 18
23:51:37 [log] [sess-diag] loadEngineSessions: reconcile 后 convos = 18 order = 18
23:51:37 [log] [sess-diag] loadEngineSessions: 耗时(ms) fetch = 70 repoRoots = 3 build+reconcile = 3 set = 2 total = 78
23:51:48 [log] [sess-diag] engineFetch GET /experimental/session?roots=true&limit=2000 -> HTTP 200 elapsed=24ms responseBytes=38752 engineUrl= http://127.0.0.1:60734 engineId= (default)
23:51:48 [log] [sess-diag] loadEngineSessions: 原始条数 = 18
23:51:48 [log] [sess-diag] loadEngineSessions: reconcile 后 convos = 18 order = 18
23:51:48 [log] [sess-diag] loadEngineSessions: 耗时(ms) fetch = 28 repoRoots = 2 build+reconcile = 4 set = 0 total = 34
23:51:52 [info] [intervention] {"stage":"query","at":1790351512439,"requestId":"f223dd5d1a9f0e26","origin":"b5094fe8d78e452f","elapsedMs":86,"textChars":19,"queryChars":19,"truncated":false,"result":"miss","reviewId":"mimo-intv-mimo_pc_input_text-e6d3562a5f0f4f0b856e75cc65d98a65"}
23:51:52 [info] [content-review] app=mimo_pc_input_text source=input why=oneshot batch=40e48d8d50bfa1c5 api=/api/audit/check len=19 images=0 sha=b9a382f526b2 session=ses_ffe5f298357dfffeN82Wln2VmT elapsed=144ms verdict=pass reviewId=mimo-mimo_pc_input_text-f8e2f8f55aca4010be588806cf2b9963 detail=[serverVerdict=pass resultCode=1 subCode=9 aigc=- hints=0 detailsLen=0 resp=[passed=pass resultCode=1 reviewId=mimo-mimo_pc_input_text-f8e2f8f55aca4010be588806cf2b9963 offlineReason= offlineDetails=[0 chars] hint=[0 items] subCode=9 aigc=null]]
23:51:52 [info] [intervention] {"stage":"prepared","at":1790351512585,"requestId":"f223dd5d1a9f0e26","origin":"b5094fe8d78e452f","elapsedMs":232,"textChars":19,"result":"ready","reviewId":"mimo-intv-mimo_pc_input_text-e6d3562a5f0f4f0b856e75cc65d98a65"}
23:51:52 [info] [intervention] {"stage":"claim","at":1790351512598,"requestId":"f223dd5d1a9f0e26","origin":"b5094fe8d78e452f","sessionId":"b5094fe8d78e452f","elapsedMs":245,"textChars":19,"reviewId":"mimo-intv-mimo_pc_input_text-e6d3562a5f0f4f0b856e75cc65d98a65"}
23:51:52 [info] [smart-router] {"origin":"ses_ffe5f298357dfffeN82Wln2VmT","model":"mimo-pro"}
23:51:52 [info] [harness] session origin=ses_ffe5f298357dfffeN82Wln2VmT sid=ses_ffe5f298357dfffeN82Wln2VmT source=user msgLen=19
23:51:52 [info] [turn-power-save] acquired sysId=1 mode=prevent-app-suspension first=run:ses_ffe5f298357dfffeN82Wln2VmT
23:51:52 [info] [intervention] {"stage":"dispatch","at":1790351512702,"requestId":"f223dd5d1a9f0e26","origin":"b5094fe8d78e452f","runId":"dbba850c4bdd6ef3","sessionId":"b5094fe8d78e452f","elapsedMs":349,"textChars":19,"reviewId":"mimo-intv-mimo_pc_input_text-e6d3562a5f0f4f0b856e75cc65d98a65"}
23:51:52 [info] [intervention] {"stage":"user-bound","at":1790351512793,"requestId":"f223dd5d1a9f0e26","origin":"b5094fe8d78e452f","runId":"dbba850c4bdd6ef3","sessionId":"b5094fe8d78e452f","userId":"3e62f559599eaa26","elapsedMs":440,"textChars":19,"reviewId":"mimo-intv-mimo_pc_input_text-e6d3562a5f0f4f0b856e75cc65d98a65"}
23:51:53 [info] [intervention] {"stage":"model.start","at":1790351513020,"requestId":"f223dd5d1a9f0e26","origin":"b5094fe8d78e452f","runId":"dbba850c4bdd6ef3","sessionId":"b5094fe8d78e452f","userId":"3e62f559599eaa26","assistantId":"fa2435ecb8ba74b2","ephemeral":false,"hasScope":true,"route":"upstream"}
23:51:53 [info] [intervention] {"stage":"fetch.start","at":1790351513042,"requestId":"f223dd5d1a9f0e26","origin":"b5094fe8d78e452f","runId":"dbba850c4bdd6ef3","sessionId":"b5094fe8d78e452f","userId":"3e62f559599eaa26","assistantId":"fa2435ecb8ba74b2","ephemeral":false,"hasScope":true,"protocol":"chat-completions","route":"upstream"}
23:51:56 [info] [intervention] {"stage":"fetch.response","at":1790351516577,"requestId":"f223dd5d1a9f0e26","origin":"b5094fe8d78e452f","runId":"dbba850c4bdd6ef3","sessionId":"b5094fe8d78e452f","userId":"3e62f559599eaa26","assistantId":"fa2435ecb8ba74b2","elapsedMs":3535,"status":200,"ephemeral":false,"hasScope":true,"protocol":"chat-completions","route":"upstream"}
23:52:23 [info] [content-review/turn-binding] note-no-slot key=ses_ffe5f298357dfffeN82Wln2VmT anchor=msg:msg_g001a0d9441520001flUnzpphI
23:52:23 [info] [intervention] {"stage":"output","at":1790351543672,"runId":"dbba850c4bdd6ef3","sessionId":"b5094fe8d78e452f","assistantId":"fa2435ecb8ba74b2","textChars":5,"reviewSkipped":false}
23:52:35 [log] [perm-model-approve] start permission=bash model=mimo-pro
23:52:36 [log] [perm-model-approve] http candidate=session:mimo-pro protocol=openai model=mimo-pro host=mimo-server-cn.xiaomimimo.com probe=true status=200
23:52:36 [log] [perm-model-approve] probe candidate=session model=mimo-pro ok=true
23:52:39 [log] [perm-model-approve] http candidate=session:mimo-pro protocol=openai model=mimo-pro host=mimo-server-cn.xiaomimimo.com probe=false status=200
23:52:39 [log] [perm-model-approve] judge permission=bash candidate=session model=mimo-pro queries=2 decision=ask
23:52:39 [log] [sess-diag] engineFetch GET /experimental/session?roots=true&limit=2000 -> HTTP 200 elapsed=73ms responseBytes=38752 engineUrl= http://127.0.0.1:60734 engineId= (default)
23:52:39 [log] [sess-diag] loadEngineSessions: 原始条数 = 18
23:52:39 [log] [sess-diag] loadEngineSessions: reconcile 后 convos = 18 order = 18
23:52:39 [log] [sess-diag] loadEngineSessions: 耗时(ms) fetch = 76 repoRoots = 2 build+reconcile = 8 set = 3 total = 88
23:52:46 [log] [sess-diag] engineFetch GET /experimental/session?roots=true&limit=2000 -> HTTP 200 elapsed=73ms responseBytes=38752 engineUrl= http://127.0.0.1:60734 engineId= (default)
23:52:46 [log] [sess-diag] loadEngineSessions: 原始条数 = 18
23:52:46 [log] [sess-diag] loadEngineSessions: reconcile 后 convos = 18 order = 18
23:52:46 [log] [sess-diag] loadEngineSessions: 耗时(ms) fetch = 81 repoRoots = 1 build+reconcile = 2 set = 1 total = 85
23:52:48 [log] [sess-diag] engineFetch GET /experimental/session?roots=true&limit=2000 -> HTTP 200 elapsed=9ms responseBytes=38752 engineUrl= http://127.0.0.1:60734 engineId= (default)
23:52:48 [log] [sess-diag] loadEngineSessions: 原始条数 = 18
23:52:48 [log] [sess-diag] loadEngineSessions: reconcile 后 convos = 18 order = 18
23:52:48 [log] [sess-diag] loadEngineSessions: 耗时(ms) fetch = 12 repoRoots = 1 build+reconcile = 3 set = 1 total = 17
23:52:49 [info] [intervention] {"stage":"model.start","at":1790351569796,"requestId":"f223dd5d1a9f0e26","origin":"b5094fe8d78e452f","runId":"dbba850c4bdd6ef3","sessionId":"b5094fe8d78e452f","userId":"3e62f559599eaa26","assistantId":"83958e1a50d638b6","ephemeral":false,"hasScope":true,"route":"upstream"}
23:52:49 [info] [intervention] {"stage":"fetch.start","at":1790351569821,"requestId":"f223dd5d1a9f0e26","origin":"b5094fe8d78e452f","runId":"dbba850c4bdd6ef3","sessionId":"b5094fe8d78e452f","userId":"3e62f559599eaa26","assistantId":"83958e1a50d638b6","ephemeral":false,"hasScope":true,"protocol":"chat-completions","route":"upstream"}
23:53:01 [info] [intervention] {"stage":"fetch.response","at":1790351581700,"requestId":"f223dd5d1a9f0e26","origin":"b5094fe8d78e452f","runId":"dbba850c4bdd6ef3","sessionId":"b5094fe8d78e452f","userId":"3e62f559599eaa26","assistantId":"83958e1a50d638b6","elapsedMs":11879,"status":200,"ephemeral":false,"hasScope":true,"protocol":"chat-completions","route":"upstream"}
23:53:18 [log] [sess-diag] engineFetch GET /experimental/session?roots=true&limit=2000 -> HTTP 200 elapsed=19ms responseBytes=38752 engineUrl= http://127.0.0.1:60734 engineId= (default)
23:53:18 [log] [sess-diag] loadEngineSessions: 原始条数 = 18
23:53:18 [log] [sess-diag] loadEngineSessions: reconcile 后 convos = 18 order = 18
23:53:18 [log] [sess-diag] loadEngineSessions: 耗时(ms) fetch = 24 repoRoots = 2 build+reconcile = 5 set = 2 total = 33
23:53:28 [log] [perm-autopass] allow permission=bash
23:53:29 [info] [intervention] {"stage":"model.start","at":1790351609864,"requestId":"f223dd5d1a9f0e26","origin":"b5094fe8d78e452f","runId":"dbba850c4bdd6ef3","sessionId":"b5094fe8d78e452f","userId":"3e62f559599eaa26","assistantId":"7ef8841152c6329e","ephemeral":false,"hasScope":true,"route":"upstream"}
23:53:29 [info] [intervention] {"stage":"fetch.start","at":1790351609887,"requestId":"f223dd5d1a9f0e26","origin":"b5094fe8d78e452f","runId":"dbba850c4bdd6ef3","sessionId":"b5094fe8d78e452f","userId":"3e62f559599eaa26","assistantId":"7ef8841152c6329e","ephemeral":false,"hasScope":true,"protocol":"chat-completions","route":"upstream"}
23:53:39 [info] [intervention] {"stage":"fetch.response","at":1790351619823,"requestId":"f223dd5d1a9f0e26","origin":"b5094fe8d78e452f","runId":"dbba850c4bdd6ef3","sessionId":"b5094fe8d78e452f","userId":"3e62f559599eaa26","assistantId":"7ef8841152c6329e","elapsedMs":9936,"status":200,"ephemeral":false,"hasScope":true,"protocol":"chat-completions","route":"upstream"}
23:53:46 [info] [intervention] {"stage":"output","at":1790351626269,"runId":"dbba850c4bdd6ef3","sessionId":"b5094fe8d78e452f","assistantId":"7ef8841152c6329e","textChars":2,"reviewSkipped":false}
23:53:48 [log] [sess-diag] engineFetch GET /experimental/session?roots=true&limit=2000 -> HTTP 200 elapsed=19ms responseBytes=38752 engineUrl= http://127.0.0.1:60734 engineId= (default)
23:53:48 [log] [sess-diag] loadEngineSessions: 原始条数 = 18
23:53:48 [log] [sess-diag] loadEngineSessions: reconcile 后 convos = 18 order = 18
23:53:48 [log] [sess-diag] loadEngineSessions: 耗时(ms) fetch = 25 repoRoots = 2 build+reconcile = 5 set = 1 total = 33
23:53:50 [log] [perm-autopass] allow permission=bash
23:53:52 [info] [intervention] {"stage":"model.start","at":1790351632412,"requestId":"f223dd5d1a9f0e26","origin":"b5094fe8d78e452f","runId":"dbba850c4bdd6ef3","sessionId":"b5094fe8d78e452f","userId":"3e62f559599eaa26","assistantId":"0036e9e9ab9f054e","ephemeral":false,"hasScope":true,"route":"upstream"}
23:53:52 [info] [intervention] {"stage":"fetch.start","at":1790351632437,"requestId":"f223dd5d1a9f0e26","origin":"b5094fe8d78e452f","runId":"dbba850c4bdd6ef3","sessionId":"b5094fe8d78e452f","userId":"3e62f559599eaa26","assistantId":"0036e9e9ab9f054e","ephemeral":false,"hasScope":true,"protocol":"chat-completions","route":"upstream"}
23:54:06 [info] [intervention] {"stage":"fetch.response","at":1790351646930,"requestId":"f223dd5d1a9f0e26","origin":"b5094fe8d78e452f","runId":"dbba850c4bdd6ef3","sessionId":"b5094fe8d78e452f","userId":"3e62f559599eaa26","assistantId":"0036e9e9ab9f054e","elapsedMs":14493,"status":200,"ephemeral":false,"hasScope":true,"protocol":"chat-completions","route":"upstream"}
23:54:08 [info] [intervention] {"stage":"output","at":1790351648718,"runId":"dbba850c4bdd6ef3","sessionId":"b5094fe8d78e452f","assistantId":"0036e9e9ab9f054e","textChars":3,"reviewSkipped":false}
23:54:16 [log] [perm-autopass] allow permission=bash
23:54:18 [log] [sess-diag] engineFetch GET /experimental/session?roots=true&limit=2000 -> HTTP 200 elapsed=12ms responseBytes=38752 engineUrl= http://127.0.0.1:60734 engineId= (default)
23:54:18 [log] [sess-diag] loadEngineSessions: 原始条数 = 18
23:54:18 [log] [sess-diag] loadEngineSessions: reconcile 后 convos = 18 order = 18
23:54:18 [log] [sess-diag] loadEngineSessions: 耗时(ms) fetch = 15 repoRoots = 1 build+reconcile = 2 set = 1 total = 19
23:54:18 [info] [intervention] {"stage":"model.start","at":1790351658660,"requestId":"f223dd5d1a9f0e26","origin":"b5094fe8d78e452f","runId":"dbba850c4bdd6ef3","sessionId":"b5094fe8d78e452f","userId":"3e62f559599eaa26","assistantId":"dbbec1f6ecaf1096","ephemeral":false,"hasScope":true,"route":"upstream"}
23:54:18 [info] [intervention] {"stage":"fetch.start","at":1790351658684,"requestId":"f223dd5d1a9f0e26","origin":"b5094fe8d78e452f","runId":"dbba850c4bdd6ef3","sessionId":"b5094fe8d78e452f","userId":"3e62f559599eaa26","assistantId":"dbbec1f6ecaf1096","ephemeral":false,"hasScope":true,"protocol":"chat-completions","route":"upstream"}
23:54:28 [info] [intervention] {"stage":"fetch.response","at":1790351668984,"requestId":"f223dd5d1a9f0e26","origin":"b5094fe8d78e452f","runId":"dbba850c4bdd6ef3","sessionId":"b5094fe8d78e452f","userId":"3e62f559599eaa26","assistantId":"dbbec1f6ecaf1096","elapsedMs":10300,"status":200,"ephemeral":false,"hasScope":true,"protocol":"chat-completions","route":"upstream"}
23:54:29 [info] [intervention] {"stage":"output","at":1790351669163,"runId":"dbba850c4bdd6ef3","sessionId":"b5094fe8d78e452f","assistantId":"dbbec1f6ecaf1096","textChars":2,"reviewSkipped":false}
23:54:32 [log] [perm-model-approve] start permission=bash model=mimo-pro
23:54:37 [log] [perm-model-approve] http candidate=session:mimo-pro protocol=openai model=mimo-pro host=mimo-server-cn.xiaomimimo.com probe=false status=200
23:54:37 [log] [perm-model-approve] judge permission=bash candidate=session model=mimo-pro queries=2 decision=ask
23:54:45 [info] [intervention] {"stage":"query","at":1790351685233,"requestId":"f2de985072501a0d","origin":"b5094fe8d78e452f","elapsedMs":99,"textChars":41,"queryChars":41,"truncated":false,"result":"miss","reviewId":"mimo-intv-mimo_pc_input_text-f29ef6321fa34d1ca6a43b946acf23a8"}
23:54:45 [info] [content-review] app=mimo_pc_input_text source=input why=oneshot batch=af0bc0079c28f08e api=/api/audit/check len=41 images=0 sha=9d0d935afce4 session=ses_ffe5f298357dfffeN82Wln2VmT elapsed=135ms verdict=pass reviewId=mimo-mimo_pc_input_text-e4bb562c37204d5fb6b15045f7aaaa2e detail=[serverVerdict=pass resultCode=1 subCode=9 aigc=- hints=0 detailsLen=0 resp=[passed=pass resultCode=1 reviewId=mimo-mimo_pc_input_text-e4bb562c37204d5fb6b15045f7aaaa2e offlineReason= offlineDetails=[0 chars] hint=[0 items] subCode=9 aigc=null]]
23:54:45 [info] [intervention] {"stage":"prepared","at":1790351685370,"requestId":"f2de985072501a0d","origin":"b5094fe8d78e452f","elapsedMs":236,"textChars":41,"result":"ready","reviewId":"mimo-intv-mimo_pc_input_text-f29ef6321fa34d1ca6a43b946acf23a8"}
23:54:45 [info] [intervention] {"stage":"claim","at":1790351685376,"requestId":"f2de985072501a0d","origin":"b5094fe8d78e452f","sessionId":"b5094fe8d78e452f","elapsedMs":242,"textChars":41,"reviewId":"mimo-intv-mimo_pc_input_text-f29ef6321fa34d1ca6a43b946acf23a8"}
23:54:45 [info] [intervention] {"stage":"dispatch","at":1790351685427,"requestId":"f2de985072501a0d","origin":"b5094fe8d78e452f","runId":"dbba850c4bdd6ef3","sessionId":"b5094fe8d78e452f","elapsedMs":293,"textChars":41,"reviewId":"mimo-intv-mimo_pc_input_text-f29ef6321fa34d1ca6a43b946acf23a8"}
23:54:45 [info] [intervention] {"stage":"user-bound","at":1790351685482,"requestId":"f2de985072501a0d","origin":"b5094fe8d78e452f","runId":"dbba850c4bdd6ef3","sessionId":"b5094fe8d78e452f","userId":"28f50fc0423e8d96","elapsedMs":348,"textChars":41,"reviewId":"mimo-intv-mimo_pc_input_text-f29ef6321fa34d1ca6a43b946acf23a8"}
23:54:48 [info] [intervention] {"stage":"model.start","at":1790351688413,"requestId":"f2de985072501a0d","origin":"b5094fe8d78e452f","runId":"dbba850c4bdd6ef3","sessionId":"b5094fe8d78e452f","userId":"28f50fc0423e8d96","assistantId":"f3c4ffeb39364af1","ephemeral":false,"hasScope":true,"route":"upstream"}
23:54:48 [info] [intervention] {"stage":"fetch.start","at":1790351688435,"requestId":"f2de985072501a0d","origin":"b5094fe8d78e452f","runId":"dbba850c4bdd6ef3","sessionId":"b5094fe8d78e452f","userId":"28f50fc0423e8d96","assistantId":"f3c4ffeb39364af1","ephemeral":false,"hasScope":true,"protocol":"chat-completions","route":"upstream"}
23:54:48 [log] [sess-diag] engineFetch GET /experimental/session?roots=true&limit=2000 -> HTTP 200 elapsed=497ms responseBytes=38752 engineUrl= http://127.0.0.1:60734 engineId= (default)
23:54:48 [log] [sess-diag] loadEngineSessions: 原始条数 = 18
23:54:48 [log] [sess-diag] loadEngineSessions: reconcile 后 convos = 18 order = 18
23:54:48 [log] [sess-diag] loadEngineSessions: 耗时(ms) fetch = 517 repoRoots = 38 build+reconcile = 3 set = 2 total = 560
23:54:58 [info] [intervention] {"stage":"fetch.response","at":1790351698172,"requestId":"f2de985072501a0d","origin":"b5094fe8d78e452f","runId":"dbba850c4bdd6ef3","sessionId":"b5094fe8d78e452f","userId":"28f50fc0423e8d96","assistantId":"f3c4ffeb39364af1","elapsedMs":9737,"status":200,"ephemeral":false,"hasScope":true,"protocol":"chat-completions","route":"upstream"}
23:55:18 [log] [sess-diag] engineFetch GET /experimental/session?roots=true&limit=2000 -> HTTP 200 elapsed=24ms responseBytes=38752 engineUrl= http://127.0.0.1:60734 engineId= (default)
23:55:18 [log] [sess-diag] loadEngineSessions: 原始条数 = 18
23:55:18 [log] [sess-diag] loadEngineSessions: reconcile 后 convos = 18 order = 18
23:55:18 [log] [sess-diag] loadEngineSessions: 耗时(ms) fetch = 28 repoRoots = 2 build+reconcile = 5 set = 1 total = 35
23:55:36 [info] [intervention] {"stage":"output","at":1790351736558,"runId":"dbba850c4bdd6ef3","sessionId":"b5094fe8d78e452f","assistantId":"f3c4ffeb39364af1","textChars":1,"reviewSkipped":false}
23:55:44 [info] [content-review] app=mimo_pc_output_text source=conversation why=limit batch=52758a831e1fbed8 api=/api/audit/check len=390 images=0 sha=ad24f5e13533 session=ses_ffe5f298357dfffeN82Wln2VmT elapsed=218ms verdict=pass reviewId=mimo-mimo_pc_output_text-5890c5e8ed7c4addac91069cb4947e27 detail=[serverVerdict=pass resultCode=1 subCode=9 aigc=- hints=0 detailsLen=0 resp=[passed=pass resultCode=1 reviewId=mimo-mimo_pc_output_text-5890c5e8ed7c4addac91069cb4947e27 offlineReason= offlineDetails=[0 chars] hint=[0 items] subCode=9 aigc=null]]
23:55:48 [log] [sess-diag] engineFetch GET /experimental/session?roots=true&limit=2000 -> HTTP 200 elapsed=23ms responseBytes=38752 engineUrl= http://127.0.0.1:60734 engineId= (default)
23:55:48 [log] [sess-diag] loadEngineSessions: 原始条数 = 18
23:55:48 [log] [sess-diag] loadEngineSessions: reconcile 后 convos = 18 order = 18
23:55:48 [log] [sess-diag] loadEngineSessions: 耗时(ms) fetch = 27 repoRoots = 2 build+reconcile = 4 set = 1 total = 34
23:55:57 [info] [intervention] {"stage":"model.start","at":1790351757537,"requestId":"f2de985072501a0d","origin":"b5094fe8d78e452f","runId":"dbba850c4bdd6ef3","sessionId":"b5094fe8d78e452f","userId":"28f50fc0423e8d96","assistantId":"e6efcd9f308e74aa","ephemeral":false,"hasScope":true,"route":"upstream"}
23:55:57 [info] [intervention] {"stage":"fetch.start","at":1790351757560,"requestId":"f2de985072501a0d","origin":"b5094fe8d78e452f","runId":"dbba850c4bdd6ef3","sessionId":"b5094fe8d78e452f","userId":"28f50fc0423e8d96","assistantId":"e6efcd9f308e74aa","ephemeral":false,"hasScope":true,"protocol":"chat-completions","route":"upstream"}
23:56:18 [log] [sess-diag] engineFetch GET /experimental/session?roots=true&limit=2000 -> HTTP 200 elapsed=19ms responseBytes=38752 engineUrl= http://127.0.0.1:60734 engineId= (default)
23:56:18 [log] [sess-diag] loadEngineSessions: 原始条数 = 18
23:56:18 [log] [sess-diag] loadEngineSessions: reconcile 后 convos = 18 order = 18
23:56:18 [log] [sess-diag] loadEngineSessions: 耗时(ms) fetch = 24 repoRoots = 2 build+reconcile = 5 set = 1 total = 32
23:56:24 [info] [intervention] {"stage":"fetch.response","at":1790351784147,"requestId":"f2de985072501a0d","origin":"b5094fe8d78e452f","runId":"dbba850c4bdd6ef3","sessionId":"b5094fe8d78e452f","userId":"28f50fc0423e8d96","assistantId":"e6efcd9f308e74aa","elapsedMs":26587,"status":200,"ephemeral":false,"hasScope":true,"protocol":"chat-completions","route":"upstream"}
23:56:48 [log] [sess-diag] engineFetch GET /experimental/session?roots=true&limit=2000 -> HTTP 200 elapsed=19ms responseBytes=38752 engineUrl= http://127.0.0.1:60734 engineId= (default)
23:56:48 [log] [sess-diag] loadEngineSessions: 原始条数 = 18
23:56:48 [log] [sess-diag] loadEngineSessions: reconcile 后 convos = 18 order = 18
23:56:48 [log] [sess-diag] loadEngineSessions: 耗时(ms) fetch = 24 repoRoots = 2 build+reconcile = 5 set = 1 total = 32
23:57:18 [log] [sess-diag] engineFetch GET /experimental/session?roots=true&limit=2000 -> HTTP 200 elapsed=18ms responseBytes=38752 engineUrl= http://127.0.0.1:60734 engineId= (default)
23:57:18 [log] [sess-diag] loadEngineSessions: 原始条数 = 18
23:57:18 [log] [sess-diag] loadEngineSessions: reconcile 后 convos = 18 order = 18
23:57:18 [log] [sess-diag] loadEngineSessions: 耗时(ms) fetch = 22 repoRoots = 2 build+reconcile = 4 set = 1 total = 28
23:57:48 [log] [sess-diag] engineFetch GET /experimental/session?roots=true&limit=2000 -> HTTP 200 elapsed=17ms responseBytes=38752 engineUrl= http://127.0.0.1:60734 engineId= (default)
23:57:48 [log] [sess-diag] loadEngineSessions: 原始条数 = 18
23:57:48 [log] [sess-diag] loadEngineSessions: reconcile 后 convos = 18 order = 18
23:57:48 [log] [sess-diag] loadEngineSessions: 耗时(ms) fetch = 22 repoRoots = 2 build+reconcile = 4 set = 1 total = 28
23:58:18 [log] [sess-diag] engineFetch GET /experimental/session?roots=true&limit=2000 -> HTTP 200 elapsed=18ms responseBytes=38752 engineUrl= http://127.0.0.1:60734 engineId= (default)
23:58:18 [log] [sess-diag] loadEngineSessions: 原始条数 = 18
23:58:18 [log] [sess-diag] loadEngineSessions: reconcile 后 convos = 18 order = 18
23:58:18 [log] [sess-diag] loadEngineSessions: 耗时(ms) fetch = 23 repoRoots = 2 build+reconcile = 4 set = 1 total = 29
23:58:48 [log] [sess-diag] engineFetch GET /experimental/session?roots=true&limit=2000 -> HTTP 200 elapsed=18ms responseBytes=38752 engineUrl= http://127.0.0.1:60734 engineId= (default)
23:58:48 [log] [sess-diag] loadEngineSessions: 原始条数 = 18
23:58:48 [log] [sess-diag] loadEngineSessions: reconcile 后 convos = 18 order = 18
23:58:48 [log] [sess-diag] loadEngineSessions: 耗时(ms) fetch = 21 repoRoots = 2 build+reconcile = 4 set = 1 total = 28
23:59:11 [info] [experiment] key=feature_gates id=101197 type=string value={\n    "domestic": { "show_mcp_entry": false, "show_custom_model_button": true, "loop_streak_recovery": true, "show_evolve_entry": true,"show_computeruse": false, "show_browseruse": false, "show_pay": … elapsed=1ms
23:59:11 [info] [feature-gates] refresh: ok (elapsed=35ms)
23:59:18 [log] [sess-diag] engineFetch GET /experimental/session?roots=true&limit=2000 -> HTTP 200 elapsed=19ms responseBytes=38752 engineUrl= http://127.0.0.1:60734 engineId= (default)
23:59:18 [log] [sess-diag] loadEngineSessions: 原始条数 = 18
23:59:18 [log] [sess-diag] loadEngineSessions: reconcile 后 convos = 18 order = 18
23:59:18 [log] [sess-diag] loadEngineSessions: 耗时(ms) fetch = 23 repoRoots = 2 build+reconcile = 4 set = 2 total = 30
23:59:20 [info] [config] loading from: https://cdn-exp-sg-recommend.pt.xiaomi.com/service/getClientBitMapExpConf/mimoDesktop(%E6%96%B0%E5%8A%A0%E5%9D%A1)
23:59:20 [info] [config] loaded tree for mimoDesktop(新加坡): children=2, upRuleIds=0
23:59:20 [info] [config] remote config loaded: 1 apps
23:59:20 [info] [config] loaded successfully: 1 apps
23:59:48 [log] [sess-diag] engineFetch GET /experimental/session?roots=true&limit=2000 -> HTTP 200 elapsed=18ms responseBytes=38752 engineUrl= http://127.0.0.1:60734 engineId= (default)
23:59:48 [log] [sess-diag] loadEngineSessions: 原始条数 = 18
23:59:48 [log] [sess-diag] loadEngineSessions: reconcile 后 convos = 18 order = 18
23:59:48 [log] [sess-diag] loadEngineSessions: 耗时(ms) fetch = 22 repoRoots = 2 build+reconcile = 4 set = 1 total = 28
